# Blender 4.1.1
# www.blender.org
mtllib earth.mtl
o Earth_globe_glowing_hologram
v 0.027061 -2.881496 -0.000658
v -0.061584 -2.867777 -0.268705
v 0.027061 -2.881496 -0.000658
v -0.034498 -2.867777 -0.276092
v 0.027061 -2.881496 -0.000658
v -0.007412 -2.867777 -0.281017
v 0.027061 -2.881496 -0.000658
v 0.020026 -2.867777 -0.282775
v 0.027061 -2.881496 -0.000658
v 0.047816 -2.867777 -0.282424
v 0.027061 -2.881496 -0.000658
v 0.075605 -2.867777 -0.278906
v 0.027061 -2.881496 -0.000658
v 0.102691 -2.867777 -0.272926
v 0.027061 -2.881496 -0.000658
v 0.129074 -2.867777 -0.264132
v 0.027061 -2.881496 -0.000658
v 0.154401 -2.867777 -0.253227
v 0.027061 -2.881496 -0.000658
v 0.178673 -2.867777 -0.239508
v 0.027061 -2.881496 -0.000658
v 0.201186 -2.867777 -0.223327
v 0.027061 -2.881496 -0.000658
v 0.221941 -2.867777 -0.205387
v 0.027061 -2.881496 -0.000658
v 0.240936 -2.867777 -0.185336
v 0.027061 -2.881496 -0.000658
v 0.258173 -2.867777 -0.163526
v -1.633634 1.358359 -1.924123
v -1.538657 1.600728 -1.813668
v -1.353275 1.600728 -1.958948
v -1.071509 1.827969 -1.938194
v -1.256187 1.827969 -1.821056
v -1.428553 1.827969 -1.686328
v -1.586849 1.827969 -1.535772
v -1.708912 1.600728 -1.651855
v -1.814091 1.358359 -1.752109
v -1.901681 1.102624 -1.835126
v -1.970627 0.836336 -1.900907
v -1.712782 1.102624 -2.015583
v -1.436996 1.358359 -2.077494
v -1.154878 1.600728 -2.084529
v -0.876630 1.827969 -2.036689
v -0.612804 2.037622 -1.935028
v -0.799241 2.037622 -1.862916
v -0.977939 2.037622 -1.772863
v -1.147139 2.037622 -1.665926
v -1.304379 2.037622 -1.542807
v -1.448956 2.037622 -1.404562
v -1.579813 2.037622 -1.253302
v -1.729315 1.827969 -1.370089
v -1.861931 1.600728 -1.473509
v -1.976959 1.358359 -1.563210
v -2.072288 1.102624 -1.637433
v -2.147567 0.836336 -1.695826
v -2.201739 0.562309 -1.738038
v -2.234453 0.282302 -1.763717
v -2.020578 0.562309 -1.948043
v -1.774693 0.836336 -2.087695
v -1.506646 1.102624 -2.176341
v -1.226639 1.358359 -2.211166
v -0.944873 1.600728 -2.190411
v -0.672605 1.827969 -2.115133
v -0.420387 2.037622 -1.988145
v -0.197366 2.227578 -1.814724
v -0.373954 2.227578 -1.784120
v -0.547023 2.227578 -1.735928
v -0.714465 2.227578 -1.671554
v -0.874519 2.227578 -1.590999
v -1.026131 2.227578 -1.494615
v -1.167190 2.227578 -1.384160
v -1.297344 2.227578 -1.260338
v -1.414483 2.227578 -1.124555
v -1.517551 2.227578 -0.977868
v -1.694841 2.037622 -1.090082
v -1.854896 1.827969 -1.191040
v -1.997713 1.600728 -1.281092
v -2.120480 1.358359 -1.358833
v -2.222493 1.102624 -1.423558
v -2.303047 0.836336 -1.474213
v -2.361441 0.562309 -1.511148
v -2.396266 0.282302 -1.533661
v -2.407874 0.000185 -1.540697
v -2.396266 -0.282285 -1.533661
v -2.245358 0.000185 -1.772160
v -2.050830 0.282302 -1.976889
v -1.819719 0.562309 -2.139757
v -1.561522 0.836336 -2.254082
v -1.286087 1.102624 -2.316344
v -1.003618 1.358359 -2.323380
v -0.725722 1.600728 -2.275187
v -0.461896 1.827969 -2.173878
v -0.223045 2.037622 -2.022970
v -0.018669 2.227578 -1.828091
v 0.144200 2.395723 -1.597331
v -0.013040 2.395723 -1.600849
v -0.169577 2.395723 -1.589592
v -0.324003 2.395723 -1.562506
v -0.475966 2.395723 -1.520294
v -0.622302 2.395723 -1.464011
v -0.762657 2.395723 -1.392954
v -0.895274 2.395723 -1.308882
v -1.019096 2.395723 -1.212146
v -1.132717 2.395723 -1.104153
v -1.235081 2.395723 -0.984904
v -1.325485 2.395723 -0.856509
v -1.402874 2.395723 -0.719671
v -1.606196 2.227578 -0.821684
v -1.793336 2.037622 -0.915605
v -1.962888 1.827969 -1.000733
v -2.113093 1.600728 -1.076715
v -2.243247 1.358359 -1.141792
v -2.351240 1.102624 -1.196316
v -2.436368 0.836336 -1.239232
v -2.497927 0.562309 -1.269835
v -2.534863 0.282302 -1.288479
v -2.547174 0.000185 -1.294811
v -2.534863 -0.282285 -1.288479
v -2.497927 -0.562292 -1.269835
v -2.361441 -0.562292 -1.511148
v -2.436368 -0.836319 -1.239232
v -2.303047 -0.836319 -1.474213
v -2.351240 -1.102607 -1.196316
v -2.222493 -1.102607 -1.423558
v -2.243247 -1.358342 -1.141792
v -2.120480 -1.358342 -1.358833
v -2.113093 -1.600710 -1.076715
v -1.997713 -1.600710 -1.281092
v -1.962888 -1.827952 -1.000733
v -1.854896 -1.827952 -1.191040
v -1.793336 -2.037606 -0.915605
v -1.694841 -2.037606 -1.090082
v -1.606196 -2.227560 -0.821684
v -1.517551 -2.227560 -0.977868
v -1.402874 -2.395705 -0.719671
v -1.325485 -2.395705 -0.856509
v -1.235081 -2.395705 -0.984904
v -1.414483 -2.227560 -1.124555
v -1.579813 -2.037606 -1.253302
v -1.729315 -1.827952 -1.370089
v -1.861931 -1.600710 -1.473509
v -1.976959 -1.358342 -1.563210
v -2.072288 -1.102607 -1.637433
v -2.147567 -0.836319 -1.695826
v -2.201739 -0.562292 -1.738038
v -2.234453 -0.282285 -1.763717
v -2.060680 0.000185 -1.986386
v -1.846805 0.282302 -2.171064
v -1.601271 0.562309 -2.310364
v -1.333224 0.836336 -2.399362
v -1.052865 1.102624 -2.433835
v -0.771451 1.358359 -2.413432
v -0.498831 1.600728 -2.338154
v -0.246614 1.827969 -2.211166
v -0.023945 2.037622 -2.037744
v 0.160733 2.227578 -1.823870
v 0.300033 2.395723 -1.577984
v 0.388679 2.541354 -1.310289
v 0.258876 2.541354 -1.339134
v 0.126612 2.541354 -1.355315
v -0.007060 2.541354 -1.358481
v -0.139677 2.541354 -1.348632
v -0.271238 2.541354 -1.325767
v -0.399281 2.541354 -1.290238
v -0.523807 2.541354 -1.242046
v -0.643056 2.541354 -1.182245
v -0.755622 2.541354 -1.110837
v -0.860449 2.541354 -1.028523
v -0.956833 2.541354 -0.936712
v -1.043719 2.541354 -0.835754
v -1.120405 2.541354 -0.726706
v -1.186185 2.541354 -0.610623
v -1.240358 2.541354 -0.488560
v -1.466544 2.395723 -0.575798
v -1.678660 2.227578 -0.657408
v -1.874243 2.037622 -0.732686
v -2.051534 1.827969 -0.801281
v -2.208422 1.600728 -0.861785
v -2.344204 1.358359 -0.913847
v -2.456770 1.102624 -0.957466
v -2.546119 0.836336 -0.991587
v -2.609789 0.562309 -1.016211
v -2.648835 0.282302 -1.030985
v -2.661499 0.000185 -1.035910
v -2.648835 -0.282285 -1.030985
v -2.609789 -0.562292 -1.016211
v -2.546119 -0.836319 -0.991587
v -2.456770 -1.102607 -0.957466
v -2.344204 -1.358342 -0.913847
v -2.208422 -1.600710 -0.861785
v -2.051534 -1.827952 -0.801281
v -1.874243 -2.037606 -0.732686
v -1.678660 -2.227560 -0.657408
v -1.466544 -2.395705 -0.575798
v -1.240358 -2.541337 -0.488560
v -1.186185 -2.541337 -0.610623
v -1.120405 -2.541337 -0.726706
v -1.043719 -2.541337 -0.835754
v -0.956833 -2.541337 -0.936712
v -1.132717 -2.395705 -1.104153
v -1.297344 -2.227560 -1.260338
v -1.448956 -2.037606 -1.404562
v -1.586849 -1.827952 -1.535772
v -1.708912 -1.600710 -1.651855
v -1.814091 -1.358342 -1.752109
v -1.901681 -1.102607 -1.835126
v -1.970627 -0.836319 -1.900907
v -2.020578 -0.562292 -1.948043
v -2.050830 -0.282285 -1.976889
v -1.855951 0.000185 -2.181617
v -1.625191 0.282302 -2.344486
v -1.366994 0.562309 -2.458810
v -1.091560 0.836336 -2.521073
v -0.809090 1.102624 -2.528109
v -0.530842 1.358359 -2.479917
v -0.267368 1.600728 -2.378608
v -0.028870 1.827969 -2.227699
v 0.175859 2.037622 -2.032820
v 0.338727 2.227578 -1.801708
v 0.453755 2.395723 -1.543511
v 0.515315 2.541354 -1.268428
v 0.522350 2.662011 -0.985959
v 0.423504 2.662011 -1.029930
v 0.320787 2.662011 -1.063700
v 0.215257 2.662011 -1.087268
v 0.107968 2.662011 -1.100284
v -0.000377 2.662011 -1.103098
v -0.108369 2.662011 -1.095007
v -0.214955 2.662011 -1.076363
v -0.319078 2.662011 -1.047518
v -0.420035 2.662011 -1.008824
v -0.516771 2.662011 -0.959928
v -0.608231 2.662011 -0.901887
v -0.693359 2.662011 -0.835402
v -0.771803 2.662011 -0.760476
v -0.842508 2.662011 -0.678514
v -0.904771 2.662011 -0.590220
v -0.957888 2.662011 -0.495947
v -1.001859 2.662011 -0.396748
v -1.035277 2.662011 -0.294032
v -1.282218 2.541354 -0.361923
v -1.515440 2.395723 -0.427000
v -1.734591 2.227578 -0.487153
v -1.936506 2.037622 -0.543083
v -2.119777 1.827969 -0.593738
v -2.281941 1.600728 -0.638413
v -2.422297 1.358359 -0.677107
v -2.538732 1.102624 -0.709118
v -2.630543 0.836336 -0.734445
v -2.697027 0.562309 -0.753089
v -2.737129 0.282302 -0.763994
v -2.750144 0.000185 -0.767511
v -2.737129 -0.282285 -0.763994
v -2.697027 -0.562292 -0.753089
v -2.630543 -0.836319 -0.734445
v -2.538732 -1.102607 -0.709118
v -2.422297 -1.358342 -0.677107
v -2.281941 -1.600710 -0.638413
v -2.119777 -1.827952 -0.593738
v -1.936506 -2.037606 -0.543083
v -1.734591 -2.227560 -0.487153
v -1.515440 -2.395705 -0.427000
v -1.282218 -2.541337 -0.361923
v -1.035277 -2.661993 -0.294032
v -1.001859 -2.661993 -0.396748
v -0.957888 -2.661993 -0.495947
v -0.904771 -2.661993 -0.590220
v -0.842508 -2.661993 -0.678514
v -0.771803 -2.661993 -0.760476
v -0.693359 -2.661993 -0.835402
v -0.860449 -2.541337 -1.028523
v -1.019096 -2.395705 -1.212146
v -1.167190 -2.227560 -1.384160
v -1.304379 -2.037606 -1.542807
v -1.428553 -1.827952 -1.686328
v -1.538657 -1.600710 -1.813668
v -1.633634 -1.358342 -1.924123
v -1.712782 -1.102607 -2.015583
v -1.774693 -0.836319 -2.087695
v -1.819719 -0.562292 -2.139757
v -1.846805 -0.282285 -2.171064
v -1.632930 0.000185 -2.355391
v -1.387396 0.282302 -2.495043
v -1.119349 0.562309 -2.583688
v -0.838991 0.836336 -2.618513
v -0.557577 1.102624 -2.597759
v -0.285308 1.358359 -2.522832
v -0.033091 1.600728 -2.395492
v 0.189930 1.827969 -2.222070
v 0.374608 2.037622 -2.008196
v 0.513908 2.227578 -1.762662
v 0.602553 2.395723 -1.494615
v 0.637378 2.541354 -1.214256
v 0.616624 2.662011 -0.932842
v 0.541697 2.757339 -0.660574
v 0.474510 2.757339 -0.707711
v 0.402749 2.757339 -0.748164
v 0.327823 2.757339 -0.781230
v 0.250082 2.757339 -0.806909
v 0.169879 2.757339 -0.825201
v 0.088621 2.757339 -0.835051
v 0.006307 2.757339 -0.836810
v -0.075655 2.757339 -0.830829
v -0.156210 2.757339 -0.816759
v -0.235709 2.757339 -0.794949
v -0.311691 2.757339 -0.765049
v -0.385210 2.757339 -0.728465
v -0.454860 2.757339 -0.684494
v -0.519234 2.757339 -0.633840
v -0.578683 2.757339 -0.577205
v -0.632503 2.757339 -0.514942
v -0.679640 2.757339 -0.447755
v -0.720093 2.757339 -0.376346
v -0.753159 2.757339 -0.301067
v -0.778838 2.757339 -0.223327
v -0.796779 2.757339 -0.143124
v -1.059197 2.662011 -0.188502
v -1.311063 2.541354 -0.232121
v -1.549913 2.395723 -0.273278
v -1.773637 2.227578 -0.311972
v -1.980125 2.037622 -0.347852
v -2.167617 1.827969 -0.380215
v -2.333651 1.600728 -0.408708
v -2.476821 1.358359 -0.433684
v -2.595718 1.102624 -0.454438
v -2.689992 0.836336 -0.470619
v -2.757180 0.562309 -0.482228
v -2.798337 0.282302 -0.489263
v -2.812055 0.000185 -0.491725
v -2.798337 -0.282285 -0.489263
v -2.757180 -0.562292 -0.482228
v -2.689992 -0.836319 -0.470619
v -2.595718 -1.102607 -0.454438
v -2.476821 -1.358342 -0.433684
v -2.333651 -1.600710 -0.408708
v -2.167617 -1.827952 -0.380215
v -1.980125 -2.037606 -0.347852
v -1.773637 -2.227560 -0.311972
v -1.549913 -2.395705 -0.273278
v -1.311063 -2.541337 -0.232121
v -1.059197 -2.661993 -0.188502
v -0.796779 -2.757322 -0.143124
v -0.778838 -2.757322 -0.223327
v -0.753159 -2.757322 -0.301067
v -0.720093 -2.757322 -0.376346
v -0.679640 -2.757322 -0.447755
v -0.632503 -2.757322 -0.514942
v -0.578683 -2.757322 -0.577205
v -0.519234 -2.757322 -0.633840
v -0.454860 -2.757322 -0.684494
v -0.608231 -2.661993 -0.901887
v -0.755622 -2.541337 -1.110837
v -0.895274 -2.395705 -1.308882
v -1.026131 -2.227560 -1.494615
v -1.147139 -2.037606 -1.665926
v -1.256187 -1.827952 -1.821056
v -1.353275 -1.600710 -1.958948
v -1.436996 -1.358342 -2.077494
v -1.506646 -1.102607 -2.176341
v -1.561522 -0.836319 -2.254082
v -1.601271 -0.562292 -2.310364
v -1.625191 -0.282285 -2.344486
v -1.394432 0.000185 -2.507003
v -1.136234 0.282302 -2.621679
v -0.860800 0.562309 -2.683942
v -0.578331 0.836336 -2.690977
v -0.300083 1.102624 -2.642785
v -0.036609 1.358359 -2.541124
v 0.202242 1.600728 -2.390216
v 0.406970 1.827969 -2.195688
v 0.569839 2.037622 -1.964577
v 0.684163 2.227578 -1.706731
v 0.746426 2.395723 -1.430945
v 0.753462 2.541354 -1.148827
v 0.705269 2.662011 -0.870579
v 0.603960 2.757339 -0.606754
v 0.453052 2.826286 -0.367903
v 0.415061 2.826286 -0.408356
v 0.372849 2.826286 -0.444237
v 0.327823 2.826286 -0.475544
v 0.279982 2.826286 -0.502982
v 0.229328 2.826286 -0.525143
v 0.176914 2.826286 -0.542732
v 0.123094 2.826286 -0.554692
v 0.068218 2.826286 -0.561376
v 0.012991 2.826286 -0.562783
v -0.041533 2.826286 -0.558561
v -0.096057 2.826286 -0.549064
v -0.149174 2.826286 -0.534289
v -0.200532 2.826286 -0.514590
v -0.250132 2.826286 -0.489615
v -0.296565 2.826286 -0.460066
v -0.339832 2.826286 -0.426297
v -0.380286 2.826286 -0.388306
v -0.416166 2.826286 -0.346094
v -0.447473 2.826286 -0.301067
v -0.474911 2.826286 -0.253227
v -0.497073 2.826286 -0.202573
v -0.514661 2.826286 -0.150159
v -0.526621 2.826286 -0.096339
v -0.533305 2.826286 -0.041815
v -0.806980 2.757339 -0.061866
v -1.072213 2.662011 -0.081213
v -1.327244 2.541354 -0.099856
v -1.569260 2.395723 -0.117796
v -1.795799 2.227578 -0.133978
v -2.004749 2.037622 -0.149456
v -2.194000 1.827969 -0.163175
v -2.362144 1.600728 -0.175486
v -2.507073 1.358359 -0.186391
v -2.627729 1.102624 -0.194834
v -2.722707 0.836336 -0.201869
v -2.791301 0.562309 -0.206794
v -2.832458 0.282302 -0.209960
v -2.846529 0.000185 -0.210663
v -2.832458 -0.282285 -0.209960
v -2.791301 -0.562292 -0.206794
v -2.722707 -0.836319 -0.201869
v -2.627729 -1.102607 -0.194834
v -2.507073 -1.358342 -0.186391
v -2.362144 -1.600710 -0.175486
v -2.194000 -1.827952 -0.163175
v -2.004749 -2.037606 -0.149456
v -1.795799 -2.227560 -0.133978
v -1.569260 -2.395705 -0.117796
v -1.327244 -2.541337 -0.099856
v -1.072213 -2.661993 -0.081213
v -0.806980 -2.757322 -0.061866
v -0.533305 -2.826269 -0.041815
v -0.526621 -2.826269 -0.096339
v -0.514661 -2.826269 -0.150159
v -0.497073 -2.826269 -0.202573
v -0.474911 -2.826269 -0.253227
v -0.447473 -2.826269 -0.301067
v -0.416166 -2.826269 -0.346094
v -0.380286 -2.826269 -0.388306
v -0.339832 -2.826269 -0.426297
v -0.296565 -2.826269 -0.460066
v -0.250132 -2.826269 -0.489615
v -0.385210 -2.757322 -0.728465
v -0.516771 -2.661993 -0.959928
v -0.643056 -2.541337 -1.182245
v -0.762657 -2.395705 -1.392954
v -0.874519 -2.227560 -1.590999
v -0.977939 -2.037606 -1.772863
v -1.071509 -1.827952 -1.938194
v -1.154878 -1.600710 -2.084529
v -1.226639 -1.358342 -2.211166
v -1.286087 -1.102607 -2.316344
v -1.333224 -0.836319 -2.399362
v -1.366994 -0.562292 -2.458810
v -1.387396 -0.282285 -2.495043
v -1.141863 0.000185 -2.633991
v -0.873816 0.282302 -2.723340
v -0.593457 0.562309 -2.757813
v -0.311691 0.836336 -2.737410
v -0.039775 1.102624 -2.661780
v 0.213147 1.358359 -2.535144
v 0.435464 1.600728 -2.361722
v 0.620493 1.827969 -2.147848
v 0.759442 2.037622 -1.902314
v 0.848087 2.227578 -1.634267
v 0.883264 2.395723 -1.353556
v 0.862510 2.541354 -1.071790
v 0.787231 2.662011 -0.799874
v 0.660595 2.757339 -0.547305
v 0.486822 2.826286 -0.324636
v -0.442549 -0.836319 2.716396
v -0.725018 -0.562292 2.723783
v -0.706374 -0.836319 2.657299
v -0.963516 -0.836319 2.572522
v -0.988140 -0.562292 2.636544
v -1.002914 -0.282285 2.675239
v -1.007839 0.000185 2.688254
v -0.735923 -0.282285 2.763532
v -0.454157 -0.562292 2.783935
v -0.173798 -0.836319 2.749462
v 0.094249 -1.102607 2.660465
v -0.166763 -1.102607 2.654484
v -0.426367 -1.102607 2.622474
v -0.681047 -1.102607 2.565487
v -0.929395 -1.102607 2.483526
v -1.168245 -1.102607 2.377995
v -1.211161 -0.836319 2.463123
v -1.241765 -0.562292 2.524331
v -1.260408 -0.282285 2.561618
v -1.266740 0.000185 2.573930
v -1.260408 0.282302 2.561618
v -1.002914 0.282302 2.675239
v -1.241765 0.562309 2.524331
v -0.988140 0.562309 2.636544
v -1.211161 0.836336 2.463123
v -0.963516 0.836336 2.572522
v -1.168245 1.102624 2.377995
v -0.929395 1.102624 2.483526
v -0.681047 1.102624 2.565487
v -0.706374 0.836336 2.657299
v -0.725018 0.562309 2.723783
v -0.735923 0.282302 2.763532
v -0.739440 0.000185 2.776900
v -0.461192 -0.282285 2.825092
v -0.178723 -0.562292 2.818056
v 0.096359 -0.836319 2.755794
v 0.354557 -1.102607 2.641117
v 0.585668 -1.358342 2.478601
v 0.340135 -1.358342 2.521164
v 0.091083 -1.358342 2.539808
v -0.158320 -1.358342 2.533828
v -0.405613 -1.358342 2.503576
v -0.649036 -1.358342 2.449052
v -0.885776 -1.358342 2.370960
v -1.113721 -1.358342 2.270003
v -1.330762 -1.358342 2.146884
v -1.395487 -1.102607 2.249248
v -1.446142 -0.836319 2.329803
v -1.483077 -0.562292 2.387845
v -1.505590 -0.282285 2.423021
v -1.512626 0.000185 2.434630
v -1.505590 0.282302 2.423021
v -1.483077 0.562309 2.387845
v -1.446142 0.836336 2.329803
v -1.395487 1.102624 2.249248
v -1.330762 1.358359 2.146884
v -1.113721 1.358359 2.270003
v -0.885776 1.358359 2.370960
v -0.649036 1.358359 2.449052
v -0.405613 1.358359 2.503576
v -0.426367 1.102624 2.622474
v -0.442549 0.836336 2.716396
v -0.454157 0.562309 2.783935
v -0.461192 0.282302 2.825092
v -0.463655 0.000185 2.838811
v -0.181889 -0.282285 2.859213
v 0.098118 -0.562292 2.824740
v 0.366517 -0.836319 2.736094
v 0.612051 -1.102607 2.596443
v 0.826277 -1.358342 2.412117
v 0.999699 -1.600710 2.189096
v 0.780548 -1.600710 2.273872
v 0.553657 -1.600710 2.336838
v 0.322194 -1.600710 2.376940
v 0.087565 -1.600710 2.394176
v -0.147416 -1.600710 2.388900
v -0.380637 -1.600710 2.360407
v -0.610342 -1.600710 2.308697
v -0.833714 -1.600710 2.235178
v -1.048644 -1.600710 2.139848
v -1.253021 -1.600710 2.024469
v -1.445438 -1.600710 1.888687
v -1.535139 -1.358342 2.003714
v -1.609362 -1.102607 2.099043
v -1.667755 -0.836319 2.173970
v -1.709967 -0.562292 2.228494
v -1.735646 -0.282285 2.260856
v -1.744089 0.000185 2.272113
v -1.735646 0.282302 2.260856
v -1.709967 0.562309 2.228494
v -1.667755 0.836336 2.173970
v -1.609362 1.102624 2.099043
v -1.535139 1.358359 2.003714
v -1.445438 1.600728 1.888687
v -1.253021 1.600728 2.024469
v -1.048644 1.600728 2.139848
v -0.833714 1.600728 2.235178
v -0.610342 1.600728 2.308697
v -0.380637 1.600728 2.360407
v -0.147416 1.600728 2.388900
v -0.158320 1.358359 2.533828
v -0.166763 1.102624 2.654484
v -0.173798 0.836336 2.749462
v -0.178723 0.562309 2.818056
v -0.181889 0.282302 2.859213
v -0.182592 0.000185 2.873284
v 0.099174 -0.282285 2.866249
v 0.374960 -0.562292 2.803986
v 0.633157 -0.836319 2.689661
v 0.863916 -1.102607 2.526793
v 1.058444 -1.358342 2.322064
v 1.209352 -1.600710 2.083214
v 1.311013 -1.827952 1.819388
v 1.126335 -1.827952 1.936878
v 0.931456 -1.827952 2.035373
v 0.727431 -1.827952 2.113817
v 0.516722 -1.827952 2.172211
v 0.301440 -1.827952 2.209850
v 0.083344 -1.827952 2.226032
v -0.135104 -1.827952 2.220755
v -0.352144 -1.827952 2.194021
v -0.565667 -1.827952 2.146532
v -0.773210 -1.827952 2.077938
v -0.972662 -1.827952 1.989644
v -1.162969 -1.827952 1.881651
v -1.342018 -1.827952 1.756070
v -1.507701 -1.827952 1.613604
v -1.623784 -1.600710 1.735667
v -1.724038 -1.358342 1.840846
v -1.807055 -1.102607 1.928436
v -1.872836 -0.836319 1.997383
v -1.919973 -0.562292 2.046982
v -1.948818 -0.282285 2.077234
v -1.958315 0.000185 2.087435
v -1.948818 0.282302 2.077234
v -1.919973 0.562309 2.046982
v -1.872836 0.836336 1.997383
v -1.807055 1.102624 1.928436
v -1.724038 1.358359 1.840846
v -1.623784 1.600728 1.735667
v -1.507701 1.827969 1.613604
v -1.342018 1.827969 1.756070
v -1.162969 1.827969 1.881651
v -0.972662 1.827969 1.989644
v -0.773210 1.827969 2.077938
v -0.565667 1.827969 2.146532
v -0.352144 1.827969 2.194021
v -0.135104 1.827969 2.220755
v 0.083344 1.827969 2.226032
v 0.087565 1.600728 2.394176
v 0.091083 1.358359 2.539808
v 0.094249 1.102624 2.660465
v 0.096359 0.836336 2.755794
v 0.098118 0.562309 2.824740
v 0.099174 0.282302 2.866249
v 0.099526 0.000185 2.879968
v 0.380236 -0.282285 2.845143
v 0.648283 -0.562292 2.756497
v 0.893817 -0.836319 2.617197
v 1.107692 -1.102607 2.432168
v 1.281113 -1.358342 2.209850
v 1.408101 -1.600710 1.957633
v 1.483379 -1.827952 1.685013
v 1.503782 -2.037606 1.403247
v 1.359205 -2.037606 1.541492
v 1.201613 -2.037606 1.664610
v 1.032765 -2.037606 1.771548
v 0.854067 -2.037606 1.861601
v 0.667630 -2.037606 1.933361
v 0.475213 -2.037606 1.986830
v 0.277872 -2.037606 2.021303
v 0.078419 -2.037606 2.036429
v -0.121385 -2.037606 2.031504
v -0.319782 -2.037606 2.006880
v -0.515013 -2.037606 1.963261
v -0.704615 -2.037606 1.900647
v -0.887535 -2.037606 1.819740
v -1.062011 -2.037606 1.721597
v -1.225232 -2.037606 1.606217
v -1.376492 -2.037606 1.475711
v -1.514736 -2.037606 1.331135
v -1.658257 -1.827952 1.455309
v -1.785598 -1.600710 1.565060
v -1.896052 -1.358342 1.660389
v -1.987512 -1.102607 1.739537
v -2.059624 -0.836319 1.801448
v -2.111686 -0.562292 1.846474
v -2.142993 -0.282285 1.873560
v -2.153547 0.000185 1.882706
v -2.142993 0.282302 1.873560
v -2.111686 0.562309 1.846474
v -2.059624 0.836336 1.801448
v -1.987512 1.102624 1.739537
v -1.896052 1.358359 1.660389
v -1.785598 1.600728 1.565060
v -1.658257 1.827969 1.455309
v -1.514736 2.037622 1.331135
v -1.376492 2.037622 1.475711
v -1.225232 2.037622 1.606217
v -1.062011 2.037622 1.721597
v -0.887535 2.037622 1.819740
v -0.704615 2.037622 1.900647
v -0.515013 2.037622 1.963261
v -0.319782 2.037622 2.006880
v -0.121385 2.037622 2.031504
v 0.078419 2.037622 2.036429
v 0.277872 2.037622 2.021303
v 0.301440 1.827969 2.209850
v 0.322194 1.600728 2.376940
v 0.340135 1.358359 2.521164
v 0.354557 1.102624 2.641117
v 0.366517 0.836336 2.736094
v 0.374960 0.562309 2.803986
v 0.380236 0.282302 2.845143
v 0.381643 0.000185 2.859213
v 0.657429 -0.282285 2.796951
v 0.915627 -0.562292 2.682274
v 1.146034 -0.836319 2.519757
v 1.340914 -1.102607 2.315029
v 1.491822 -1.358342 2.076179
v 1.593131 -1.600710 1.812353
v 1.641675 -1.827952 1.534105
v 1.634288 -2.037606 1.251987
v 1.572377 -2.227560 0.976553
v 1.469309 -2.227560 1.122888
v 1.352170 -2.227560 1.259022
v 1.222016 -2.227560 1.382845
v 1.080957 -2.227560 1.492948
v 0.929345 -2.227560 1.589332
v 0.768939 -2.227560 1.670238
v 0.601850 -2.227560 1.734612
v 0.428780 -2.227560 1.782453
v 0.252193 -2.227560 1.813408
v 0.073143 -2.227560 1.826775
v -0.105907 -2.227560 1.822554
v -0.283901 -2.227560 1.800393
v -0.459082 -2.227560 1.761346
v -0.629337 -2.227560 1.705415
v -0.793613 -2.227560 1.632951
v -0.949797 -2.227560 1.544306
v -1.096485 -2.227560 1.441238
v -1.232267 -2.227560 1.324099
v -1.356089 -2.227560 1.193945
v -1.466544 -2.227560 1.052886
v -1.637855 -2.037606 1.173543
v -1.792985 -1.827952 1.282943
v -1.930877 -1.600710 1.380030
v -2.049423 -1.358342 1.463751
v -2.148270 -1.102607 1.533401
v -2.226010 -0.836319 1.588277
v -2.282293 -0.562292 1.628026
v -2.316415 -0.282285 1.651947
v -2.327320 0.000185 1.659686
v -2.316415 0.282302 1.651947
v -2.282293 0.562309 1.628026
v -2.226010 0.836336 1.588277
v -2.148270 1.102624 1.533401
v -2.049423 1.358359 1.463751
v -1.930877 1.600728 1.380030
v -1.792985 1.827969 1.282943
v -1.637855 2.037622 1.173543
v -1.466544 2.227578 1.052886
v -1.356089 2.227578 1.193945
v -1.232267 2.227578 1.324099
v -1.096485 2.227578 1.441238
v -0.949797 2.227578 1.544306
v -0.793613 2.227578 1.632951
v -0.629337 2.227578 1.705415
v -0.459082 2.227578 1.761346
v -0.283901 2.227578 1.800393
v -0.105907 2.227578 1.822554
v 0.073143 2.227578 1.826775
v 0.252193 2.227578 1.813408
v 0.428780 2.227578 1.782453
v 0.475213 2.037622 1.986830
v 0.516722 1.827969 2.172211
v 0.553657 1.600728 2.336838
v 0.585668 1.358359 2.478601
v 0.612051 1.102624 2.596443
v 0.633157 0.836336 2.689661
v 0.648283 0.562309 2.756497
v 0.657429 0.282302 2.796951
v 0.660595 0.000185 2.810669
v 0.928642 -0.282285 2.721672
v 1.174176 -0.562292 2.582372
v 1.388050 -0.836319 2.397694
v 1.561472 -1.102607 2.175025
v 1.688460 -1.358342 1.922456
v 1.763738 -1.600710 1.650540
v 1.784141 -1.827952 1.368774
v 1.749668 -2.037606 1.088415
v 1.661022 -2.227560 0.820016
v 1.521371 -2.395705 0.574482
v 1.457700 -2.395705 0.718355
v 1.380312 -2.395705 0.855193
v 1.289907 -2.395705 0.983588
v 1.187543 -2.395705 1.102837
v 1.073922 -2.395705 1.210830
v 0.950100 -2.395705 1.307566
v 0.817483 -2.395705 1.391639
v 0.677128 -2.395705 1.462344
v 0.530441 -2.395705 1.518979
v 0.378829 -2.395705 1.561191
v 0.224403 -2.395705 1.588277
v 0.067515 -2.395705 1.599533
v -0.089725 -2.395705 1.596016
v -0.245207 -2.395705 1.576669
v -0.398929 -2.395705 1.542195
v -0.547727 -2.395705 1.493300
v -0.691600 -2.395705 1.429630
v -0.828438 -2.395705 1.352241
v -0.956833 -2.395705 1.261837
v -1.076082 -2.395705 1.159472
v -1.184075 -2.395705 1.045851
v -1.280811 -2.395705 0.922029
v -1.364883 -2.395705 0.789412
v -1.562929 -2.227560 0.901274
v -1.744792 -2.037606 1.004694
v -1.910123 -1.827952 1.098264
v -2.056459 -1.600710 1.181282
v -2.183095 -1.358342 1.253042
v -2.288273 -1.102607 1.312843
v -2.371290 -0.836319 1.359980
v -2.430739 -0.562292 1.393749
v -2.466971 -0.282285 1.414152
v -2.478931 0.000185 1.421187
v -2.466971 0.282302 1.414152
v -2.430739 0.562309 1.393749
v -2.371290 0.836336 1.359980
v -2.288273 1.102624 1.312843
v -2.183095 1.358359 1.253042
v -2.056459 1.600728 1.181282
v -1.910123 1.827969 1.098264
v -1.744792 2.037622 1.004694
v -1.562929 2.227578 0.901274
v -1.364883 2.395723 0.789412
v -1.280811 2.395723 0.922029
v -1.184075 2.395723 1.045851
v -1.076082 2.395723 1.159472
v -0.956833 2.395723 1.261837
v -0.828438 2.395723 1.352241
v -0.691600 2.395723 1.429630
v -0.547727 2.395723 1.493300
v -0.398929 2.395723 1.542195
v -0.245207 2.395723 1.576669
v -0.089725 2.395723 1.596016
v 0.067515 2.395723 1.599533
v 0.224403 2.395723 1.588277
v 0.378829 2.395723 1.561191
v 0.530441 2.395723 1.518979
v 0.601850 2.227578 1.734612
v 0.667630 2.037622 1.933361
v 0.727431 1.827969 2.113817
v 0.780548 1.600728 2.273872
v 0.826277 1.358359 2.412117
v 0.863916 1.102624 2.526793
v 0.893817 0.836336 2.617197
v 0.915627 0.562309 2.682274
v 0.928642 0.282302 2.721672
v 0.932863 0.000185 2.734687
v 1.191061 -0.282285 2.620363
v 1.421820 -0.562292 2.457495
v 1.616348 -0.836319 2.252766
v 1.767608 -1.102607 2.014268
v 1.868917 -1.358342 1.750442
v 1.916757 -1.600710 1.472194
v 1.909722 -1.827952 1.189724
v 1.847811 -2.037606 0.914290
v 1.733486 -2.227560 0.656093
v 1.570266 -2.395705 0.425685
v 1.365889 -2.541337 0.230805
v 1.336692 -2.541337 0.360608
v 1.294832 -2.541337 0.487244
v 1.241011 -2.541337 0.609307
v 1.175231 -2.541337 0.725391
v 1.098546 -2.541337 0.834439
v 1.011659 -2.541337 0.935396
v 0.915275 -2.541337 1.027207
v 0.810096 -2.541337 1.109169
v 0.697531 -2.541337 1.180930
v 0.578633 -2.541337 1.240731
v 0.454107 -2.541337 1.288923
v 0.325712 -2.541337 1.324451
v 0.194503 -2.541337 1.347316
v 0.061183 -2.541337 1.357166
v -0.071785 -2.541337 1.353999
v -0.204050 -2.541337 1.337818
v -0.333852 -2.541337 1.308622
v -0.460489 -2.541337 1.266761
v -0.582552 -2.541337 1.212941
v -0.698635 -2.541337 1.147160
v -0.807683 -2.541337 1.070475
v -0.908641 -2.541337 0.983588
v -1.000452 -2.541337 0.887204
v -1.082766 -2.541337 0.782025
v -1.154175 -2.541337 0.669460
v -1.213975 -2.541337 0.550562
v -1.435589 -2.395705 0.649057
v -1.643483 -2.227560 0.740868
v -1.834845 -2.037606 0.825996
v -2.008618 -1.827952 0.903385
v -2.162341 -1.600710 0.971628
v -2.295309 -1.358342 1.030373
v -2.405764 -1.102607 1.079621
v -2.493002 -0.836319 1.117963
v -2.555617 -0.562292 1.146105
v -2.593608 -0.282285 1.162990
v -2.605919 0.000185 1.168618
v -2.593608 0.282302 1.162990
v -2.555617 0.562309 1.146105
v -2.493002 0.836336 1.117963
v -2.405764 1.102624 1.079621
v -2.295309 1.358359 1.030373
v -2.162341 1.600728 0.971628
v -2.008618 1.827969 0.903385
v -1.834845 2.037622 0.825996
v -1.643483 2.227578 0.740868
v -1.435589 2.395723 0.649057
v -1.213975 2.541354 0.550562
v -1.154175 2.541354 0.669460
v -1.082766 2.541354 0.782025
v -1.000452 2.541354 0.887204
v -0.908641 2.541354 0.983588
v -0.807683 2.541354 1.070475
v -0.698635 2.541354 1.147160
v -0.582552 2.541354 1.212941
v -0.460489 2.541354 1.266761
v -0.333852 2.541354 1.308622
v -0.204050 2.541354 1.337818
v -0.071785 2.541354 1.353999
v 0.061183 2.541354 1.357166
v 0.194503 2.541354 1.347316
v 0.325712 2.541354 1.324451
v 0.454107 2.541354 1.288923
v 0.578633 2.541354 1.240731
v 0.677128 2.395723 1.462344
v 0.768939 2.227578 1.670238
v 0.854067 2.037622 1.861601
v 0.931456 1.827969 2.035373
v 0.999699 1.600728 2.189096
v 1.058444 1.358359 2.322064
v 1.107692 1.102624 2.432168
v 1.146034 0.836336 2.519757
v 1.174176 0.562309 2.582372
v 1.191061 0.282302 2.620363
v 1.196689 0.000185 2.632675
v 1.442223 -0.282285 2.493726
v 1.656097 -0.562292 2.309049
v 1.829519 -0.836319 2.086380
v 1.956507 -1.102607 1.833811
v 2.031785 -1.358342 1.561894
v 2.052540 -1.600710 1.279777
v 2.017715 -1.827952 0.999418
v 1.928717 -2.037606 0.731371
v 1.789417 -2.227560 0.485837
v 1.604739 -2.395705 0.271962
v 1.382070 -2.541337 0.098541
v 1.129501 -2.661993 -0.028096
v 1.127039 -2.661993 0.079897
v 1.114023 -2.661993 0.187186
v 1.090103 -2.661993 0.292717
v 1.056685 -2.661993 0.395433
v 1.012714 -2.661993 0.494279
v 0.959246 -2.661993 0.588553
v 0.897334 -2.661993 0.677199
v 0.826277 -2.661993 0.759160
v 0.748185 -2.661993 0.834087
v 0.662705 -2.661993 0.900571
v 0.571246 -2.661993 0.958261
v 0.474862 -2.661993 1.007157
v 0.373904 -2.661993 1.046203
v 0.269429 -2.661993 1.075048
v 0.163195 -2.661993 1.093691
v 0.054851 -2.661993 1.101430
v -0.053142 -2.661993 1.098968
v -0.160431 -2.661993 1.085953
v -0.265961 -2.661993 1.062032
v -0.368677 -2.661993 1.028614
v -0.467876 -2.661993 0.984643
v -0.562149 -2.661993 0.931175
v -0.650443 -2.661993 0.869264
v -0.732405 -2.661993 0.798207
v -0.807332 -2.661993 0.720114
v -0.873816 -2.661993 0.634635
v -0.931857 -2.661993 0.543175
v -0.980753 -2.661993 0.446791
v -1.019448 -2.661993 0.345482
v -1.262167 -2.541337 0.426036
v -1.492223 -2.395705 0.502370
v -1.707857 -2.227560 0.573779
v -1.906957 -2.037606 0.639559
v -2.087062 -1.827952 0.699360
v -2.247117 -1.600710 0.752477
v -2.385361 -1.358342 0.797855
v -2.500037 -1.102607 0.835846
v -2.590442 -0.836319 0.865746
v -2.655871 -0.562292 0.887556
v -2.695269 -0.282285 0.900571
v -2.707932 0.000185 0.904792
v -2.695269 0.282302 0.900571
v -2.655871 0.562309 0.887556
v -2.590442 0.836336 0.865746
v -2.500037 1.102624 0.835846
v -2.385361 1.358359 0.797855
v -2.247117 1.600728 0.752477
v -2.087062 1.827969 0.699360
v -1.906957 2.037622 0.639559
v -1.707857 2.227578 0.573779
v -1.492223 2.395723 0.502370
v -1.262167 2.541354 0.426036
v -1.019448 2.662011 0.345482
v -0.980753 2.662011 0.446791
v -0.931857 2.662011 0.543175
v -0.873816 2.662011 0.634635
v -0.807332 2.662011 0.720114
v -0.732405 2.662011 0.798207
v -0.650443 2.662011 0.869264
v -0.562149 2.662011 0.931175
v -0.467876 2.662011 0.984643
v -0.368677 2.662011 1.028614
v -0.265961 2.662011 1.062032
v -0.160431 2.662011 1.085953
v -0.053142 2.662011 1.098968
v 0.054851 2.662011 1.101430
v 0.163195 2.662011 1.093691
v 0.269429 2.662011 1.075048
v 0.373904 2.662011 1.046203
v 0.474862 2.662011 1.007157
v 0.571246 2.662011 0.958261
v 0.697531 2.541354 1.180930
v 0.817483 2.395723 1.391639
v 0.929345 2.227578 1.589332
v 1.032765 2.037622 1.771548
v 1.126335 1.827969 1.936878
v 1.209352 1.600728 2.083214
v 1.281113 1.358359 2.209850
v 1.340914 1.102624 2.315029
v 1.388050 0.836336 2.397694
v 1.421820 0.562309 2.457495
v 1.442223 0.282302 2.493726
v 1.449258 0.000185 2.505687
v 1.680018 -0.282285 2.342818
v 1.874545 -0.562292 2.138090
v 2.025454 -0.836319 1.899239
v 2.127114 -1.102607 1.636117
v 2.174955 -1.358342 1.357517
v 2.167919 -1.600710 1.075048
v 2.106008 -1.827952 0.799965
v 1.991332 -2.037606 0.541768
v 1.828464 -2.227560 0.310657
v 1.624087 -2.395705 0.116129
v 1.385236 -2.541337 -0.034779
v 1.121762 -2.661993 -0.136440
v 0.843514 -2.757322 -0.184281
v 0.857585 -2.757322 -0.103726
v 0.863565 -2.757322 -0.021412
v 0.861806 -2.757322 0.060550
v 0.851605 -2.757322 0.141808
v 0.833665 -2.757322 0.222011
v 0.807986 -2.757322 0.299752
v 0.774919 -2.757322 0.374678
v 0.734466 -2.757322 0.446439
v 0.687329 -2.757322 0.513627
v 0.633509 -2.757322 0.575889
v 0.574060 -2.757322 0.632524
v 0.509687 -2.757322 0.683179
v 0.440037 -2.757322 0.727149
v 0.366517 -2.757322 0.763733
v 0.290183 -2.757322 0.793282
v 0.211036 -2.757322 0.815443
v 0.130481 -2.757322 0.829514
v 0.048167 -2.757322 0.835494
v -0.033795 -2.757322 0.833735
v -0.115053 -2.757322 0.823534
v -0.195256 -2.757322 0.805594
v -0.272996 -2.757322 0.779915
v -0.348275 -2.757322 0.746848
v -0.419684 -2.757322 0.706395
v -0.486871 -2.757322 0.659258
v -0.549134 -2.757322 0.605438
v -0.605769 -2.757322 0.545989
v -0.656423 -2.757322 0.481616
v -0.700394 -2.757322 0.411966
v -0.736978 -2.757322 0.338446
v -0.766878 -2.757322 0.262113
v -0.788688 -2.757322 0.182965
v -1.048293 -2.661993 0.241358
v -1.297696 -2.541337 0.297641
v -1.534435 -2.395705 0.350758
v -1.755697 -2.227560 0.400709
v -1.960074 -2.037606 0.447143
v -2.145808 -1.827952 0.488651
v -2.310083 -1.600710 0.525587
v -2.451845 -1.358342 0.557597
v -2.569688 -1.102607 0.583980
v -2.662906 -0.836319 0.605086
v -2.729742 -0.562292 0.620212
v -2.770195 -0.282285 0.629358
v -2.783914 0.000185 0.632524
v -2.770195 0.282302 0.629358
v -2.729742 0.562309 0.620212
v -2.662906 0.836336 0.605086
v -2.569688 1.102624 0.583980
v -2.451845 1.358359 0.557597
v -2.310083 1.600728 0.525587
v -2.145808 1.827969 0.488651
v -1.960074 2.037622 0.447143
v -1.755697 2.227578 0.400709
v -1.534435 2.395723 0.350758
v -1.297696 2.541354 0.297641
v -1.048293 2.662011 0.241358
v -0.788688 2.757339 0.182965
v -0.766878 2.757339 0.262113
v -0.736978 2.757339 0.338446
v -0.700394 2.757339 0.411966
v -0.656423 2.757339 0.481616
v -0.605769 2.757339 0.545989
v -0.549134 2.757339 0.605438
v -0.486871 2.757339 0.659258
v -0.419684 2.757339 0.706395
v -0.348275 2.757339 0.746848
v -0.272996 2.757339 0.779915
v -0.195256 2.757339 0.805594
v -0.115053 2.757339 0.823534
v -0.033795 2.757339 0.833735
v 0.048167 2.757339 0.835494
v 0.130481 2.757339 0.829514
v 0.211036 2.757339 0.815443
v 0.290183 2.757339 0.793282
v 0.366517 2.757339 0.763733
v 0.440037 2.757339 0.727149
v 0.509687 2.757339 0.683179
v 0.662705 2.662011 0.900571
v 0.810096 2.541354 1.109169
v 0.950100 2.395723 1.307566
v 1.080957 2.227578 1.492948
v 1.201613 2.037622 1.664610
v 1.311013 1.827969 1.819388
v 1.408101 1.600728 1.957633
v 1.491822 1.358359 2.076179
v 1.561472 1.102624 2.175025
v 1.616348 0.836336 2.252766
v 1.656097 0.562309 2.309049
v 1.680018 0.282302 2.342818
v 1.687756 0.000185 2.354075
v 1.901631 -0.282285 2.169397
v 2.075052 -0.562292 1.946728
v 2.202041 -0.836319 1.694510
v 2.277319 -1.102607 1.422243
v 2.298074 -1.358342 1.140477
v 2.263248 -1.600710 0.860118
v 2.174603 -1.827952 0.592422
v 2.034951 -2.037606 0.346537
v 1.850625 -2.227560 0.132662
v 1.627604 -2.395705 -0.040759
v 1.375387 -2.541337 -0.167747
v 1.103119 -2.661993 -0.243026
v 0.821353 -2.757322 -0.263780
v 0.541346 -2.826269 -0.228955
v 0.561045 -2.826269 -0.177245
v 0.575819 -2.826269 -0.124128
v 0.585317 -2.826269 -0.069956
v 0.589538 -2.826269 -0.014729
v 0.588131 -2.826269 0.040147
v 0.581447 -2.826269 0.095023
v 0.569487 -2.826269 0.148843
v 0.551899 -2.826269 0.201257
v 0.529737 -2.826269 0.251911
v 0.502299 -2.826269 0.299752
v 0.470992 -2.826269 0.344778
v 0.434760 -2.826269 0.386990
v 0.394659 -2.826269 0.424981
v 0.351391 -2.826269 0.458751
v 0.304958 -2.826269 0.488299
v 0.255359 -2.826269 0.513275
v 0.204000 -2.826269 0.532974
v 0.150883 -2.826269 0.547748
v 0.096359 -2.826269 0.557246
v 0.041484 -2.826269 0.561467
v -0.013744 -2.826269 0.560060
v -0.068268 -2.826269 0.553376
v -0.122088 -2.826269 0.541416
v -0.174502 -2.826269 0.523828
v -0.225156 -2.826269 0.501666
v -0.272996 -2.826269 0.474229
v -0.318023 -2.826269 0.442569
v -0.360235 -2.826269 0.406689
v -0.398226 -2.826269 0.366588
v -0.431995 -2.826269 0.323320
v -0.461544 -2.826269 0.276887
v -0.486519 -2.826269 0.227288
v -0.506218 -2.826269 0.175930
v -0.520993 -2.826269 0.122813
v -0.530491 -2.826269 0.068289
v -0.802759 -2.757322 0.102410
v -1.066936 -2.661993 0.135125
v -1.320561 -2.541337 0.166432
v -1.561522 -2.395705 0.196332
v -1.786653 -2.227560 0.224122
v -1.994547 -2.037606 0.249801
v -2.183095 -1.827952 0.273369
v -2.350536 -1.600710 0.294123
v -2.494409 -1.358342 0.312064
v -2.614714 -1.102607 0.326486
v -2.709339 -0.836319 0.338446
v -2.777231 -0.562292 0.346889
v -2.818387 -0.282285 0.352165
v -2.832458 0.000185 0.353572
v -2.818387 0.282302 0.352165
v -2.777231 0.562309 0.346889
v -2.709339 0.836336 0.338446
v -2.614714 1.102624 0.326486
v -2.494409 1.358359 0.312064
v -2.350536 1.600728 0.294123
v -2.183095 1.827969 0.273369
v -1.994547 2.037622 0.249801
v -1.786653 2.227578 0.224122
v -1.561522 2.395723 0.196332
v -1.320561 2.541354 0.166432
v -1.066936 2.662011 0.135125
v -0.802759 2.757339 0.102410
v -0.530491 2.826286 0.068289
v -0.520993 2.826286 0.122813
v -0.506218 2.826286 0.175930
v -0.486519 2.826286 0.227288
v -0.461544 2.826286 0.276887
v -0.431995 2.826286 0.323320
v -0.398226 2.826286 0.366588
v -0.360235 2.826286 0.406689
v -0.318023 2.826286 0.442569
v -0.272996 2.826286 0.474229
v -0.225156 2.826286 0.501666
v -0.174502 2.826286 0.523828
v -0.122088 2.826286 0.541416
v -0.068268 2.826286 0.553376
v -0.013744 2.826286 0.560060
v 0.041484 2.826286 0.561467
v 0.096359 2.826286 0.557246
v 0.150883 2.826286 0.547748
v 0.204000 2.826286 0.532974
v 0.255359 2.826286 0.513275
v 0.304958 2.826286 0.488299
v 0.351391 2.826286 0.458751
v 0.394659 2.826286 0.424981
v 0.574060 2.757339 0.632524
v 0.748185 2.662011 0.834087
v 0.915275 2.541354 1.027207
v 1.073922 2.395723 1.210830
v 1.222016 2.227578 1.382845
v 1.359205 2.037622 1.541492
v 1.483379 1.827969 1.685013
v 1.593131 1.600728 1.812353
v 1.688460 1.358359 1.922456
v 1.767608 1.102624 2.014268
v 1.829519 0.836336 2.086380
v 1.874545 0.562309 2.138090
v 1.901631 0.282302 2.169397
v 1.910777 0.000185 2.180302
v 2.105304 -0.282285 1.975573
v 2.256565 -0.562292 1.736723
v 2.357874 -0.836319 1.472897
v 2.406066 -1.102607 1.195001
v 2.399030 -1.358342 0.912531
v 2.336768 -1.600710 0.637097
v 2.222443 -1.827952 0.378900
v 2.059575 -2.037606 0.147788
v 1.854846 -2.227560 -0.046388
v 1.616348 -2.395705 -0.197648
v 1.352522 -2.541337 -0.299309
v 1.074274 -2.661993 -0.347149
v 0.791804 -2.757322 -0.340114
v 0.516370 -2.826269 -0.278203
v 0.027061 -2.881496 -0.000658
v 0.273299 -2.867777 -0.139958
v 0.027061 -2.881496 -0.000658
v 0.285259 -2.867777 -0.115334
v 0.027061 -2.881496 -0.000658
v 0.295460 -2.867777 -0.089655
v 0.027061 -2.881496 -0.000658
v 0.302847 -2.867777 -0.062569
v 0.027061 -2.881496 -0.000658
v 0.307772 -2.867777 -0.035483
v 0.027061 -2.881496 -0.000658
v 0.309531 -2.867777 -0.007693
v 0.027061 -2.881496 -0.000658
v 0.309179 -2.867777 0.019745
v 0.027061 -2.881496 -0.000658
v 0.305661 -2.867777 0.047534
v 0.027061 -2.881496 -0.000658
v 0.299681 -2.867777 0.074620
v 0.027061 -2.881496 -0.000658
v 0.290887 -2.867777 0.101003
v 0.027061 -2.881496 -0.000658
v 0.279982 -2.867777 0.125978
v 0.027061 -2.881496 -0.000658
v 0.265912 -2.867777 0.150251
v 0.027061 -2.881496 -0.000658
v 0.250082 -2.867777 0.173115
v 0.027061 -2.881496 -0.000658
v 0.232142 -2.867777 0.193870
v 0.027061 -2.881496 -0.000658
v 0.212091 -2.867777 0.212865
v 0.027061 -2.881496 -0.000658
v 0.190281 -2.867777 0.230102
v 0.027061 -2.881496 -0.000658
v 0.166713 -2.867777 0.245228
v 0.027061 -2.881496 -0.000658
v 0.142089 -2.867777 0.257188
v 0.027061 -2.881496 -0.000658
v 0.116410 -2.867777 0.267389
v 0.027061 -2.881496 -0.000658
v 0.089324 -2.867777 0.274776
v 0.027061 -2.881496 -0.000658
v 0.061886 -2.867777 0.279701
v 0.027061 -2.881496 -0.000658
v 0.034448 -2.867777 0.281460
v 0.027061 -2.881496 -0.000658
v 0.007011 -2.867777 0.281108
v 0.027061 -2.881496 -0.000658
v -0.020779 -2.867777 0.277590
v 0.027061 -2.881496 -0.000658
v -0.047865 -2.867777 0.271610
v 0.027061 -2.881496 -0.000658
v -0.074248 -2.867777 0.262816
v 0.027061 -2.881496 -0.000658
v -0.099575 -2.867777 0.251911
v 0.027061 -2.881496 -0.000658
v -0.123847 -2.867777 0.237841
v 0.027061 -2.881496 -0.000658
v -0.146360 -2.867777 0.222011
v 0.027061 -2.881496 -0.000658
v -0.167115 -2.867777 0.203719
v 0.027061 -2.881496 -0.000658
v -0.186462 -2.867777 0.184020
v 0.027061 -2.881496 -0.000658
v -0.203346 -2.867777 0.162211
v 0.027061 -2.881496 -0.000658
v -0.218472 -2.867777 0.138642
v 0.027061 -2.881496 -0.000658
v -0.230784 -2.867777 0.114018
v 0.027061 -2.881496 -0.000658
v -0.240634 -2.867777 0.088339
v 0.027061 -2.881496 -0.000658
v -0.248021 -2.867777 0.061253
v 0.027061 -2.881496 -0.000658
v -0.252946 -2.867777 0.033815
v 0.027061 -2.881496 -0.000658
v -0.254705 -2.867777 0.006729
v -0.534712 -2.826269 0.013765
v -0.808739 -2.757322 0.020448
v -1.075027 -2.661993 0.027132
v -1.330410 -2.541337 0.033464
v -1.572778 -2.395705 0.039795
v -1.800020 -2.227560 0.045424
v -2.009674 -2.037606 0.050349
v -2.199628 -1.827952 0.055625
v -2.367421 -1.600710 0.059846
v -2.513053 -1.358342 0.063364
v -2.633709 -1.102607 0.066178
v -2.729038 -0.836319 0.068289
v -2.797985 -0.562292 0.070399
v -2.839493 -0.282285 0.071103
v -2.853212 0.000185 0.071455
v -2.839493 0.282302 0.071103
v -2.797985 0.562309 0.070399
v -2.729038 0.836336 0.068289
v -2.633709 1.102624 0.066530
v -2.513053 1.358359 0.063364
v -2.367421 1.600728 0.059846
v -2.199628 1.827969 0.055625
v -2.009674 2.037622 0.050349
v -1.800020 2.227578 0.045424
v -1.572778 2.395723 0.039795
v -1.330410 2.541354 0.033464
v -1.075027 2.662011 0.027132
v -0.808739 2.757339 0.020448
v -0.534712 2.826286 0.013765
v -0.254705 2.867794 0.006729
v 0.027061 2.881514 -0.000658
v -0.252946 2.867794 0.033815
v 0.027061 2.881514 -0.000658
v -0.248021 2.867794 0.061253
v 0.027061 2.881514 -0.000658
v -0.240634 2.867794 0.088339
v 0.027061 2.881514 -0.000658
v -0.230784 2.867794 0.114018
v 0.027061 2.881514 -0.000658
v -0.218472 2.867794 0.138642
v 0.027061 2.881514 -0.000658
v -0.203346 2.867794 0.162211
v 0.027061 2.881514 -0.000658
v -0.186462 2.867794 0.184020
v 0.027061 2.881514 -0.000658
v -0.167115 2.867794 0.203719
v 0.027061 2.881514 -0.000658
v -0.146360 2.867794 0.222011
v 0.027061 2.881514 -0.000658
v -0.123847 2.867794 0.237841
v 0.027061 2.881514 -0.000658
v -0.099575 2.867794 0.251911
v 0.027061 2.881514 -0.000658
v -0.074248 2.867794 0.262816
v 0.027061 2.881514 -0.000658
v -0.047865 2.867794 0.271610
v 0.027061 2.881514 -0.000658
v -0.020779 2.867794 0.277590
v 0.027061 2.881514 -0.000658
v 0.007011 2.867794 0.281108
v 0.027061 2.881514 -0.000658
v 0.034448 2.867794 0.281460
v 0.027061 2.881514 -0.000658
v 0.061886 2.867794 0.279701
v 0.027061 2.881514 -0.000658
v 0.089324 2.867794 0.274776
v 0.027061 2.881514 -0.000658
v 0.116410 2.867794 0.267389
v 0.027061 2.881514 -0.000658
v 0.142089 2.867794 0.257188
v 0.027061 2.881514 -0.000658
v 0.166713 2.867794 0.245228
v 0.027061 2.881514 -0.000658
v 0.190281 2.867794 0.230102
v 0.027061 2.881514 -0.000658
v 0.212091 2.867794 0.212865
v 0.434760 2.826286 0.386990
v 0.027061 2.881514 -0.000658
v 0.232142 2.867794 0.193870
v 0.470992 2.826286 0.344778
v 0.027061 2.881514 -0.000658
v 0.250082 2.867794 0.173115
v 0.502299 2.826286 0.299752
v 0.027061 2.881514 -0.000658
v 0.265912 2.867794 0.150251
v 0.529737 2.826286 0.251911
v 0.027061 2.881514 -0.000658
v 0.279982 2.867794 0.125978
v 0.551899 2.826286 0.201257
v 0.027061 2.881514 -0.000658
v 0.290887 2.867794 0.101003
v 0.569487 2.826286 0.148843
v 0.027061 2.881514 -0.000658
v 0.299681 2.867794 0.074620
v 0.581447 2.826286 0.095023
v 0.027061 2.881514 -0.000658
v 0.305661 2.867794 0.047534
v 0.588131 2.826286 0.040147
v 0.027061 2.881514 -0.000658
v 0.309179 2.867794 0.019745
v 0.589538 2.826286 -0.014729
v 0.027061 2.881514 -0.000658
v 0.309531 2.867794 -0.007693
v 0.585317 2.826286 -0.069956
v 0.027061 2.881514 -0.000658
v 0.307772 2.867794 -0.035483
v 0.575819 2.826286 -0.124128
v 0.027061 2.881514 -0.000658
v 0.302847 2.867794 -0.062569
v 0.561045 2.826286 -0.177245
v 0.027061 2.881514 -0.000658
v 0.295460 2.867794 -0.089655
v 0.541346 2.826286 -0.228955
v 0.027061 2.881514 -0.000658
v 0.285259 2.867794 -0.115334
v 0.516370 2.826286 -0.278203
v 0.027061 2.881514 -0.000658
v 0.273299 2.867794 -0.139958
v 0.027061 2.881514 -0.000658
v 0.258173 2.867794 -0.163526
v 0.027061 2.881514 -0.000658
v 0.240936 2.867794 -0.185336
v 0.027061 2.881514 -0.000658
v 0.221941 2.867794 -0.205387
v 0.027061 2.881514 -0.000658
v 0.201186 2.867794 -0.223327
v 0.027061 2.881514 -0.000658
v 0.178673 2.867794 -0.239508
v 0.027061 2.881514 -0.000658
v 0.154401 2.867794 -0.253227
v 0.027061 2.881514 -0.000658
v 0.129074 2.867794 -0.264132
v 0.027061 2.881514 -0.000658
v 0.102691 2.867794 -0.272926
v 0.027061 2.881514 -0.000658
v 0.075605 2.867794 -0.278906
v 0.027061 2.881514 -0.000658
v 0.047816 2.867794 -0.282424
v 0.027061 2.881514 -0.000658
v 0.020026 2.867794 -0.282775
v 0.027061 2.881514 -0.000658
v -0.007412 2.867794 -0.281017
v 0.027061 2.881514 -0.000658
v -0.034498 2.867794 -0.276092
v 0.027061 2.881514 -0.000658
v -0.061584 2.867794 -0.268705
v 0.027061 2.881514 -0.000658
v -0.087263 2.867794 -0.258855
v 0.027061 2.881514 -0.000658
v -0.111887 2.867794 -0.246543
v 0.027061 2.881514 -0.000658
v -0.135455 2.867794 -0.231417
v 0.027061 2.881514 -0.000658
v -0.157265 2.867794 -0.214532
v 0.027061 2.881514 -0.000658
v -0.177316 2.867794 -0.195185
v 0.027061 2.881514 -0.000658
v -0.195256 2.867794 -0.174431
v 0.027061 2.881514 -0.000658
v -0.211437 2.867794 -0.151918
v 0.027061 2.881514 -0.000658
v -0.225156 2.867794 -0.127646
v 0.027061 2.881514 -0.000658
v -0.236061 2.867794 -0.102319
v 0.027061 2.881514 -0.000658
v -0.244855 2.867794 -0.075936
v 0.027061 2.881514 -0.000658
v -0.250835 2.867794 -0.048850
v 0.027061 2.881514 -0.000658
v -0.254353 2.867794 -0.021060
v 0.027061 2.881514 -0.000658
v -0.254705 2.867794 0.006729
v -0.534712 2.826286 0.013765
v -0.808739 2.757339 0.020448
v -1.075027 2.662011 0.027132
v -1.330410 2.541354 0.033464
v -1.572778 2.395723 0.039795
v -1.800020 2.227578 0.045424
v -2.009674 2.037622 0.050349
v -2.199628 1.827969 0.055625
v -2.367421 1.600728 0.059846
v -2.513053 1.358359 0.063364
v -2.633709 1.102624 0.066530
v -2.729038 0.836336 0.068289
v -2.797985 0.562309 0.070399
v -2.839493 0.282302 0.071103
v -2.853212 0.000185 0.071455
v -2.839493 -0.282285 0.071103
v -2.797985 -0.562292 0.070399
v -2.729038 -0.836319 0.068289
v -2.633709 -1.102607 0.066178
v -2.513053 -1.358342 0.063364
v -2.367421 -1.600710 0.059846
v -2.199628 -1.827952 0.055625
v -2.009674 -2.037606 0.050349
v -1.800020 -2.227560 0.045424
v -1.572778 -2.395705 0.039795
v -1.330410 -2.541337 0.033464
v -1.075027 -2.661993 0.027132
v -0.808739 -2.757322 0.020448
v -0.534712 -2.826269 0.013765
v -0.254705 -2.867777 0.006729
v 0.027061 -2.881496 -0.000658
v -0.254353 -2.867777 -0.021060
v 0.027061 -2.881496 -0.000658
v -0.250835 -2.867777 -0.048850
v 0.027061 -2.881496 -0.000658
v -0.244855 -2.867777 -0.075936
v 0.027061 -2.881496 -0.000658
v -0.236061 -2.867777 -0.102319
v 0.027061 -2.881496 -0.000658
v -0.225156 -2.867777 -0.127646
v 0.027061 -2.881496 -0.000658
v -0.211437 -2.867777 -0.151918
v 0.027061 -2.881496 -0.000658
v -0.195256 -2.867777 -0.174431
v 0.027061 -2.881496 -0.000658
v -0.177316 -2.867777 -0.195185
v 0.027061 -2.881496 -0.000658
v -0.157265 -2.867777 -0.214532
v 0.027061 -2.881496 -0.000658
v -0.135455 -2.867777 -0.231417
v 0.027061 -2.881496 -0.000658
v -0.111887 -2.867777 -0.246543
v 0.027061 -2.881496 -0.000658
v -0.087263 -2.867777 -0.258855
v -0.200532 -2.826269 -0.514590
v -0.311691 -2.757322 -0.765049
v -0.420035 -2.661993 -1.008824
v -0.523807 -2.541337 -1.242046
v -0.622302 -2.395705 -1.464011
v -0.714465 -2.227560 -1.671554
v -0.799241 -2.037606 -1.862916
v -0.876630 -1.827952 -2.036689
v -0.944873 -1.600710 -2.190411
v -1.003618 -1.358342 -2.323380
v -1.052865 -1.102607 -2.433835
v -1.091560 -0.836319 -2.521073
v -1.119349 -0.562292 -2.583688
v -1.136234 -0.282285 -2.621679
v -0.878037 0.000185 -2.736003
v -0.602603 0.282302 -2.798266
v -0.320133 0.562309 -2.805302
v -0.042237 0.836336 -2.757109
v 0.221589 1.102624 -2.655800
v 0.460439 1.358359 -2.504892
v 0.665168 1.600728 -2.310013
v 0.828036 1.827969 -2.079605
v 0.942361 2.037622 -1.821407
v 1.004624 2.227578 -1.545621
v 1.011659 2.395723 -1.263152
v 0.963467 2.541354 -0.984904
v 0.862158 2.662011 -0.721430
v 0.711249 2.757339 -0.482931
v 0.755220 2.757339 -0.413281
v 0.791804 2.757339 -0.340114
v 0.821353 2.757339 -0.263780
v 0.843514 2.757339 -0.184281
v 0.857585 2.757339 -0.103726
v 0.863565 2.757339 -0.021412
v 0.861806 2.757339 0.060550
v 0.851605 2.757339 0.141808
v 0.833665 2.757339 0.222011
v 0.807986 2.757339 0.299752
v 0.774919 2.757339 0.374678
v 0.734466 2.757339 0.446439
v 0.687329 2.757339 0.513627
v 0.633509 2.757339 0.575889
v 0.826277 2.662011 0.759160
v 1.011659 2.541354 0.935396
v 1.187543 2.395723 1.102837
v 1.352170 2.227578 1.259022
v 1.503782 2.037622 1.403247
v 1.641675 1.827969 1.534105
v 1.763738 1.600728 1.650540
v 1.868917 1.358359 1.750442
v 1.956507 1.102624 1.833811
v 2.025454 0.836336 1.899239
v 2.075052 0.562309 1.946728
v 2.105304 0.282302 1.975573
v 2.115506 0.000185 1.985071
v 2.288927 -0.282285 1.762050
v 2.415916 -0.562292 1.509833
v 2.491194 -0.836319 1.237564
v 2.511597 -1.102607 0.956150
v 2.477123 -1.358342 0.675792
v 2.388478 -1.600710 0.407393
v 2.248826 -1.827952 0.161859
v 2.064500 -2.037606 -0.051664
v 1.841479 -2.227560 -0.225437
v 1.589262 -2.395705 -0.352074
v 1.316993 -2.541337 -0.427352
v 1.035228 -2.661993 -0.448106
v 0.755220 -2.757322 -0.413281
v 0.486822 -2.826269 -0.324636
v 0.453052 -2.826269 -0.367903
v 0.415061 -2.826269 -0.408356
v 0.372849 -2.826269 -0.444237
v 0.327823 -2.826269 -0.475544
v 0.279982 -2.826269 -0.502982
v 0.229328 -2.826269 -0.525143
v 0.176914 -2.826269 -0.542732
v 0.123094 -2.826269 -0.554692
v 0.068218 -2.826269 -0.561376
v 0.012991 -2.826269 -0.562783
v -0.041533 -2.826269 -0.558561
v -0.096057 -2.826269 -0.549064
v -0.149174 -2.826269 -0.534289
v -0.235709 -2.757322 -0.794949
v -0.319078 -2.661993 -1.047518
v -0.399281 -2.541337 -1.290238
v -0.475966 -2.395705 -1.520294
v -0.547023 -2.227560 -1.735928
v -0.612804 -2.037606 -1.935028
v -0.672605 -1.827952 -2.115133
v -0.725722 -1.600710 -2.275187
v -0.771451 -1.358342 -2.413432
v -0.809090 -1.102607 -2.528109
v -0.838991 -0.836319 -2.618513
v -0.860800 -0.562292 -2.683942
v -0.873816 -0.282285 -2.723340
v -0.605769 0.000185 -2.811985
v -0.325410 0.282302 -2.846458
v -0.043644 0.562309 -2.826056
v 0.228624 0.836336 -2.750777
v 0.480842 1.102624 -2.623789
v 0.703862 1.358359 -2.450368
v 0.888189 1.600728 -2.236493
v 1.027488 1.827969 -1.990959
v 1.116486 2.037622 -1.722912
v 1.150959 2.227578 -1.442553
v 1.130908 2.395723 -1.160788
v 1.055278 2.541354 -0.888519
v 0.928642 2.662011 -0.636302
v 0.986332 2.662011 -0.544842
v 1.035228 2.662011 -0.448106
v 1.074274 2.662011 -0.347149
v 1.103119 2.662011 -0.243026
v 1.121762 2.662011 -0.136440
v 1.129501 2.662011 -0.028096
v 1.127039 2.662011 0.079897
v 1.114023 2.662011 0.187186
v 1.090103 2.662011 0.292717
v 1.056685 2.662011 0.395433
v 1.012714 2.662011 0.494279
v 0.959246 2.662011 0.588553
v 0.897334 2.662011 0.677199
v 1.098546 2.541354 0.834439
v 1.289907 2.395723 0.983588
v 1.469309 2.227578 1.122888
v 1.634288 2.037622 1.251987
v 1.784141 1.827969 1.368774
v 1.916757 1.600728 1.472194
v 2.031785 1.358359 1.561894
v 2.127114 1.102624 1.636117
v 2.202041 0.836336 1.694510
v 2.256565 0.562309 1.736723
v 2.288927 0.282302 1.762050
v 2.300184 0.000185 1.770844
v 2.451092 -0.282285 1.532346
v 2.552402 -0.562292 1.268520
v 2.600945 -0.836319 0.989920
v 2.593559 -1.102607 0.707802
v 2.531647 -1.358342 0.432368
v 2.416971 -1.600710 0.174171
v 2.254102 -1.827952 -0.056589
v 2.049373 -2.037606 -0.251116
v 1.810524 -2.227560 -0.402025
v 1.547049 -2.395705 -0.504037
v 1.268801 -2.541337 -0.551878
v 0.986332 -2.661993 -0.544842
v 0.711249 -2.757322 -0.482931
v 0.660595 -2.757322 -0.547305
v 0.603960 -2.757322 -0.606754
v 0.541697 -2.757322 -0.660574
v 0.474510 -2.757322 -0.707711
v 0.402749 -2.757322 -0.748164
v 0.327823 -2.757322 -0.781230
v 0.250082 -2.757322 -0.806909
v 0.169879 -2.757322 -0.825201
v 0.088621 -2.757322 -0.835051
v 0.006307 -2.757322 -0.836810
v -0.075655 -2.757322 -0.830829
v -0.156210 -2.757322 -0.816759
v -0.214955 -2.661993 -1.076363
v -0.271238 -2.541337 -1.325767
v -0.324003 -2.395705 -1.562506
v -0.373954 -2.227560 -1.784120
v -0.420387 -2.037606 -1.988145
v -0.461896 -1.827952 -2.173878
v -0.498831 -1.600710 -2.338154
v -0.530842 -1.358342 -2.479917
v -0.557577 -1.102607 -2.597759
v -0.578331 -0.836319 -2.690977
v -0.593457 -0.562292 -2.757813
v -0.602603 -0.282285 -2.798266
v -0.326817 0.000185 -2.860529
v -0.044699 0.282302 -2.867564
v 0.233549 0.562309 -2.819372
v 0.497375 0.836336 -2.718063
v 0.735873 1.102624 -2.567155
v 0.940602 1.358359 -2.372276
v 1.103119 1.600728 -2.141164
v 1.217795 1.827969 -1.882967
v 1.280058 2.037622 -1.607884
v 1.287093 2.227578 -1.325415
v 1.238901 2.395723 -1.047167
v 1.137240 2.541354 -0.783693
v 1.209001 2.541354 -0.671127
v 1.268801 2.541354 -0.551878
v 1.316993 2.541354 -0.427352
v 1.352522 2.541354 -0.299309
v 1.375387 2.541354 -0.167747
v 1.385236 2.541354 -0.034779
v 1.382070 2.541354 0.098541
v 1.365889 2.541354 0.230805
v 1.336692 2.541354 0.360608
v 1.294832 2.541354 0.487244
v 1.241011 2.541354 0.609307
v 1.175231 2.541354 0.725391
v 1.380312 2.395723 0.855193
v 1.572377 2.227578 0.976553
v 1.749668 2.037622 1.088415
v 1.909722 1.827969 1.189724
v 2.052540 1.600728 1.279777
v 2.174955 1.358359 1.357517
v 2.277319 1.102624 1.422243
v 2.357874 0.836336 1.472897
v 2.415916 0.562309 1.509833
v 2.451092 0.282302 1.532346
v 2.462701 0.000185 1.539381
v 2.589689 -0.282285 1.287164
v 2.664615 -0.562292 1.014895
v 2.685370 -0.836319 0.733129
v 2.650545 -1.102607 0.452771
v 2.561899 -1.358342 0.185076
v 2.422247 -1.600710 -0.060810
v 2.237921 -1.827952 -0.274685
v 2.014900 -2.037606 -0.448458
v 1.762683 -2.227560 -0.575094
v 1.490415 -2.395705 -0.650373
v 1.209001 -2.541337 -0.671127
v 0.928642 -2.661993 -0.636302
v 0.862158 -2.661993 -0.721430
v 0.787231 -2.661993 -0.799874
v 0.705269 -2.661993 -0.870579
v 0.616624 -2.661993 -0.932842
v 0.522350 -2.661993 -0.985959
v 0.423504 -2.661993 -1.029930
v 0.320787 -2.661993 -1.063700
v 0.215257 -2.661993 -1.087268
v 0.107968 -2.661993 -1.100284
v -0.000377 -2.661993 -1.103098
v -0.108369 -2.661993 -1.095007
v -0.139677 -2.541337 -1.348632
v -0.169577 -2.395705 -1.589592
v -0.197366 -2.227560 -1.814724
v -0.223045 -2.037606 -2.022970
v -0.246614 -1.827952 -2.211166
v -0.267368 -1.600710 -2.378608
v -0.285308 -1.358342 -2.522832
v -0.300083 -1.102607 -2.642785
v -0.311691 -0.836319 -2.737410
v -0.320133 -0.562292 -2.805302
v -0.325410 -0.282285 -2.846458
v -0.045051 0.000185 -2.881283
v 0.236715 0.282302 -2.860529
v 0.508983 0.562309 -2.785603
v 0.761200 0.836336 -2.658614
v 0.984221 1.102624 -2.484841
v 1.168547 1.358359 -2.271318
v 1.307847 1.600728 -2.025784
v 1.396845 1.827969 -1.757385
v 1.431318 2.037622 -1.477027
v 1.410915 2.227578 -1.195612
v 1.335637 2.395723 -0.923344
v 1.419710 2.395723 -0.790728
v 1.490415 2.395723 -0.650373
v 1.547049 2.395723 -0.504037
v 1.589262 2.395723 -0.352074
v 1.616348 2.395723 -0.197648
v 1.627604 2.395723 -0.040759
v 1.624087 2.395723 0.116129
v 1.604739 2.395723 0.271962
v 1.570266 2.395723 0.425685
v 1.521371 2.395723 0.574482
v 1.457700 2.395723 0.718355
v 1.661022 2.227578 0.820016
v 1.847811 2.037622 0.914290
v 2.017715 1.827969 0.999418
v 2.167919 1.600728 1.075048
v 2.298074 1.358359 1.140477
v 2.406066 1.102624 1.195001
v 2.491194 0.836336 1.237564
v 2.552402 0.562309 1.268520
v 2.589689 0.282302 1.287164
v 2.602000 0.000185 1.293496
v 2.703310 -0.282285 1.029670
v 2.751854 -0.562292 0.751422
v 2.744467 -0.836319 0.469304
v 2.682555 -1.102607 0.193518
v 2.567879 -1.358342 -0.064328
v 2.405363 -1.600710 -0.295439
v 2.200282 -1.827952 -0.489967
v 1.961432 -2.037606 -0.640875
v 1.698309 -2.227560 -0.742536
v 1.419710 -2.395705 -0.790728
v 1.137240 -2.541337 -0.783693
v 1.055278 -2.541337 -0.888519
v 0.963467 -2.541337 -0.984904
v 0.862510 -2.541337 -1.071790
v 0.753462 -2.541337 -1.148827
v 0.637378 -2.541337 -1.214256
v 0.515315 -2.541337 -1.268428
v 0.388679 -2.541337 -1.310289
v 0.258876 -2.541337 -1.339134
v 0.126612 -2.541337 -1.355315
v -0.007060 -2.541337 -1.358481
v -0.013040 -2.395705 -1.600849
v -0.018669 -2.227560 -1.828091
v -0.023593 -2.037606 -2.037744
v -0.028870 -1.827952 -2.227699
v -0.033091 -1.600710 -2.395492
v -0.036257 -1.358342 -2.541124
v -0.039775 -1.102607 -2.661780
v -0.041885 -0.836319 -2.757109
v -0.043644 -0.562292 -2.826056
v -0.044699 -0.282285 -2.867564
v 0.237418 0.000185 -2.874600
v 0.516019 0.282302 -2.826408
v 0.779492 0.562309 -2.725099
v 1.017991 0.836336 -2.574190
v 1.223071 1.102624 -2.379311
v 1.385588 1.358359 -2.148551
v 1.500264 1.600728 -1.890354
v 1.562176 1.827969 -1.614920
v 1.569563 2.037622 -1.332450
v 1.521019 2.227578 -1.054202
v 1.617403 2.227578 -0.902590
v 1.698309 2.227578 -0.742536
v 1.762683 2.227578 -0.575094
v 1.810524 2.227578 -0.402025
v 1.841479 2.227578 -0.225437
v 1.854846 2.227578 -0.046388
v 1.850625 2.227578 0.132662
v 1.828464 2.227578 0.310657
v 1.789417 2.227578 0.485837
v 1.733486 2.227578 0.656093
v 1.928717 2.037622 0.731371
v 2.106008 1.827969 0.799965
v 2.263248 1.600728 0.860118
v 2.399030 1.358359 0.912531
v 2.511597 1.102624 0.956150
v 2.600945 0.836336 0.989920
v 2.664615 0.562309 1.014895
v 2.703310 0.282302 1.029670
v 2.716325 0.000185 1.034594
v 2.791604 -0.282285 0.762678
v 2.812006 -0.562292 0.480912
v 2.777533 -0.836319 0.200553
v 2.688536 -1.102607 -0.067494
v 2.549236 -1.358342 -0.313379
v 2.364910 -1.600710 -0.526902
v 2.141888 -1.827952 -0.700675
v 1.889671 -2.037606 -0.827312
v 1.617403 -2.227560 -0.902590
v 1.335637 -2.395705 -0.923344
v 1.238901 -2.395705 -1.047167
v 1.130908 -2.395705 -1.160788
v 1.011659 -2.395705 -1.263152
v 0.883264 -2.395705 -1.353556
v 0.746426 -2.395705 -1.430945
v 0.602553 -2.395705 -1.494615
v 0.453755 -2.395705 -1.543511
v 0.300033 -2.395705 -1.577984
v 0.144200 -2.395705 -1.597331
v 0.160733 -2.227560 -1.823870
v 0.175859 -2.037606 -2.032820
v 0.189930 -1.827952 -2.222070
v 0.202242 -1.600710 -2.390216
v 0.213147 -1.358342 -2.535144
v 0.221589 -1.102607 -2.655800
v 0.228624 -0.836319 -2.750777
v 0.233549 -0.562292 -2.819372
v 0.236715 -0.282285 -2.860529
v 0.518481 0.000185 -2.840126
v 0.790749 0.282302 -2.765200
v 1.042966 0.562309 -2.638212
v 1.265987 0.836336 -2.464438
v 1.450313 1.102624 -2.250564
v 1.589965 1.358359 -2.005030
v 1.678611 1.600728 -1.736983
v 1.713084 1.827969 -1.456624
v 1.692681 2.037622 -1.175210
v 1.799619 2.037622 -1.006010
v 1.889671 2.037622 -0.827312
v 1.961432 2.037622 -0.640875
v 2.014900 2.037622 -0.448458
v 2.049373 2.037622 -0.251116
v 2.064500 2.037622 -0.051664
v 2.059575 2.037622 0.147788
v 2.034951 2.037622 0.346537
v 1.991332 2.037622 0.541768
v 2.174603 1.827969 0.592422
v 2.336768 1.600728 0.637097
v 2.477123 1.358359 0.675792
v 2.593559 1.102624 0.707802
v 2.685370 0.836336 0.733129
v 2.751854 0.562309 0.751422
v 2.791604 0.282302 0.762678
v 2.804971 0.000185 0.766196
v 2.853163 -0.282285 0.487948
v 2.846128 -0.562292 0.205478
v 2.783865 -0.836319 -0.069956
v 2.669188 -1.102607 -0.328153
v 2.506671 -1.358342 -0.558913
v 2.301943 -1.600710 -0.753792
v 2.063444 -1.827952 -0.904701
v 1.799619 -2.037606 -1.006010
v 1.521019 -2.227560 -1.054202
v 1.410915 -2.227560 -1.195612
v 1.287093 -2.227560 -1.325415
v 1.150959 -2.227560 -1.442553
v 1.004624 -2.227560 -1.545621
v 0.848087 -2.227560 -1.634267
v 0.684163 -2.227560 -1.706731
v 0.513908 -2.227560 -1.762662
v 0.338727 -2.227560 -1.801708
v 0.374608 -2.037606 -2.008196
v 0.406970 -1.827952 -2.195688
v 0.435464 -1.600710 -2.361722
v 0.460439 -1.358342 -2.504892
v 0.480842 -1.102607 -2.623789
v 0.497375 -0.836319 -2.718063
v 0.508983 -0.562292 -2.785603
v 0.516019 -0.282285 -2.826408
v 0.794267 0.000185 -2.778215
v 1.057741 0.282302 -2.676906
v 1.296591 0.562309 -2.525998
v 1.500968 0.836336 -2.331119
v 1.664188 1.102624 -2.100359
v 1.778512 1.358359 -1.842162
v 1.840424 1.600728 -1.566727
v 1.847459 1.827969 -1.284258
v 1.964949 1.827969 -1.099580
v 2.063444 1.827969 -0.904701
v 2.141888 1.827969 -0.700675
v 2.200282 1.827969 -0.489967
v 2.237921 1.827969 -0.274685
v 2.254102 1.827969 -0.056589
v 2.248826 1.827969 0.161859
v 2.222443 1.827969 0.378900
v 2.388478 1.600728 0.407393
v 2.531647 1.358359 0.432368
v 2.650545 1.102624 0.452771
v 2.744467 0.836336 0.469304
v 2.812006 0.562309 0.480912
v 2.853163 0.282302 0.487948
v 2.866882 0.000185 0.490410
v 2.887285 -0.282285 0.208644
v 2.852811 -0.562292 -0.071715
v 2.764166 -0.836319 -0.339762
v 2.624514 -1.102607 -0.585647
v 2.440187 -1.358342 -0.799522
v 2.217167 -1.600710 -0.972944
v 1.964949 -1.827952 -1.099580
v 1.692681 -2.037606 -1.175210
v 1.569563 -2.037606 -1.332450
v 1.431318 -2.037606 -1.477027
v 1.280058 -2.037606 -1.607884
v 1.116486 -2.037606 -1.722912
v 0.942361 -2.037606 -1.821407
v 0.759442 -2.037606 -1.902314
v 0.569839 -2.037606 -1.964577
v 0.620493 -1.827952 -2.147848
v 0.665168 -1.600710 -2.310013
v 0.703862 -1.358342 -2.450368
v 0.735873 -1.102607 -2.567155
v 0.761200 -0.836319 -2.658614
v 0.779492 -0.562292 -2.725099
v 0.790749 -0.282285 -2.765200
v 1.062665 0.000185 -2.689570
v 1.315234 0.282302 -2.562934
v 1.537903 0.562309 -2.389512
v 1.722581 0.836336 -2.175637
v 1.861881 1.102624 -1.929752
v 1.950527 1.358359 -1.661705
v 1.985704 1.600728 -1.381346
v 2.111285 1.600728 -1.182949
v 2.217167 1.600728 -0.972944
v 2.301943 1.600728 -0.753792
v 2.364910 1.600728 -0.526902
v 2.405363 1.600728 -0.295439
v 2.422247 1.600728 -0.060810
v 2.416971 1.600728 0.174171
v 2.561899 1.358359 0.185076
v 2.682555 1.102624 0.193518
v 2.777533 0.836336 0.200553
v 2.846128 0.562309 0.205478
v 2.887285 0.282302 0.208644
v 2.901355 0.000185 0.209348
v 2.894320 -0.282285 -0.072418
v 2.832057 -0.562292 -0.348204
v 2.717732 -0.836319 -0.606402
v 2.554864 -1.102607 -0.837161
v 2.350135 -1.358342 -1.031689
v 2.111285 -1.600710 -1.182949
v 1.847459 -1.827952 -1.284258
v 1.713084 -1.827952 -1.456624
v 1.562176 -1.827952 -1.614920
v 1.396845 -1.827952 -1.757385
v 1.217795 -1.827952 -1.882967
v 1.027488 -1.827952 -1.990959
v 0.828036 -1.827952 -2.079605
v 0.888189 -1.600710 -2.236493
v 0.940602 -1.358342 -2.372276
v 0.984221 -1.102607 -2.484841
v 1.017991 -0.836319 -2.574190
v 1.042966 -0.562292 -2.638212
v 1.057741 -0.282285 -2.676906
v 1.321566 0.000185 -2.575246
v 1.560417 0.282302 -2.424337
v 1.764793 0.562309 -2.229809
v 1.927310 0.836336 -1.998698
v 2.042339 1.102624 -1.740852
v 2.104249 1.358359 -1.465067
v 2.237921 1.358359 -1.254709
v 2.350135 1.358359 -1.031689
v 2.440187 1.358359 -0.799522
v 2.506671 1.358359 -0.558913
v 2.549236 1.358359 -0.313379
v 2.567879 1.358359 -0.064328
v 2.688536 1.102624 -0.067494
v 2.783865 0.836336 -0.069956
v 2.852811 0.562309 -0.071715
v 2.894320 0.282302 -0.072418
v 2.908039 0.000185 -0.072770
v 2.873214 -0.282285 -0.353481
v 2.784568 -0.562292 -0.621528
v 2.645268 -0.836319 -0.867062
v 2.460239 -1.102607 -1.080936
v 2.237921 -1.358342 -1.254709
v 1.985704 -1.600710 -1.381346
v 1.840424 -1.600710 -1.566727
v 1.678611 -1.600710 -1.736983
v 1.500264 -1.600710 -1.890354
v 1.307847 -1.600710 -2.025784
v 1.103119 -1.600710 -2.141164
v 1.168547 -1.358342 -2.271318
v 1.223071 -1.102607 -2.379311
v 1.265987 -0.836319 -2.464438
v 1.296591 -0.562292 -2.525998
v 1.315234 -0.282285 -2.562934
v 1.567452 0.000185 -2.435945
v 1.790121 0.282302 -2.262524
v 1.974799 0.562309 -2.048649
v 2.114451 0.836336 -1.802764
v 2.203096 1.102624 -1.534716
v 2.343100 1.102624 -1.314158
v 2.460239 1.102624 -1.080936
v 2.554864 1.102624 -0.837161
v 2.624514 1.102624 -0.585647
v 2.669188 1.102624 -0.328153
v 2.764166 0.836336 -0.339762
v 2.832057 0.562309 -0.348204
v 2.873214 0.282302 -0.353481
v 2.887285 0.000185 -0.354888
v 2.825022 -0.282285 -0.630674
v 2.710345 -0.562292 -0.888871
v 2.547828 -0.836319 -1.119631
v 2.343100 -1.102607 -1.314158
v 2.104249 -1.358342 -1.465067
v 1.950527 -1.358342 -1.661705
v 1.778512 -1.358342 -1.842162
v 1.589965 -1.358342 -2.005030
v 1.385588 -1.358342 -2.148551
v 1.450313 -1.102607 -2.250564
v 1.500968 -0.836319 -2.331119
v 1.537903 -0.562292 -2.389512
v 1.560417 -0.282285 -2.424337
v 1.798915 0.000185 -2.273429
v 2.003644 0.282302 -2.078901
v 2.166161 0.562309 -1.847790
v 2.280837 0.836336 -1.589592
v 2.425765 0.836336 -1.361295
v 2.547828 0.836336 -1.119631
v 2.645268 0.836336 -0.867062
v 2.717732 0.836336 -0.606402
v 2.784568 0.562309 -0.621528
v 2.825022 0.282302 -0.630674
v 2.838740 0.000185 -0.633840
v 2.749743 -0.282285 -0.901887
v 2.610443 -0.562292 -1.147420
v 2.425765 -0.836319 -1.361295
v 2.203096 -1.102607 -1.534716
v 2.042339 -1.102607 -1.740852
v 1.861881 -1.102607 -1.929752
v 1.664188 -1.102607 -2.100359
v 1.722581 -0.836319 -2.175637
v 1.764793 -0.562292 -2.229809
v 1.790121 -0.282285 -2.262524
v 2.013142 0.000185 -2.088751
v 2.197468 0.282302 -1.874876
v 2.337120 0.562309 -1.629342
v 2.485566 0.562309 -1.395065
v 2.610443 0.562309 -1.147420
v 2.710345 0.562309 -0.888871
v 2.749743 0.282302 -0.901887
v 2.762758 0.000185 -0.906108
v 2.648434 -0.282285 -1.164305
v 2.485566 -0.562292 -1.395065
v 2.280837 -0.836319 -1.589592
v 2.114451 -0.836319 -1.802764
v 1.927310 -0.836319 -1.998698
v 1.974799 -0.562292 -2.048649
v 2.003644 -0.282285 -2.078901
v 2.208373 0.000185 -1.884022
v 2.370889 0.282302 -1.653614
v 2.521798 0.282302 -1.415467
v 2.648434 0.282302 -1.164305
v 2.660746 0.000185 -1.169933
v 2.521798 -0.282285 -1.415467
v 2.337120 -0.562292 -1.629342
v 2.166161 -0.562292 -1.847790
v 2.197468 -0.282285 -1.874876
v 2.382146 0.000185 -1.661001
v 2.533758 0.000185 -1.422503
v 2.370889 -0.282285 -1.653614
vn -0.0000 -1.0000 -0.0000
vn -0.0397 -0.9949 -0.0926
vn -0.0308 -0.9949 -0.0966
vn -0.0218 -0.9949 -0.0982
vn -0.0130 -0.9952 -0.0974
vn -0.0025 -0.9951 -0.0989
vn 0.0066 -0.9951 -0.0991
vn 0.0169 -0.9951 -0.0977
vn 0.0262 -0.9950 -0.0963
vn 0.0353 -0.9951 -0.0926
vn 0.0442 -0.9949 -0.0906
vn 0.0532 -0.9950 -0.0842
vn 0.0600 -0.9950 -0.0799
vn 0.0688 -0.9951 -0.0712
vn 0.0756 -0.9951 -0.0644
vn 0.0820 -0.9951 -0.0554
vn -0.5772 0.4699 -0.6678
vn -0.5444 0.5548 -0.6292
vn -0.4797 0.5535 -0.6809
vn -0.3834 0.6346 -0.6710
vn -0.4455 0.6331 -0.6331
vn -0.5063 0.6346 -0.5839
vn -0.5612 0.6322 -0.5342
vn -0.6030 0.5556 -0.5724
vn -0.6421 0.4707 -0.6051
vn -0.6710 0.3834 -0.6347
vn -0.6912 0.2893 -0.6622
vn -0.6037 0.3826 -0.6994
vn -0.5093 0.4727 -0.7191
vn -0.4099 0.5552 -0.7237
vn -0.3141 0.6347 -0.7060
vn -0.2224 0.7049 -0.6735
vn -0.2891 0.7067 -0.6457
vn -0.3464 0.7060 -0.6177
vn -0.4075 0.7056 -0.5797
vn -0.4637 0.7072 -0.5338
vn -0.5146 0.7051 -0.4879
vn -0.5590 0.7054 -0.4359
vn -0.6092 0.6328 -0.4779
vn -0.6542 0.5530 -0.5160
vn -0.6985 0.4679 -0.5414
vn -0.7293 0.3810 -0.5683
vn -0.7538 0.2875 -0.5909
vn -0.7744 0.1936 -0.6023
vn -0.7835 0.0965 -0.6139
vn -0.7119 0.1950 -0.6747
vn -0.6255 0.2888 -0.7249
vn -0.5327 0.3823 -0.7550
vn -0.4357 0.4717 -0.7666
vn -0.3363 0.5562 -0.7600
vn -0.2430 0.6335 -0.7346
vn -0.1549 0.7076 -0.6894
vn -0.0783 0.7711 -0.6319
vn -0.1409 0.7736 -0.6177
vn -0.2004 0.7710 -0.6044
vn -0.2585 0.7724 -0.5801
vn -0.3142 0.7727 -0.5515
vn -0.3666 0.7721 -0.5191
vn -0.4178 0.7735 -0.4765
vn -0.4578 0.7717 -0.4415
vn -0.5015 0.7719 -0.3908
vn -0.5353 0.7738 -0.3386
vn -0.5961 0.7080 -0.3787
vn -0.6551 0.6352 -0.4091
vn -0.7029 0.5564 -0.4431
vn -0.7464 0.4722 -0.4690
vn -0.7815 0.3826 -0.4929
vn -0.8073 0.2901 -0.5140
vn -0.8295 0.1938 -0.5238
vn -0.8407 0.0979 -0.5326
vn -0.8453 -0.0000 -0.5344
vn -0.8407 -0.0979 -0.5326
vn -0.7882 -0.0000 -0.6154
vn -0.7212 0.0971 -0.6859
vn -0.6425 0.1946 -0.7412
vn -0.5537 0.2927 -0.7796
vn -0.4564 0.3825 -0.8034
vn -0.3584 0.4704 -0.8064
vn -0.2607 0.5528 -0.7915
vn -0.1709 0.6347 -0.7536
vn -0.0878 0.7059 -0.7029
vn -0.0167 0.7720 -0.6354
vn 0.0391 0.8310 -0.5549
vn -0.0139 0.8308 -0.5564
vn -0.0682 0.8297 -0.5540
vn -0.1199 0.8305 -0.5439
vn -0.1742 0.8289 -0.5316
vn -0.2267 0.8305 -0.5087
vn -0.2770 0.8310 -0.4824
vn -0.3208 0.8302 -0.4559
vn -0.3635 0.8313 -0.4205
vn -0.4023 0.8299 -0.3865
vn -0.4387 0.8301 -0.3440
vn -0.4719 0.8313 -0.2937
vn -0.4972 0.8308 -0.2501
vn -0.5662 0.7729 -0.2863
vn -0.6321 0.7067 -0.3177
vn -0.6904 0.6348 -0.3469
vn -0.7427 0.5561 -0.3730
vn -0.7896 0.4725 -0.3916
vn -0.8257 0.3843 -0.4129
vn -0.8542 0.2899 -0.4317
vn -0.8754 0.1922 -0.4436
vn -0.8878 0.0983 -0.4495
vn -0.8935 -0.0000 -0.4490
vn -0.8878 -0.0983 -0.4495
vn -0.8754 -0.1922 -0.4436
vn -0.8295 -0.1938 -0.5238
vn -0.8542 -0.2899 -0.4317
vn -0.8072 -0.2901 -0.5140
vn -0.8257 -0.3843 -0.4129
vn -0.7812 -0.3792 -0.4959
vn -0.7896 -0.4725 -0.3915
vn -0.7464 -0.4722 -0.4690
vn -0.7427 -0.5562 -0.3730
vn -0.7029 -0.5563 -0.4431
vn -0.6904 -0.6348 -0.3469
vn -0.6551 -0.6352 -0.4090
vn -0.6321 -0.7067 -0.3177
vn -0.5960 -0.7080 -0.3787
vn -0.5663 -0.7729 -0.2862
vn -0.5353 -0.7738 -0.3386
vn -0.4971 -0.8309 -0.2499
vn -0.4719 -0.8313 -0.2938
vn -0.4387 -0.8302 -0.3440
vn -0.5014 -0.7719 -0.3908
vn -0.5589 -0.7054 -0.4359
vn -0.6092 -0.6328 -0.4779
vn -0.6542 -0.5530 -0.5159
vn -0.6985 -0.4679 -0.5414
vn -0.7292 -0.3811 -0.5683
vn -0.7538 -0.2875 -0.5909
vn -0.7744 -0.1936 -0.6023
vn -0.7835 -0.0965 -0.6139
vn -0.7222 -0.0000 -0.6917
vn -0.6489 0.0969 -0.7547
vn -0.5657 0.1957 -0.8011
vn -0.4703 0.2866 -0.8347
vn -0.3764 0.3827 -0.8437
vn -0.2760 0.4715 -0.8375
vn -0.1818 0.5545 -0.8121
vn -0.0936 0.6319 -0.7694
vn -0.0168 0.7056 -0.7084
vn 0.0484 0.7738 -0.6316
vn 0.0952 0.8309 -0.5482
vn 0.1259 0.8815 -0.4552
vn 0.0811 0.8806 -0.4669
vn 0.0353 0.8822 -0.4696
vn -0.0108 0.8812 -0.4726
vn -0.0581 0.8813 -0.4689
vn -0.1048 0.8808 -0.4617
vn -0.1507 0.8807 -0.4490
vn -0.1915 0.8808 -0.4330
vn -0.2329 0.8809 -0.4121
vn -0.2714 0.8804 -0.3889
vn -0.3091 0.8813 -0.3574
vn -0.3424 0.8818 -0.3242
vn -0.3751 0.8803 -0.2904
vn -0.3989 0.8817 -0.2520
vn -0.4214 0.8813 -0.2136
vn -0.4417 0.8804 -0.1726
vn -0.5223 0.8289 -0.2004
vn -0.5932 0.7712 -0.2311
vn -0.6607 0.7052 -0.2573
vn -0.7226 0.6329 -0.2781
vn -0.7756 0.5554 -0.3000
vn -0.8250 0.4692 -0.3149
vn -0.8615 0.3829 -0.3335
vn -0.8933 0.2898 -0.3436
vn -0.9155 0.1946 -0.3520
vn -0.9288 0.0975 -0.3574
vn -0.9332 0.0002 -0.3594
vn -0.9288 -0.0975 -0.3574
vn -0.9155 -0.1946 -0.3521
vn -0.8933 -0.2898 -0.3435
vn -0.8615 -0.3829 -0.3335
vn -0.8250 -0.4692 -0.3149
vn -0.7756 -0.5554 -0.3000
vn -0.7224 -0.6330 -0.2781
vn -0.6607 -0.7052 -0.2573
vn -0.5932 -0.7712 -0.2311
vn -0.5223 -0.8289 -0.2004
vn -0.4417 -0.8804 -0.1726
vn -0.4214 -0.8813 -0.2136
vn -0.3989 -0.8817 -0.2520
vn -0.3751 -0.8803 -0.2904
vn -0.3424 -0.8818 -0.3243
vn -0.4023 -0.8299 -0.3864
vn -0.4578 -0.7717 -0.4414
vn -0.5146 -0.7051 -0.4879
vn -0.5612 -0.6322 -0.5342
vn -0.6030 -0.5556 -0.5725
vn -0.6421 -0.4707 -0.6052
vn -0.6710 -0.3834 -0.6346
vn -0.6912 -0.2893 -0.6623
vn -0.7118 -0.1950 -0.6747
vn -0.7211 -0.0974 -0.6859
vn -0.6513 -0.0000 -0.7589
vn -0.5726 0.0988 -0.8139
vn -0.4825 0.1948 -0.8540
vn -0.3888 0.2887 -0.8749
vn -0.2877 0.3816 -0.8784
vn -0.1941 0.4719 -0.8600
vn -0.1016 0.5571 -0.8242
vn -0.0196 0.6337 -0.7733
vn 0.0516 0.7076 -0.7047
vn 0.1090 0.7727 -0.6253
vn 0.1480 0.8307 -0.5367
vn 0.1695 0.8797 -0.4442
vn 0.1717 0.9233 -0.3434
vn 0.1391 0.9230 -0.3587
vn 0.1039 0.9236 -0.3689
vn 0.0669 0.9236 -0.3775
vn 0.0261 0.9219 -0.3865
vn -0.0102 0.9232 -0.3842
vn -0.0476 0.9233 -0.3810
vn -0.0839 0.9228 -0.3761
vn -0.1213 0.9235 -0.3639
vn -0.1567 0.9236 -0.3499
vn -0.1897 0.9232 -0.3342
vn -0.2228 0.9228 -0.3143
vn -0.2523 0.9233 -0.2896
vn -0.2782 0.9235 -0.2639
vn -0.3037 0.9226 -0.2378
vn -0.3240 0.9237 -0.2046
vn -0.3435 0.9233 -0.1717
vn -0.3587 0.9231 -0.1390
vn -0.3714 0.9229 -0.1010
vn -0.4553 0.8814 -0.1258
vn -0.5345 0.8315 -0.1514
vn -0.6137 0.7717 -0.1671
vn -0.6820 0.7067 -0.1883
vn -0.7461 0.6347 -0.2013
vn -0.8005 0.5564 -0.2226
vn -0.8518 0.4685 -0.2343
vn -0.8901 0.3810 -0.2501
vn -0.9222 0.2902 -0.2556
vn -0.9457 0.1947 -0.2604
vn -0.9583 0.0958 -0.2693
vn -0.9636 -0.0000 -0.2673
vn -0.9583 -0.0958 -0.2693
vn -0.9457 -0.1946 -0.2604
vn -0.9222 -0.2901 -0.2557
vn -0.8901 -0.3810 -0.2501
vn -0.8518 -0.4685 -0.2343
vn -0.8005 -0.5564 -0.2226
vn -0.7461 -0.6347 -0.2013
vn -0.6819 -0.7068 -0.1883
vn -0.6137 -0.7717 -0.1671
vn -0.5345 -0.8315 -0.1514
vn -0.4552 -0.8814 -0.1259
vn -0.3714 -0.9230 -0.1010
vn -0.3587 -0.9230 -0.1391
vn -0.3434 -0.9233 -0.1718
vn -0.3240 -0.9237 -0.2046
vn -0.3037 -0.9226 -0.2378
vn -0.2782 -0.9235 -0.2640
vn -0.2523 -0.9233 -0.2896
vn -0.3093 -0.8812 -0.3575
vn -0.3635 -0.8313 -0.4205
vn -0.4178 -0.7735 -0.4765
vn -0.4637 -0.7072 -0.5338
vn -0.5063 -0.6346 -0.5839
vn -0.5445 -0.5547 -0.6292
vn -0.5772 -0.4699 -0.6679
vn -0.6037 -0.3826 -0.6994
vn -0.6255 -0.2887 -0.7249
vn -0.6424 -0.1946 -0.7412
vn -0.6489 -0.0969 -0.7547
vn -0.5784 -0.0000 -0.8158
vn -0.4933 0.0998 -0.8641
vn -0.3988 0.1922 -0.8967
vn -0.3025 0.2908 -0.9077
vn -0.2036 0.3811 -0.9018
vn -0.1082 0.4728 -0.8745
vn -0.0221 0.5539 -0.8323
vn 0.0572 0.6355 -0.7700
vn 0.1224 0.7077 -0.6958
vn 0.1671 0.7717 -0.6136
vn 0.2004 0.8289 -0.5223
vn 0.2137 0.8814 -0.4214
vn 0.2046 0.9236 -0.3241
vn 0.1790 0.9566 -0.2298
vn 0.1568 0.9569 -0.2446
vn 0.1318 0.9570 -0.2584
vn 0.1072 0.9564 -0.2717
vn 0.0773 0.9559 -0.2833
vn 0.0481 0.9563 -0.2884
vn 0.0199 0.9559 -0.2929
vn -0.0074 0.9571 -0.2896
vn -0.0352 0.9561 -0.2911
vn -0.0639 0.9560 -0.2863
vn -0.0934 0.9569 -0.2749
vn -0.1182 0.9562 -0.2679
vn -0.1431 0.9565 -0.2543
vn -0.1679 0.9568 -0.2372
vn -0.1898 0.9570 -0.2192
vn -0.2117 0.9565 -0.2009
vn -0.2298 0.9566 -0.1790
vn -0.2471 0.9566 -0.1541
vn -0.2609 0.9567 -0.1291
vn -0.2717 0.9564 -0.1072
vn -0.2810 0.9564 -0.0799
vn -0.2884 0.9563 -0.0481
vn -0.3775 0.9236 -0.0669
vn -0.4669 0.8806 -0.0811
vn -0.5482 0.8309 -0.0952
vn -0.6273 0.7716 -0.1060
vn -0.6976 0.7065 -0.1193
vn -0.7622 0.6338 -0.1314
vn -0.8195 0.5551 -0.1424
vn -0.8688 0.4723 -0.1487
vn -0.9105 0.3829 -0.1560
vn -0.9430 0.2897 -0.1638
vn -0.9666 0.1949 -0.1662
vn -0.9804 0.0978 -0.1712
vn -0.9855 -0.0000 -0.1694
vn -0.9804 -0.0978 -0.1711
vn -0.9666 -0.1949 -0.1663
vn -0.9430 -0.2897 -0.1640
vn -0.9105 -0.3829 -0.1560
vn -0.8688 -0.4722 -0.1487
vn -0.8195 -0.5552 -0.1424
vn -0.7622 -0.6338 -0.1315
vn -0.6976 -0.7065 -0.1193
vn -0.6273 -0.7716 -0.1060
vn -0.5484 -0.8308 -0.0952
vn -0.4669 -0.8806 -0.0811
vn -0.3775 -0.9236 -0.0669
vn -0.2884 -0.9563 -0.0481
vn -0.2810 -0.9564 -0.0799
vn -0.2717 -0.9564 -0.1072
vn -0.2609 -0.9567 -0.1291
vn -0.2471 -0.9566 -0.1542
vn -0.2298 -0.9567 -0.1790
vn -0.2117 -0.9565 -0.2009
vn -0.1898 -0.9570 -0.2192
vn -0.1679 -0.9568 -0.2372
vn -0.2228 -0.9228 -0.3142
vn -0.2713 -0.8804 -0.3890
vn -0.3208 -0.8302 -0.4560
vn -0.3666 -0.7721 -0.5191
vn -0.4075 -0.7056 -0.5797
vn -0.4455 -0.6331 -0.6330
vn -0.4797 -0.5535 -0.6809
vn -0.5094 -0.4728 -0.7191
vn -0.5327 -0.3823 -0.7551
vn -0.5537 -0.2927 -0.7796
vn -0.5657 -0.1957 -0.8011
vn -0.5726 -0.0988 -0.8139
vn -0.4934 0.0001 -0.8698
vn -0.4036 0.0995 -0.9095
vn -0.3086 0.1936 -0.9313
vn -0.2107 0.2922 -0.9328
vn -0.1133 0.3813 -0.9175
vn -0.0214 0.4706 -0.8821
vn 0.0594 0.5570 -0.8284
vn 0.1314 0.6338 -0.7622
vn 0.1884 0.7068 -0.6819
vn 0.2310 0.7712 -0.5932
vn 0.2501 0.8308 -0.4972
vn 0.2519 0.8817 -0.3989
vn 0.2349 0.9224 -0.3065
vn 0.2009 0.9565 -0.2117
vn 0.1499 0.9807 -0.1253
vn 0.1355 0.9804 -0.1429
vn 0.1229 0.9807 -0.1524
vn 0.1052 0.9804 -0.1664
vn 0.0876 0.9806 -0.1752
vn 0.0700 0.9805 -0.1835
vn 0.0526 0.9806 -0.1889
vn 0.0331 0.9805 -0.1938
vn 0.0140 0.9806 -0.1957
vn -0.0048 0.9804 -0.1967
vn -0.0235 0.9800 -0.1974
vn -0.0427 0.9809 -0.1900
vn -0.0625 0.9807 -0.1851
vn -0.0801 0.9805 -0.1795
vn -0.0977 0.9804 -0.1712
vn -0.1152 0.9809 -0.1570
vn -0.1278 0.9808 -0.1474
vn -0.1404 0.9804 -0.1380
vn -0.1549 0.9806 -0.1204
vn -0.1667 0.9804 -0.1054
vn -0.1752 0.9806 -0.0876
vn -0.1835 0.9805 -0.0700
vn -0.1890 0.9806 -0.0526
vn -0.1939 0.9805 -0.0332
vn -0.1958 0.9805 -0.0141
vn -0.2908 0.9565 -0.0223
vn -0.3820 0.9236 -0.0314
vn -0.4718 0.8811 -0.0325
vn -0.5549 0.8310 -0.0391
vn -0.6334 0.7725 -0.0454
vn -0.7048 0.7076 -0.0516
vn -0.7713 0.6342 -0.0543
vn -0.8284 0.5570 -0.0594
vn -0.8799 0.4707 -0.0641
vn -0.9223 0.3807 -0.0670
vn -0.9543 0.2908 -0.0695
vn -0.9783 0.1947 -0.0705
vn -0.9925 0.0979 -0.0729
vn -0.9973 -0.0000 -0.0733
vn -0.9925 -0.0978 -0.0729
vn -0.9783 -0.1947 -0.0705
vn -0.9543 -0.2908 -0.0695
vn -0.9223 -0.3807 -0.0670
vn -0.8801 -0.4706 -0.0637
vn -0.8284 -0.5570 -0.0594
vn -0.7713 -0.6342 -0.0543
vn -0.7047 -0.7076 -0.0516
vn -0.6334 -0.7725 -0.0455
vn -0.5549 -0.8310 -0.0391
vn -0.4717 -0.8811 -0.0326
vn -0.3820 -0.9236 -0.0314
vn -0.2908 -0.9565 -0.0223
vn -0.1958 -0.9805 -0.0141
vn -0.1937 -0.9805 -0.0331
vn -0.1889 -0.9806 -0.0526
vn -0.1835 -0.9805 -0.0700
vn -0.1752 -0.9806 -0.0876
vn -0.1663 -0.9804 -0.1053
vn -0.1549 -0.9806 -0.1204
vn -0.1404 -0.9804 -0.1380
vn -0.1303 -0.9808 -0.1450
vn -0.1152 -0.9809 -0.1569
vn -0.0977 -0.9804 -0.1712
vn -0.1433 -0.9564 -0.2544
vn -0.1895 -0.9234 -0.3338
vn -0.2329 -0.8809 -0.4121
vn -0.2770 -0.8310 -0.4824
vn -0.3142 -0.7727 -0.5516
vn -0.3464 -0.7060 -0.6177
vn -0.3834 -0.6346 -0.6710
vn -0.4102 -0.5551 -0.7236
vn -0.4357 -0.4717 -0.7666
vn -0.4561 -0.3823 -0.8037
vn -0.4703 -0.2866 -0.8347
vn -0.4825 -0.1948 -0.8539
vn -0.4933 -0.0998 -0.8641
vn -0.4054 -0.0000 -0.9141
vn -0.3131 0.0982 -0.9446
vn -0.2171 0.1956 -0.9564
vn -0.1171 0.2896 -0.9500
vn -0.0234 0.3794 -0.9249
vn 0.0635 0.4704 -0.8802
vn 0.1425 0.5552 -0.8194
vn 0.2081 0.6368 -0.7424
vn 0.2538 0.7043 -0.6630
vn 0.2863 0.7730 -0.5662
vn 0.3003 0.8322 -0.4662
vn 0.2904 0.8803 -0.3751
vn 0.2668 0.9236 -0.2754
vn 0.2192 0.9570 -0.1898
vn 0.1618 0.9806 -0.1103
vn -0.1608 -0.2891 0.9437
vn -0.2636 -0.1950 0.9447
vn -0.2556 -0.2902 0.9222
vn -0.3471 -0.2903 0.8918
vn -0.3521 -0.1946 0.9155
vn -0.3577 -0.0976 0.9287
vn -0.3592 -0.0000 0.9333
vn -0.2632 -0.0955 0.9600
vn -0.1692 -0.1953 0.9660
vn -0.0695 -0.2905 0.9543
vn 0.0234 -0.3793 0.9250
vn -0.0670 -0.3807 0.9223
vn -0.1592 -0.3837 0.9096
vn -0.2432 -0.3796 0.8926
vn -0.3334 -0.3829 0.8615
vn -0.4129 -0.3843 0.8257
vn -0.4281 -0.2895 0.8561
vn -0.4401 -0.1920 0.8772
vn -0.4461 -0.0983 0.8896
vn -0.4493 -0.0000 0.8934
vn -0.4459 0.0983 0.8897
vn -0.3574 0.0973 0.9289
vn -0.4401 0.1920 0.8772
vn -0.3520 0.1946 0.9156
vn -0.4281 0.2895 0.8561
vn -0.3471 0.2903 0.8918
vn -0.4129 0.3843 0.8257
vn -0.3334 0.3829 0.8615
vn -0.2431 0.3796 0.8926
vn -0.2556 0.2902 0.9222
vn -0.2636 0.1950 0.9447
vn -0.2632 0.0955 0.9600
vn -0.2673 -0.0000 0.9636
vn -0.1684 -0.0976 0.9809
vn -0.0731 -0.1951 0.9781
vn 0.0249 -0.2914 0.9563
vn 0.1133 -0.3814 0.9174
vn 0.1941 -0.4718 0.8601
vn 0.1082 -0.4728 0.8745
vn 0.0215 -0.4706 0.8821
vn -0.0636 -0.4704 0.8801
vn -0.1487 -0.4723 0.8688
vn -0.2343 -0.4685 0.8518
vn -0.3149 -0.4692 0.8250
vn -0.3990 -0.4737 0.7851
vn -0.4727 -0.4727 0.7437
vn -0.4959 -0.3792 0.7812
vn -0.5105 -0.2898 0.8096
vn -0.5238 -0.1938 0.8295
vn -0.5327 -0.0979 0.8407
vn -0.5345 0.0001 0.8452
vn -0.5326 0.0979 0.8407
vn -0.5238 0.1938 0.8295
vn -0.5104 0.2898 0.8096
vn -0.4959 0.3792 0.7812
vn -0.4727 0.4727 0.7438
vn -0.3991 0.4737 0.7851
vn -0.3149 0.4692 0.8250
vn -0.2343 0.4685 0.8518
vn -0.1487 0.4723 0.8688
vn -0.1592 0.3837 0.9096
vn -0.1610 0.2891 0.9437
vn -0.1693 0.1953 0.9660
vn -0.1684 0.0976 0.9809
vn -0.1695 -0.0000 0.9855
vn -0.0729 -0.0978 0.9925
vn 0.0234 -0.1947 0.9806
vn 0.1168 -0.2894 0.9501
vn 0.2036 -0.3811 0.9018
vn 0.2761 -0.4715 0.8375
vn 0.3364 -0.5562 0.7600
vn 0.2607 -0.5528 0.7915
vn 0.1819 -0.5546 0.8120
vn 0.1016 -0.5571 0.8242
vn 0.0220 -0.5539 0.8323
vn -0.0594 -0.5570 0.8284
vn -0.1426 -0.5552 0.8194
vn -0.2191 -0.5554 0.8022
vn -0.3000 -0.5554 0.7756
vn -0.3730 -0.5561 0.7427
vn -0.4431 -0.5563 0.7029
vn -0.5087 -0.5525 0.6603
vn -0.5414 -0.4679 0.6985
vn -0.5683 -0.3811 0.7293
vn -0.5909 -0.2875 0.7538
vn -0.6023 -0.1936 0.7744
vn -0.6107 -0.0964 0.7860
vn -0.6153 -0.0000 0.7883
vn -0.6107 0.0964 0.7860
vn -0.6023 0.1936 0.7744
vn -0.5909 0.2875 0.7538
vn -0.5683 0.3812 0.7292
vn -0.5414 0.4679 0.6985
vn -0.5087 0.5525 0.6603
vn -0.4431 0.5564 0.7029
vn -0.3730 0.5561 0.7427
vn -0.3000 0.5554 0.7756
vn -0.2191 0.5554 0.8022
vn -0.1424 0.5552 0.8195
vn -0.0594 0.5570 0.8284
vn -0.0635 0.4704 0.8801
vn -0.0670 0.3808 0.9222
vn -0.0697 0.2904 0.9544
vn -0.0732 0.1951 0.9780
vn -0.0729 0.0979 0.9925
vn -0.0733 -0.0000 0.9973
vn 0.0240 -0.0984 0.9949
vn 0.1213 -0.1971 0.9729
vn 0.2107 -0.2922 0.9328
vn 0.2877 -0.3816 0.8784
vn 0.3586 -0.4705 0.8062
vn 0.4099 -0.5552 0.7237
vn 0.4455 -0.6331 0.6330
vn 0.3834 -0.6346 0.6710
vn 0.3141 -0.6347 0.7060
vn 0.2427 -0.6337 0.7345
vn 0.1708 -0.6346 0.7537
vn 0.0936 -0.6319 0.7694
vn 0.0195 -0.6338 0.7733
vn -0.0572 -0.6354 0.7700
vn -0.1317 -0.6336 0.7623
vn -0.2081 -0.6368 0.7424
vn -0.2781 -0.6330 0.7225
vn -0.3469 -0.6348 0.6904
vn -0.4164 -0.6362 0.6495
vn -0.4780 -0.6328 0.6092
vn -0.5342 -0.6322 0.5612
vn -0.5759 -0.5556 0.5997
vn -0.6085 -0.4707 0.6389
vn -0.6380 -0.3835 0.6677
vn -0.6590 -0.2893 0.6943
vn -0.6747 -0.1950 0.7119
vn -0.6859 -0.0972 0.7212
vn -0.6891 -0.0000 0.7247
vn -0.6859 0.0972 0.7212
vn -0.6747 0.1950 0.7119
vn -0.6590 0.2893 0.6943
vn -0.6380 0.3835 0.6678
vn -0.6086 0.4707 0.6388
vn -0.5759 0.5556 0.5997
vn -0.5342 0.6322 0.5612
vn -0.4780 0.6328 0.6092
vn -0.4164 0.6362 0.6495
vn -0.3469 0.6348 0.6904
vn -0.2781 0.6330 0.7225
vn -0.2081 0.6368 0.7424
vn -0.1314 0.6338 0.7622
vn -0.0572 0.6354 0.7700
vn 0.0195 0.6337 0.7733
vn 0.0221 0.5539 0.8323
vn 0.0216 0.4706 0.8821
vn 0.0234 0.3793 0.9250
vn 0.0249 0.2914 0.9563
vn 0.0234 0.1947 0.9806
vn 0.0240 0.0984 0.9949
vn 0.0261 -0.0000 0.9997
vn 0.1229 -0.0968 0.9877
vn 0.2171 -0.1956 0.9564
vn 0.3025 -0.2908 0.9077
vn 0.3764 -0.3827 0.8438
vn 0.4357 -0.4717 0.7666
vn 0.4796 -0.5535 0.6809
vn 0.5063 -0.6346 0.5839
vn 0.5146 -0.7051 0.4879
vn 0.4637 -0.7072 0.5338
vn 0.4075 -0.7057 0.5796
vn 0.3464 -0.7060 0.6177
vn 0.2891 -0.7067 0.6457
vn 0.2224 -0.7049 0.6735
vn 0.1549 -0.7076 0.6894
vn 0.0878 -0.7059 0.7028
vn 0.0168 -0.7056 0.7084
vn -0.0516 -0.7076 0.7047
vn -0.1224 -0.7077 0.6958
vn -0.1882 -0.7068 0.6819
vn -0.2538 -0.7042 0.6630
vn -0.3177 -0.7067 0.6322
vn -0.3787 -0.7080 0.5961
vn -0.4359 -0.7054 0.5589
vn -0.4879 -0.7051 0.5146
vn -0.5338 -0.7072 0.4637
vn -0.5839 -0.6346 0.5063
vn -0.6292 -0.5547 0.5445
vn -0.6679 -0.4699 0.5772
vn -0.6994 -0.3827 0.6037
vn -0.7249 -0.2888 0.6255
vn -0.7412 -0.1946 0.6425
vn -0.7520 -0.0969 0.6520
vn -0.7588 -0.0000 0.6513
vn -0.7519 0.0969 0.6521
vn -0.7412 0.1945 0.6425
vn -0.7249 0.2887 0.6255
vn -0.6994 0.3827 0.6037
vn -0.6679 0.4699 0.5772
vn -0.6291 0.5547 0.5445
vn -0.5839 0.6346 0.5063
vn -0.5370 0.7070 0.4602
vn -0.4879 0.7051 0.5146
vn -0.4359 0.7053 0.5590
vn -0.3787 0.7080 0.5961
vn -0.3177 0.7067 0.6322
vn -0.2538 0.7042 0.6630
vn -0.1882 0.7068 0.6819
vn -0.1224 0.7077 0.6958
vn -0.0516 0.7076 0.7047
vn 0.0168 0.7056 0.7084
vn 0.0879 0.7058 0.7029
vn 0.0936 0.6319 0.7694
vn 0.1016 0.5571 0.8242
vn 0.1082 0.4729 0.8745
vn 0.1133 0.3814 0.9174
vn 0.1168 0.2893 0.9501
vn 0.1213 0.1970 0.9729
vn 0.1229 0.0968 0.9877
vn 0.1246 -0.0000 0.9922
vn 0.2189 -0.0956 0.9711
vn 0.3086 -0.1936 0.9313
vn 0.3888 -0.2886 0.8749
vn 0.4563 -0.3824 0.8034
vn 0.5094 -0.4727 0.7191
vn 0.5445 -0.5547 0.6291
vn 0.5612 -0.6323 0.5341
vn 0.5589 -0.7055 0.4359
vn 0.5353 -0.7738 0.3386
vn 0.5014 -0.7720 0.3907
vn 0.4578 -0.7717 0.4414
vn 0.4178 -0.7735 0.4765
vn 0.3667 -0.7721 0.5191
vn 0.3142 -0.7727 0.5515
vn 0.2586 -0.7724 0.5801
vn 0.2005 -0.7710 0.6045
vn 0.1410 -0.7737 0.6177
vn 0.0783 -0.7711 0.6319
vn 0.0167 -0.7720 0.6354
vn -0.0484 -0.7738 0.6315
vn -0.1091 -0.7727 0.6253
vn -0.1671 -0.7717 0.6137
vn -0.2311 -0.7712 0.5932
vn -0.2862 -0.7729 0.5662
vn -0.3386 -0.7738 0.5353
vn -0.3908 -0.7718 0.5016
vn -0.4381 -0.7718 0.4609
vn -0.4829 -0.7732 0.4111
vn -0.5191 -0.7721 0.3666
vn -0.5768 -0.7060 0.4110
vn -0.6331 -0.6331 0.4455
vn -0.6809 -0.5535 0.4797
vn -0.7219 -0.4724 0.5057
vn -0.7550 -0.3824 0.5327
vn -0.7822 -0.2925 0.5501
vn -0.8012 -0.1956 0.5655
vn -0.8139 -0.0988 0.5726
vn -0.8158 -0.0000 0.5784
vn -0.8138 0.0988 0.5726
vn -0.8011 0.1957 0.5657
vn -0.7822 0.2925 0.5501
vn -0.7550 0.3824 0.5327
vn -0.7191 0.4727 0.5094
vn -0.6809 0.5534 0.4797
vn -0.6331 0.6331 0.4455
vn -0.5767 0.7060 0.4110
vn -0.5191 0.7721 0.3666
vn -0.4828 0.7732 0.4111
vn -0.4382 0.7717 0.4609
vn -0.3908 0.7718 0.5015
vn -0.3386 0.7738 0.5353
vn -0.2863 0.7729 0.5662
vn -0.2311 0.7712 0.5932
vn -0.1671 0.7717 0.6137
vn -0.1091 0.7727 0.6253
vn -0.0484 0.7738 0.6316
vn 0.0167 0.7720 0.6355
vn 0.0783 0.7711 0.6319
vn 0.1410 0.7737 0.6177
vn 0.1549 0.7077 0.6894
vn 0.1708 0.6346 0.7537
vn 0.1818 0.5545 0.8121
vn 0.1941 0.4718 0.8600
vn 0.2036 0.3812 0.9018
vn 0.2107 0.2922 0.9329
vn 0.2171 0.1956 0.9564
vn 0.2189 0.0956 0.9711
vn 0.2198 -0.0001 0.9755
vn 0.3132 -0.0983 0.9446
vn 0.3988 -0.1922 0.8967
vn 0.4703 -0.2865 0.8347
vn 0.5325 -0.3820 0.7553
vn 0.5772 -0.4699 0.6679
vn 0.6030 -0.5556 0.5725
vn 0.6092 -0.6328 0.4779
vn 0.5960 -0.7080 0.3787
vn 0.5662 -0.7730 0.2863
vn 0.5223 -0.8289 0.2004
vn 0.4973 -0.8307 0.2502
vn 0.4719 -0.8313 0.2938
vn 0.4387 -0.8302 0.3440
vn 0.4023 -0.8299 0.3864
vn 0.3635 -0.8313 0.4205
vn 0.3208 -0.8302 0.4560
vn 0.2770 -0.8310 0.4824
vn 0.2266 -0.8306 0.5087
vn 0.1742 -0.8289 0.5315
vn 0.1200 -0.8305 0.5439
vn 0.0682 -0.8297 0.5540
vn 0.0137 -0.8309 0.5563
vn -0.0391 -0.8310 0.5549
vn -0.0952 -0.8308 0.5484
vn -0.1482 -0.8306 0.5368
vn -0.2004 -0.8289 0.5222
vn -0.2502 -0.8308 0.4972
vn -0.3003 -0.8322 0.4661
vn -0.3441 -0.8301 0.4387
vn -0.3833 -0.8299 0.4054
vn -0.4204 -0.8314 0.3635
vn -0.4559 -0.8302 0.3208
vn -0.4824 -0.8310 0.2770
vn -0.5515 -0.7727 0.3142
vn -0.6177 -0.7060 0.3465
vn -0.6710 -0.6346 0.3834
vn -0.7237 -0.5550 0.4102
vn -0.7690 -0.4712 0.4319
vn -0.8035 -0.3824 0.4562
vn -0.8325 -0.2869 0.4739
vn -0.8519 -0.1950 0.4860
vn -0.8660 -0.0997 0.4900
vn -0.8698 0.0001 0.4934
vn -0.8660 0.0997 0.4900
vn -0.8519 0.1950 0.4860
vn -0.8325 0.2869 0.4739
vn -0.8036 0.3823 0.4561
vn -0.7690 0.4712 0.4320
vn -0.7238 0.5552 0.4099
vn -0.6710 0.6346 0.3834
vn -0.6177 0.7060 0.3465
vn -0.5515 0.7727 0.3142
vn -0.4824 0.8310 0.2770
vn -0.4559 0.8302 0.3208
vn -0.4204 0.8313 0.3635
vn -0.3833 0.8299 0.4054
vn -0.3440 0.8301 0.4387
vn -0.3003 0.8322 0.4661
vn -0.2501 0.8308 0.4972
vn -0.2004 0.8289 0.5222
vn -0.1482 0.8306 0.5368
vn -0.0952 0.8309 0.5481
vn -0.0391 0.8310 0.5549
vn 0.0138 0.8308 0.5564
vn 0.0682 0.8297 0.5541
vn 0.1200 0.8305 0.5439
vn 0.1742 0.8289 0.5315
vn 0.2005 0.7710 0.6045
vn 0.2224 0.7049 0.6735
vn 0.2426 0.6337 0.7346
vn 0.2607 0.5528 0.7915
vn 0.2762 0.4715 0.8375
vn 0.2878 0.3816 0.8784
vn 0.3025 0.2908 0.9077
vn 0.3085 0.1936 0.9313
vn 0.3132 0.0983 0.9446
vn 0.3140 -0.0000 0.9494
vn 0.4036 -0.0995 0.9095
vn 0.4825 -0.1948 0.8540
vn 0.5537 -0.2927 0.7796
vn 0.6037 -0.3826 0.6994
vn 0.6421 -0.4707 0.6051
vn 0.6542 -0.5530 0.5159
vn 0.6551 -0.6352 0.4091
vn 0.6322 -0.7067 0.3177
vn 0.5932 -0.7712 0.2311
vn 0.5345 -0.8315 0.1514
vn 0.4668 -0.8806 0.0811
vn 0.4554 -0.8813 0.1261
vn 0.4417 -0.8804 0.1726
vn 0.4214 -0.8813 0.2136
vn 0.3990 -0.8816 0.2521
vn 0.3751 -0.8803 0.2904
vn 0.3424 -0.8818 0.3243
vn 0.3090 -0.8814 0.3573
vn 0.2714 -0.8804 0.3889
vn 0.2329 -0.8809 0.4121
vn 0.1915 -0.8808 0.4330
vn 0.1506 -0.8807 0.4490
vn 0.1047 -0.8809 0.4616
vn 0.0579 -0.8816 0.4685
vn 0.0107 -0.8812 0.4726
vn -0.0353 -0.8821 0.4697
vn -0.0811 -0.8806 0.4668
vn -0.1261 -0.8813 0.4554
vn -0.1726 -0.8804 0.4417
vn -0.2136 -0.8813 0.4214
vn -0.2520 -0.8817 0.3989
vn -0.2904 -0.8803 0.3751
vn -0.3243 -0.8818 0.3424
vn -0.3576 -0.8813 0.3090
vn -0.3861 -0.8807 0.2744
vn -0.4121 -0.8809 0.2329
vn -0.4330 -0.8808 0.1915
vn -0.5087 -0.8305 0.2267
vn -0.5801 -0.7724 0.2585
vn -0.6481 -0.7059 0.2856
vn -0.7060 -0.6347 0.3141
vn -0.7599 -0.5562 0.3363
vn -0.8064 -0.4704 0.3584
vn -0.8438 -0.3826 0.3763
vn -0.8749 -0.2886 0.3888
vn -0.8967 -0.1921 0.3988
vn -0.9095 -0.0995 0.4036
vn -0.9140 -0.0002 0.4056
vn -0.9095 0.0995 0.4036
vn -0.8967 0.1922 0.3988
vn -0.8749 0.2886 0.3888
vn -0.8438 0.3827 0.3764
vn -0.8063 0.4706 0.3583
vn -0.7599 0.5562 0.3363
vn -0.7060 0.6347 0.3141
vn -0.6482 0.7059 0.2856
vn -0.5801 0.7724 0.2585
vn -0.5087 0.8306 0.2267
vn -0.4330 0.8808 0.1915
vn -0.4122 0.8808 0.2329
vn -0.3861 0.8807 0.2744
vn -0.3576 0.8813 0.3088
vn -0.3243 0.8818 0.3424
vn -0.2904 0.8803 0.3751
vn -0.2519 0.8817 0.3989
vn -0.2136 0.8813 0.4214
vn -0.1726 0.8804 0.4417
vn -0.1260 0.8814 0.4552
vn -0.0811 0.8807 0.4668
vn -0.0353 0.8822 0.4696
vn 0.0107 0.8812 0.4726
vn 0.0580 0.8814 0.4688
vn 0.1048 0.8809 0.4616
vn 0.1506 0.8807 0.4490
vn 0.1915 0.8808 0.4330
vn 0.2267 0.8305 0.5087
vn 0.2584 0.7724 0.5801
vn 0.2891 0.7067 0.6457
vn 0.3141 0.6348 0.7060
vn 0.3363 0.5562 0.7599
vn 0.3583 0.4706 0.8063
vn 0.3764 0.3827 0.8438
vn 0.3889 0.2886 0.8749
vn 0.3988 0.1921 0.8967
vn 0.4036 0.0995 0.9095
vn 0.4055 -0.0000 0.9141
vn 0.4933 -0.0998 0.8641
vn 0.5656 -0.1957 0.8011
vn 0.6255 -0.2887 0.7249
vn 0.6710 -0.3834 0.6346
vn 0.6985 -0.4679 0.5414
vn 0.7030 -0.5563 0.4431
vn 0.6904 -0.6348 0.3468
vn 0.6607 -0.7052 0.2573
vn 0.6137 -0.7717 0.1671
vn 0.5484 -0.8308 0.0952
vn 0.4718 -0.8811 0.0325
vn 0.3841 -0.9232 -0.0102
vn 0.3820 -0.9236 0.0314
vn 0.3775 -0.9236 0.0668
vn 0.3714 -0.9230 0.1010
vn 0.3587 -0.9230 0.1391
vn 0.3434 -0.9233 0.1717
vn 0.3239 -0.9237 0.2046
vn 0.3037 -0.9226 0.2377
vn 0.2782 -0.9235 0.2640
vn 0.2523 -0.9233 0.2896
vn 0.2228 -0.9228 0.3143
vn 0.1897 -0.9233 0.3341
vn 0.1567 -0.9236 0.3499
vn 0.1213 -0.9235 0.3639
vn 0.0839 -0.9228 0.3762
vn 0.0475 -0.9234 0.3810
vn 0.0103 -0.9232 0.3842
vn -0.0261 -0.9219 0.3865
vn -0.0668 -0.9236 0.3775
vn -0.1039 -0.9236 0.3689
vn -0.1390 -0.9231 0.3587
vn -0.1717 -0.9233 0.3434
vn -0.2046 -0.9237 0.3240
vn -0.2349 -0.9224 0.3065
vn -0.2668 -0.9236 0.2753
vn -0.2924 -0.9232 0.2494
vn -0.3143 -0.9228 0.2229
vn -0.3344 -0.9232 0.1897
vn -0.3499 -0.9236 0.1567
vn -0.3639 -0.9235 0.1213
vn -0.4490 -0.8807 0.1506
vn -0.5291 -0.8298 0.1774
vn -0.6045 -0.7710 0.2004
vn -0.6736 -0.7049 0.2224
vn -0.7345 -0.6336 0.2430
vn -0.7890 -0.5563 0.2609
vn -0.8375 -0.4715 0.2761
vn -0.8769 -0.3823 0.2912
vn -0.9077 -0.2908 0.3025
vn -0.9313 -0.1935 0.3086
vn -0.9446 -0.0981 0.3131
vn -0.9494 -0.0000 0.3140
vn -0.9446 0.0982 0.3131
vn -0.9313 0.1936 0.3086
vn -0.9077 0.2908 0.3026
vn -0.8769 0.3823 0.2913
vn -0.8375 0.4715 0.2762
vn -0.7897 0.5537 0.2643
vn -0.7346 0.6335 0.2430
vn -0.6735 0.7049 0.2224
vn -0.6044 0.7710 0.2004
vn -0.5291 0.8298 0.1773
vn -0.4490 0.8807 0.1506
vn -0.3647 0.9228 0.1243
vn -0.3498 0.9236 0.1567
vn -0.3342 0.9232 0.1897
vn -0.3136 0.9238 0.2195
vn -0.2924 0.9232 0.2494
vn -0.2668 0.9236 0.2753
vn -0.2349 0.9224 0.3065
vn -0.2046 0.9237 0.3240
vn -0.1717 0.9233 0.3434
vn -0.1390 0.9231 0.3587
vn -0.1038 0.9236 0.3689
vn -0.0669 0.9236 0.3775
vn -0.0261 0.9219 0.3865
vn 0.0102 0.9232 0.3842
vn 0.0476 0.9234 0.3810
vn 0.0839 0.9228 0.3761
vn 0.1215 0.9222 0.3672
vn 0.1566 0.9236 0.3500
vn 0.1897 0.9232 0.3341
vn 0.2329 0.8809 0.4121
vn 0.2770 0.8310 0.4824
vn 0.3142 0.7727 0.5515
vn 0.3465 0.7060 0.6177
vn 0.3834 0.6346 0.6710
vn 0.4097 0.5552 0.7237
vn 0.4357 0.4717 0.7666
vn 0.4563 0.3824 0.8035
vn 0.4703 0.2865 0.8347
vn 0.4825 0.1948 0.8540
vn 0.4933 0.0998 0.8641
vn 0.4935 -0.0000 0.8697
vn 0.5726 -0.0988 0.8138
vn 0.6425 -0.1946 0.7412
vn 0.6912 -0.2893 0.6622
vn 0.7293 -0.3811 0.5683
vn 0.7464 -0.4722 0.4690
vn 0.7427 -0.5561 0.3730
vn 0.7224 -0.6330 0.2782
vn 0.6823 -0.7064 0.1884
vn 0.6273 -0.7715 0.1060
vn 0.5549 -0.8310 0.0391
vn 0.4706 -0.8823 -0.0133
vn 0.3810 -0.9234 -0.0476
vn 0.2863 -0.9560 -0.0639
vn 0.2888 -0.9567 -0.0377
vn 0.2896 -0.9571 -0.0074
vn 0.2907 -0.9565 0.0223
vn 0.2884 -0.9563 0.0481
vn 0.2810 -0.9564 0.0799
vn 0.2718 -0.9564 0.1071
vn 0.2584 -0.9570 0.1318
vn 0.2471 -0.9566 0.1542
vn 0.2299 -0.9566 0.1791
vn 0.2117 -0.9565 0.2007
vn 0.1898 -0.9570 0.2192
vn 0.1679 -0.9568 0.2372
vn 0.1432 -0.9564 0.2544
vn 0.1181 -0.9562 0.2677
vn 0.0933 -0.9569 0.2749
vn 0.0639 -0.9560 0.2863
vn 0.0351 -0.9560 0.2911
vn 0.0074 -0.9571 0.2896
vn -0.0199 -0.9559 0.2930
vn -0.0481 -0.9563 0.2884
vn -0.0773 -0.9559 0.2834
vn -0.1072 -0.9564 0.2717
vn -0.1318 -0.9570 0.2584
vn -0.1568 -0.9569 0.2445
vn -0.1791 -0.9566 0.2298
vn -0.2009 -0.9565 0.2117
vn -0.2192 -0.9570 0.1898
vn -0.2372 -0.9568 0.1679
vn -0.2518 -0.9567 0.1457
vn -0.2678 -0.9562 0.1182
vn -0.2774 -0.9565 0.0907
vn -0.2863 -0.9560 0.0639
vn -0.3761 -0.9228 0.0839
vn -0.4617 -0.8808 0.1048
vn -0.5439 -0.8305 0.1200
vn -0.6198 -0.7725 0.1378
vn -0.6913 -0.7065 0.1516
vn -0.7536 -0.6347 0.1709
vn -0.8121 -0.5545 0.1818
vn -0.8600 -0.4719 0.1941
vn -0.9018 -0.3811 0.2036
vn -0.9338 -0.2916 0.2075
vn -0.9571 -0.1951 0.2140
vn -0.9704 -0.0958 0.2218
vn -0.9755 0.0004 0.2201
vn -0.9704 0.0958 0.2218
vn -0.9572 0.1951 0.2140
vn -0.9338 0.2916 0.2075
vn -0.9018 0.3811 0.2037
vn -0.8601 0.4718 0.1941
vn -0.8120 0.5545 0.1819
vn -0.7537 0.6346 0.1708
vn -0.6913 0.7065 0.1516
vn -0.6198 0.7725 0.1378
vn -0.5439 0.8305 0.1200
vn -0.4617 0.8808 0.1048
vn -0.3761 0.9228 0.0839
vn -0.2863 0.9560 0.0639
vn -0.2774 0.9565 0.0907
vn -0.2678 0.9562 0.1182
vn -0.2518 0.9567 0.1458
vn -0.2372 0.9568 0.1679
vn -0.2192 0.9570 0.1898
vn -0.2009 0.9565 0.2117
vn -0.1791 0.9566 0.2298
vn -0.1568 0.9569 0.2445
vn -0.1318 0.9570 0.2584
vn -0.1071 0.9564 0.2718
vn -0.0773 0.9559 0.2834
vn -0.0481 0.9563 0.2884
vn -0.0199 0.9559 0.2930
vn 0.0074 0.9571 0.2896
vn 0.0351 0.9560 0.2911
vn 0.0639 0.9560 0.2863
vn 0.0934 0.9569 0.2749
vn 0.1182 0.9562 0.2678
vn 0.1432 0.9564 0.2545
vn 0.1679 0.9568 0.2373
vn 0.2229 0.9228 0.3143
vn 0.2714 0.8804 0.3889
vn 0.3208 0.8302 0.4559
vn 0.3666 0.7721 0.5191
vn 0.4075 0.7056 0.5797
vn 0.4456 0.6331 0.6330
vn 0.4797 0.5534 0.6809
vn 0.5094 0.4727 0.7191
vn 0.5327 0.3823 0.7550
vn 0.5537 0.2927 0.7796
vn 0.5657 0.1958 0.8010
vn 0.5726 0.0988 0.8138
vn 0.5784 -0.0000 0.8158
vn 0.6489 -0.0969 0.7547
vn 0.7118 -0.1950 0.6747
vn 0.7538 -0.2875 0.5909
vn 0.7812 -0.3792 0.4959
vn 0.7896 -0.4725 0.3916
vn 0.7756 -0.5553 0.3000
vn 0.7461 -0.6347 0.2012
vn 0.6976 -0.7065 0.1192
vn 0.6334 -0.7725 0.0455
vn 0.5563 -0.8309 -0.0137
vn 0.4685 -0.8816 -0.0579
vn 0.3762 -0.9228 -0.0839
vn 0.2774 -0.9565 -0.0907
vn 0.1795 -0.9805 -0.0801
vn 0.1851 -0.9807 -0.0625
vn 0.1900 -0.9809 -0.0427
vn 0.1952 -0.9804 -0.0258
vn 0.1965 -0.9805 -0.0046
vn 0.1957 -0.9806 0.0140
vn 0.1939 -0.9805 0.0332
vn 0.1890 -0.9806 0.0526
vn 0.1835 -0.9805 0.0699
vn 0.1751 -0.9806 0.0875
vn 0.1666 -0.9804 0.1054
vn 0.1549 -0.9806 0.1204
vn 0.1404 -0.9804 0.1379
vn 0.1303 -0.9808 0.1450
vn 0.1152 -0.9809 0.1570
vn 0.0973 -0.9804 0.1714
vn 0.0801 -0.9805 0.1796
vn 0.0625 -0.9807 0.1851
vn 0.0427 -0.9809 0.1900
vn 0.0235 -0.9800 0.1975
vn 0.0047 -0.9805 0.1966
vn -0.0140 -0.9806 0.1957
vn -0.0331 -0.9805 0.1937
vn -0.0526 -0.9806 0.1889
vn -0.0703 -0.9805 0.1836
vn -0.0876 -0.9806 0.1752
vn -0.1054 -0.9804 0.1666
vn -0.1205 -0.9805 0.1550
vn -0.1354 -0.9805 0.1426
vn -0.1499 -0.9807 0.1254
vn -0.1618 -0.9806 0.1103
vn -0.1712 -0.9804 0.0977
vn -0.1795 -0.9805 0.0801
vn -0.1852 -0.9807 0.0625
vn -0.1900 -0.9809 0.0427
vn -0.1951 -0.9804 0.0259
vn -0.2888 -0.9567 0.0376
vn -0.3809 -0.9234 0.0475
vn -0.4685 -0.8816 0.0579
vn -0.5540 -0.8297 0.0682
vn -0.6300 -0.7723 0.0813
vn -0.7028 -0.7059 0.0879
vn -0.7680 -0.6332 0.0967
vn -0.8253 -0.5560 0.0985
vn -0.8754 -0.4718 0.1051
vn -0.9174 -0.3814 0.1133
vn -0.9495 -0.2899 0.1197
vn -0.9733 -0.1967 0.1185
vn -0.9877 -0.0968 0.1229
vn -0.9922 -0.0000 0.1246
vn -0.9877 0.0968 0.1229
vn -0.9733 0.1967 0.1185
vn -0.9495 0.2899 0.1197
vn -0.9174 0.3814 0.1133
vn -0.8754 0.4718 0.1052
vn -0.8253 0.5560 0.0984
vn -0.7679 0.6332 0.0966
vn -0.7028 0.7059 0.0878
vn -0.6300 0.7723 0.0813
vn -0.5541 0.8297 0.0682
vn -0.4684 0.8816 0.0579
vn -0.3808 0.9234 0.0475
vn -0.2888 0.9567 0.0376
vn -0.1952 0.9804 0.0258
vn -0.1899 0.9809 0.0427
vn -0.1851 0.9807 0.0625
vn -0.1795 0.9805 0.0801
vn -0.1713 0.9804 0.0972
vn -0.1618 0.9806 0.1103
vn -0.1499 0.9807 0.1253
vn -0.1354 0.9805 0.1427
vn -0.1229 0.9807 0.1524
vn -0.1053 0.9804 0.1667
vn -0.0876 0.9806 0.1752
vn -0.0702 0.9805 0.1836
vn -0.0526 0.9806 0.1889
vn -0.0332 0.9805 0.1939
vn -0.0141 0.9805 0.1958
vn 0.0048 0.9804 0.1967
vn 0.0235 0.9800 0.1975
vn 0.0427 0.9809 0.1900
vn 0.0625 0.9807 0.1851
vn 0.0801 0.9805 0.1796
vn 0.0977 0.9804 0.1712
vn 0.1152 0.9809 0.1570
vn 0.1278 0.9808 0.1475
vn 0.1898 0.9570 0.2192
vn 0.2523 0.9233 0.2896
vn 0.3089 0.8814 0.3574
vn 0.3635 0.8313 0.4204
vn 0.4178 0.7736 0.4765
vn 0.4636 0.7072 0.5338
vn 0.5063 0.6346 0.5839
vn 0.5444 0.5547 0.6292
vn 0.5772 0.4699 0.6678
vn 0.6038 0.3826 0.6994
vn 0.6255 0.2888 0.7248
vn 0.6424 0.1946 0.7412
vn 0.6489 0.0969 0.7547
vn 0.6513 -0.0000 0.7588
vn 0.7212 -0.0972 0.6859
vn 0.7744 -0.1936 0.6024
vn 0.8072 -0.2901 0.5140
vn 0.8257 -0.3843 0.4129
vn 0.8250 -0.4692 0.3149
vn 0.8006 -0.5564 0.2226
vn 0.7624 -0.6336 0.1317
vn 0.7047 -0.7076 0.0516
vn 0.6354 -0.7720 -0.0167
vn 0.5540 -0.8297 -0.0682
vn 0.4617 -0.8808 -0.1048
vn 0.3639 -0.9235 -0.1212
vn 0.2678 -0.9562 -0.1182
vn 0.1712 -0.9804 -0.0975
vn 0.0864 -0.9951 -0.0487
vn 0.0926 -0.9949 -0.0397
vn 0.0944 -0.9950 -0.0329
vn 0.0982 -0.9949 -0.0218
vn 0.0995 -0.9950 -0.0109
vn 0.0989 -0.9951 -0.0024
vn 0.0991 -0.9951 0.0064
vn 0.0977 -0.9951 0.0173
vn 0.0961 -0.9950 0.0263
vn 0.0922 -0.9951 0.0351
vn 0.0884 -0.9950 0.0464
vn 0.0841 -0.9950 0.0532
vn 0.0799 -0.9950 0.0600
vn 0.0733 -0.9951 0.0666
vn 0.0644 -0.9951 0.0755
vn 0.0576 -0.9951 0.0798
vn 0.0487 -0.9951 0.0863
vn 0.0397 -0.9949 0.0926
vn 0.0307 -0.9948 0.0966
vn 0.0218 -0.9949 0.0981
vn 0.0130 -0.9952 0.0973
vn 0.0025 -0.9951 0.0989
vn -0.0086 -0.9953 0.0969
vn -0.0169 -0.9951 0.0977
vn -0.0262 -0.9950 0.0962
vn -0.0352 -0.9951 0.0924
vn -0.0442 -0.9949 0.0906
vn -0.0532 -0.9950 0.0841
vn -0.0600 -0.9950 0.0799
vn -0.0688 -0.9951 0.0711
vn -0.0755 -0.9951 0.0645
vn -0.0799 -0.9951 0.0576
vn -0.0863 -0.9951 0.0487
vn -0.0926 -0.9949 0.0397
vn -0.0966 -0.9948 0.0307
vn -0.0981 -0.9949 0.0218
vn -0.0995 -0.9950 0.0109
vn -0.0987 -0.9951 0.0021
vn -0.1966 -0.9805 0.0046
vn -0.2896 -0.9571 0.0074
vn -0.3842 -0.9232 0.0103
vn -0.4705 -0.8823 0.0134
vn -0.5565 -0.8307 0.0137
vn -0.6354 -0.7720 0.0167
vn -0.7084 -0.7056 0.0168
vn -0.7733 -0.6337 0.0196
vn -0.8323 -0.5539 0.0221
vn -0.8821 -0.4706 0.0215
vn -0.9250 -0.3793 0.0234
vn -0.9566 -0.2907 0.0224
vn -0.9804 -0.1951 0.0259
vn -0.9949 -0.0984 0.0241
vn -0.9997 -0.0000 0.0261
vn -0.9949 0.0984 0.0240
vn -0.9804 0.1951 0.0258
vn -0.9566 0.2907 0.0224
vn -0.9250 0.3793 0.0234
vn -0.8821 0.4706 0.0215
vn -0.8323 0.5539 0.0221
vn -0.7733 0.6337 0.0195
vn -0.7084 0.7056 0.0168
vn -0.6354 0.7720 0.0167
vn -0.5565 0.8307 0.0137
vn -0.4705 0.8823 0.0134
vn -0.3842 0.9232 0.0103
vn -0.2896 0.9571 0.0073
vn -0.1966 0.9805 0.0046
vn -0.0987 0.9951 0.0021
vn -0.0000 1.0000 -0.0000
vn -0.0995 0.9950 0.0109
vn -0.0982 0.9949 0.0218
vn -0.0966 0.9948 0.0307
vn -0.0905 0.9950 0.0419
vn -0.0863 0.9951 0.0488
vn -0.0798 0.9951 0.0576
vn -0.0756 0.9951 0.0643
vn -0.0688 0.9951 0.0712
vn -0.0600 0.9950 0.0799
vn -0.0533 0.9950 0.0840
vn -0.0441 0.9951 0.0882
vn -0.0352 0.9951 0.0923
vn -0.0262 0.9950 0.0962
vn -0.0174 0.9951 0.0978
vn -0.0087 0.9953 0.0969
vn 0.0021 0.9951 0.0986
vn 0.0130 0.9952 0.0974
vn 0.0218 0.9949 0.0982
vn 0.0308 0.9948 0.0966
vn 0.0397 0.9949 0.0926
vn 0.0487 0.9951 0.0864
vn 0.0576 0.9951 0.0798
vn 0.0644 0.9951 0.0755
vn 0.1404 0.9804 0.1379
vn 0.0733 0.9951 0.0666
vn 0.1549 0.9806 0.1204
vn 0.0799 0.9950 0.0600
vn 0.1666 0.9804 0.1054
vn 0.0842 0.9950 0.0532
vn 0.1752 0.9806 0.0876
vn 0.0885 0.9950 0.0464
vn 0.1835 0.9805 0.0700
vn 0.0923 0.9951 0.0352
vn 0.1889 0.9806 0.0526
vn 0.0960 0.9950 0.0263
vn 0.1936 0.9805 0.0330
vn 0.0978 0.9951 0.0173
vn 0.1958 0.9806 0.0140
vn 0.0991 0.9951 0.0065
vn 0.1965 0.9805 -0.0045
vn 0.0987 0.9951 -0.0023
vn 0.1952 0.9804 -0.0258
vn 0.0995 0.9950 -0.0108
vn 0.1900 0.9809 -0.0428
vn 0.0982 0.9949 -0.0218
vn 0.1851 0.9807 -0.0625
vn 0.0944 0.9950 -0.0330
vn 0.1795 0.9805 -0.0801
vn 0.0905 0.9950 -0.0419
vn 0.1711 0.9804 -0.0978
vn 0.0862 0.9951 -0.0486
vn 0.0820 0.9951 -0.0555
vn 0.0755 0.9951 -0.0644
vn 0.0688 0.9951 -0.0712
vn 0.0600 0.9950 -0.0799
vn 0.0531 0.9950 -0.0843
vn 0.0441 0.9951 -0.0883
vn 0.0353 0.9951 -0.0926
vn 0.0263 0.9950 -0.0961
vn 0.0173 0.9951 -0.0978
vn 0.0087 0.9953 -0.0969
vn -0.0022 0.9951 -0.0987
vn -0.0130 0.9952 -0.0974
vn -0.0218 0.9949 -0.0982
vn -0.0307 0.9948 -0.0966
vn -0.0397 0.9949 -0.0927
vn -0.0486 0.9951 -0.0862
vn -0.0576 0.9951 -0.0799
vn -0.0644 0.9951 -0.0755
vn -0.0733 0.9951 -0.0666
vn -0.0799 0.9950 -0.0600
vn -0.0842 0.9950 -0.0532
vn -0.0885 0.9950 -0.0464
vn -0.0923 0.9951 -0.0352
vn -0.0941 0.9952 -0.0284
vn -0.0978 0.9951 -0.0173
vn -0.0990 0.9951 -0.0064
vn -0.0987 0.9951 0.0022
vn -0.2896 0.9571 0.0074
vn -0.9566 0.2907 0.0223
vn -0.9804 0.1951 0.0259
vn -0.9949 0.0984 0.0241
vn -0.9949 -0.0984 0.0240
vn -0.9566 -0.2907 0.0223
vn -0.8323 -0.5539 0.0220
vn -0.4705 -0.8823 0.0133
vn -0.2896 -0.9571 0.0073
vn -0.0986 -0.9951 0.0022
vn -0.0991 -0.9951 -0.0066
vn -0.0978 -0.9951 -0.0173
vn -0.0941 -0.9952 -0.0284
vn -0.0922 -0.9951 -0.0351
vn -0.0885 -0.9950 -0.0464
vn -0.0841 -0.9950 -0.0533
vn -0.0800 -0.9950 -0.0600
vn -0.0733 -0.9951 -0.0666
vn -0.0644 -0.9951 -0.0755
vn -0.0576 -0.9951 -0.0798
vn -0.0488 -0.9951 -0.0863
vn -0.0801 -0.9805 -0.1796
vn -0.1182 -0.9562 -0.2679
vn -0.1567 -0.9236 -0.3499
vn -0.1915 -0.8808 -0.4330
vn -0.2267 -0.8306 -0.5087
vn -0.2586 -0.7724 -0.5801
vn -0.2891 -0.7067 -0.6457
vn -0.3141 -0.6348 -0.7060
vn -0.3364 -0.5562 -0.7600
vn -0.3584 -0.4704 -0.8064
vn -0.3764 -0.3827 -0.8438
vn -0.3888 -0.2886 -0.8749
vn -0.3988 -0.1922 -0.8967
vn -0.4036 -0.0995 -0.9095
vn -0.3140 -0.0000 -0.9494
vn -0.2189 0.0956 -0.9711
vn -0.1213 0.1971 -0.9729
vn -0.0249 0.2914 -0.9563
vn 0.0670 0.3806 -0.9223
vn 0.1487 0.4723 -0.8688
vn 0.2191 0.5554 -0.8022
vn 0.2781 0.6330 -0.7225
vn 0.3177 0.7066 -0.6322
vn 0.3386 0.7739 -0.5353
vn 0.3441 0.8301 -0.4387
vn 0.3242 0.8818 -0.3424
vn 0.2924 0.9232 -0.2494
vn 0.2373 0.9568 -0.1680
vn 0.2518 0.9567 -0.1458
vn 0.2678 0.9562 -0.1182
vn 0.2774 0.9565 -0.0907
vn 0.2863 0.9560 -0.0639
vn 0.2888 0.9567 -0.0376
vn 0.2896 0.9571 -0.0074
vn 0.2907 0.9566 0.0224
vn 0.2884 0.9563 0.0481
vn 0.2810 0.9564 0.0799
vn 0.2717 0.9564 0.1072
vn 0.2609 0.9567 0.1292
vn 0.2471 0.9567 0.1541
vn 0.2298 0.9566 0.1791
vn 0.2117 0.9565 0.2008
vn 0.2782 0.9235 0.2640
vn 0.3424 0.8818 0.3242
vn 0.4023 0.8299 0.3864
vn 0.4578 0.7717 0.4415
vn 0.5146 0.7051 0.4879
vn 0.5612 0.6322 0.5341
vn 0.6030 0.5555 0.5725
vn 0.6421 0.4707 0.6051
vn 0.6710 0.3834 0.6346
vn 0.6912 0.2893 0.6622
vn 0.7119 0.1950 0.6747
vn 0.7212 0.0973 0.6859
vn 0.7247 -0.0000 0.6891
vn 0.7835 -0.0965 0.6139
vn 0.8295 -0.1938 0.5238
vn 0.8542 -0.2899 0.4316
vn 0.8615 -0.3829 0.3335
vn 0.8518 -0.4685 0.2343
vn 0.8194 -0.5552 0.1425
vn 0.7713 -0.6342 0.0543
vn 0.7084 -0.7056 -0.0169
vn 0.6300 -0.7723 -0.0813
vn 0.5439 -0.8305 -0.1199
vn 0.4491 -0.8807 -0.1507
vn 0.3498 -0.9236 -0.1567
vn 0.2518 -0.9567 -0.1457
vn 0.1618 -0.9806 -0.1103
vn 0.1499 -0.9807 -0.1254
vn 0.1355 -0.9804 -0.1429
vn 0.1229 -0.9807 -0.1524
vn 0.1053 -0.9804 -0.1663
vn 0.0876 -0.9806 -0.1752
vn 0.0700 -0.9805 -0.1835
vn 0.0526 -0.9806 -0.1889
vn 0.0332 -0.9805 -0.1938
vn 0.0140 -0.9806 -0.1958
vn -0.0048 -0.9805 -0.1967
vn -0.0235 -0.9800 -0.1974
vn -0.0428 -0.9809 -0.1900
vn -0.0625 -0.9807 -0.1851
vn -0.0934 -0.9569 -0.2749
vn -0.1212 -0.9235 -0.3639
vn -0.1506 -0.8807 -0.4490
vn -0.1742 -0.8289 -0.5316
vn -0.2004 -0.7710 -0.6044
vn -0.2224 -0.7049 -0.6736
vn -0.2427 -0.6337 -0.7345
vn -0.2607 -0.5528 -0.7915
vn -0.2761 -0.4715 -0.8375
vn -0.2878 -0.3816 -0.8784
vn -0.3025 -0.2908 -0.9077
vn -0.3086 -0.1935 -0.9313
vn -0.3131 -0.0983 -0.9446
vn -0.2199 0.0001 -0.9755
vn -0.1229 0.0969 -0.9877
vn -0.0234 0.1947 -0.9806
vn 0.0694 0.2903 -0.9544
vn 0.1592 0.3837 -0.9096
vn 0.2343 0.4685 -0.8518
vn 0.3000 0.5554 -0.7756
vn 0.3469 0.6348 -0.6904
vn 0.3787 0.7080 -0.5961
vn 0.3908 0.7719 -0.5015
vn 0.3833 0.8299 -0.4054
vn 0.3577 0.8813 -0.3089
vn 0.3143 0.9228 -0.2229
vn 0.3342 0.9232 -0.1898
vn 0.3499 0.9236 -0.1567
vn 0.3647 0.9228 -0.1243
vn 0.3761 0.9228 -0.0839
vn 0.3810 0.9234 -0.0476
vn 0.3842 0.9232 -0.0103
vn 0.3820 0.9236 0.0314
vn 0.3775 0.9236 0.0669
vn 0.3714 0.9230 0.1010
vn 0.3587 0.9230 0.1391
vn 0.3435 0.9233 0.1717
vn 0.3240 0.9236 0.2046
vn 0.3037 0.9226 0.2378
vn 0.3751 0.8803 0.2904
vn 0.4388 0.8302 0.3440
vn 0.5014 0.7720 0.3907
vn 0.5590 0.7053 0.4359
vn 0.6092 0.6328 0.4779
vn 0.6542 0.5530 0.5159
vn 0.6985 0.4679 0.5414
vn 0.7292 0.3812 0.5683
vn 0.7538 0.2875 0.5909
vn 0.7744 0.1936 0.6024
vn 0.7835 0.0965 0.6139
vn 0.7907 -0.0000 0.6122
vn 0.8407 -0.0979 0.5326
vn 0.8754 -0.1922 0.4436
vn 0.8932 -0.2898 0.3438
vn 0.8901 -0.3810 0.2501
vn 0.8688 -0.4722 0.1487
vn 0.8284 -0.5570 0.0594
vn 0.7733 -0.6338 -0.0195
vn 0.7026 -0.7062 -0.0877
vn 0.6198 -0.7725 -0.1378
vn 0.5291 -0.8298 -0.1774
vn 0.4330 -0.8808 -0.1915
vn 0.3342 -0.9232 -0.1898
vn 0.2377 -0.9562 -0.1710
vn 0.2192 -0.9570 -0.1898
vn 0.2015 -0.9564 -0.2116
vn 0.1790 -0.9567 -0.2298
vn 0.1568 -0.9569 -0.2445
vn 0.1318 -0.9570 -0.2584
vn 0.1072 -0.9564 -0.2717
vn 0.0773 -0.9559 -0.2834
vn 0.0481 -0.9563 -0.2884
vn 0.0199 -0.9559 -0.2930
vn -0.0074 -0.9571 -0.2896
vn -0.0351 -0.9560 -0.2911
vn -0.0639 -0.9560 -0.2863
vn -0.0839 -0.9227 -0.3762
vn -0.1048 -0.8809 -0.4616
vn -0.1199 -0.8305 -0.5439
vn -0.1409 -0.7737 -0.6177
vn -0.1549 -0.7076 -0.6894
vn -0.1708 -0.6346 -0.7537
vn -0.1819 -0.5545 -0.8121
vn -0.1941 -0.4718 -0.8601
vn -0.2036 -0.3811 -0.9018
vn -0.2107 -0.2922 -0.9328
vn -0.2170 -0.1956 -0.9564
vn -0.2189 -0.0956 -0.9711
vn -0.1246 -0.0000 -0.9922
vn -0.0241 0.0984 -0.9949
vn 0.0732 0.1951 -0.9780
vn 0.1609 0.2891 -0.9437
vn 0.2432 0.3796 -0.8926
vn 0.3149 0.4692 -0.8250
vn 0.3730 0.5561 -0.7427
vn 0.4164 0.6362 -0.6495
vn 0.4359 0.7054 -0.5589
vn 0.4381 0.7717 -0.4610
vn 0.4204 0.8313 -0.3635
vn 0.3860 0.8807 -0.2744
vn 0.4121 0.8809 -0.2329
vn 0.4330 0.8808 -0.1915
vn 0.4490 0.8807 -0.1506
vn 0.4617 0.8808 -0.1048
vn 0.4686 0.8815 -0.0579
vn 0.4705 0.8823 -0.0134
vn 0.4718 0.8811 0.0325
vn 0.4668 0.8806 0.0811
vn 0.4556 0.8812 0.1261
vn 0.4417 0.8804 0.1726
vn 0.4214 0.8814 0.2137
vn 0.3988 0.8817 0.2519
vn 0.4719 0.8313 0.2937
vn 0.5353 0.7738 0.3386
vn 0.5989 0.7075 0.3751
vn 0.6551 0.6352 0.4091
vn 0.7029 0.5563 0.4431
vn 0.7463 0.4722 0.4690
vn 0.7812 0.3792 0.4959
vn 0.8073 0.2901 0.5140
vn 0.8295 0.1938 0.5238
vn 0.8407 0.0978 0.5326
vn 0.8451 0.0002 0.5345
vn 0.8878 -0.0983 0.4495
vn 0.9156 -0.1946 0.3520
vn 0.9222 -0.2902 0.2557
vn 0.9105 -0.3829 0.1560
vn 0.8801 -0.4705 0.0637
vn 0.8323 -0.5539 -0.0221
vn 0.7680 -0.6332 -0.0967
vn 0.6913 -0.7065 -0.1516
vn 0.6044 -0.7711 -0.2004
vn 0.5087 -0.8305 -0.2267
vn 0.4121 -0.8809 -0.2329
vn 0.3143 -0.9228 -0.2228
vn 0.2925 -0.9232 -0.2494
vn 0.2667 -0.9236 -0.2754
vn 0.2349 -0.9224 -0.3065
vn 0.2046 -0.9237 -0.3240
vn 0.1717 -0.9233 -0.3434
vn 0.1390 -0.9231 -0.3587
vn 0.1039 -0.9236 -0.3689
vn 0.0669 -0.9236 -0.3775
vn 0.0261 -0.9219 -0.3865
vn -0.0102 -0.9232 -0.3842
vn -0.0474 -0.9234 -0.3809
vn -0.0579 -0.8816 -0.4685
vn -0.0682 -0.8297 -0.5541
vn -0.0783 -0.7711 -0.6319
vn -0.0879 -0.7058 -0.7029
vn -0.0937 -0.6319 -0.7693
vn -0.1016 -0.5571 -0.8242
vn -0.1082 -0.4728 -0.8745
vn -0.1133 -0.3813 -0.9175
vn -0.1169 -0.2894 -0.9501
vn -0.1213 -0.1970 -0.9729
vn -0.1229 -0.0968 -0.9877
vn -0.0260 -0.0000 -0.9997
vn 0.0728 0.0977 -0.9926
vn 0.1693 0.1953 -0.9660
vn 0.2554 0.2901 -0.9223
vn 0.3335 0.3829 -0.8615
vn 0.3990 0.4736 -0.7851
vn 0.4431 0.5564 -0.7029
vn 0.4779 0.6328 -0.6092
vn 0.4879 0.7051 -0.5145
vn 0.4829 0.7732 -0.4111
vn 0.4560 0.8302 -0.3208
vn 0.4824 0.8310 -0.2770
vn 0.5087 0.8306 -0.2267
vn 0.5291 0.8298 -0.1774
vn 0.5439 0.8305 -0.1199
vn 0.5540 0.8297 -0.0682
vn 0.5564 0.8308 -0.0138
vn 0.5549 0.8310 0.0391
vn 0.5485 0.8307 0.0954
vn 0.5345 0.8315 0.1515
vn 0.5222 0.8289 0.2004
vn 0.4972 0.8308 0.2501
vn 0.5662 0.7729 0.2863
vn 0.6323 0.7066 0.3177
vn 0.6905 0.6348 0.3469
vn 0.7427 0.5561 0.3730
vn 0.7896 0.4725 0.3916
vn 0.8257 0.3843 0.4129
vn 0.8542 0.2899 0.4317
vn 0.8754 0.1922 0.4436
vn 0.8878 0.0983 0.4496
vn 0.8934 -0.0000 0.4493
vn 0.9288 -0.0977 0.3576
vn 0.9457 -0.1946 0.2604
vn 0.9430 -0.2897 0.1639
vn 0.9223 -0.3807 0.0670
vn 0.8821 -0.4706 -0.0215
vn 0.8253 -0.5560 -0.0984
vn 0.7537 -0.6346 -0.1708
vn 0.6736 -0.7049 -0.2224
vn 0.5802 -0.7724 -0.2584
vn 0.4824 -0.8310 -0.2770
vn 0.3890 -0.8804 -0.2713
vn 0.3577 -0.8813 -0.3089
vn 0.3242 -0.8818 -0.3424
vn 0.2904 -0.8803 -0.3751
vn 0.2520 -0.8817 -0.3989
vn 0.2136 -0.8814 -0.4214
vn 0.1726 -0.8804 -0.4417
vn 0.1259 -0.8815 -0.4552
vn 0.0810 -0.8806 -0.4668
vn 0.0353 -0.8822 -0.4696
vn -0.0106 -0.8812 -0.4726
vn -0.0138 -0.8309 -0.5562
vn -0.0167 -0.7720 -0.6354
vn -0.0168 -0.7056 -0.7084
vn -0.0195 -0.6337 -0.7734
vn -0.0221 -0.5539 -0.8323
vn -0.0217 -0.4709 -0.8819
vn -0.0234 -0.3793 -0.9250
vn -0.0249 -0.2914 -0.9563
vn -0.0234 -0.1947 -0.9806
vn -0.0241 -0.0984 -0.9949
vn 0.0732 -0.0000 -0.9973
vn 0.1683 0.0976 -0.9809
vn 0.2636 0.1950 -0.9447
vn 0.3471 0.2903 -0.8918
vn 0.4129 0.3842 -0.8257
vn 0.4727 0.4727 -0.7437
vn 0.5087 0.5525 -0.6603
vn 0.5341 0.6323 -0.5612
vn 0.5338 0.7072 -0.4637
vn 0.5191 0.7721 -0.3666
vn 0.5515 0.7727 -0.3142
vn 0.5801 0.7724 -0.2585
vn 0.6044 0.7710 -0.2004
vn 0.6198 0.7725 -0.1378
vn 0.6300 0.7723 -0.0813
vn 0.6354 0.7720 -0.0167
vn 0.6333 0.7725 0.0456
vn 0.6273 0.7716 0.1060
vn 0.6137 0.7716 0.1671
vn 0.5932 0.7712 0.2310
vn 0.6607 0.7052 0.2572
vn 0.7225 0.6330 0.2781
vn 0.7756 0.5554 0.3000
vn 0.8250 0.4692 0.3149
vn 0.8615 0.3829 0.3335
vn 0.8931 0.2899 0.3438
vn 0.9156 0.1946 0.3519
vn 0.9289 0.0973 0.3574
vn 0.9333 -0.0000 0.3592
vn 0.9583 -0.0958 0.2693
vn 0.9666 -0.1949 0.1666
vn 0.9543 -0.2907 0.0695
vn 0.9250 -0.3794 -0.0234
vn 0.8754 -0.4718 -0.1052
vn 0.8121 -0.5545 -0.1818
vn 0.7346 -0.6336 -0.2428
vn 0.6481 -0.7059 -0.2856
vn 0.5515 -0.7727 -0.3142
vn 0.4559 -0.8302 -0.3208
vn 0.4205 -0.8313 -0.3635
vn 0.3833 -0.8299 -0.4054
vn 0.3440 -0.8301 -0.4387
vn 0.3003 -0.8322 -0.4662
vn 0.2499 -0.8309 -0.4972
vn 0.2004 -0.8289 -0.5223
vn 0.1479 -0.8307 -0.5367
vn 0.0952 -0.8308 -0.5484
vn 0.0391 -0.8310 -0.5549
vn 0.0484 -0.7738 -0.6315
vn 0.0516 -0.7076 -0.7047
vn 0.0572 -0.6355 -0.7700
vn 0.0594 -0.5570 -0.8284
vn 0.0638 -0.4706 -0.8801
vn 0.0670 -0.3807 -0.9223
vn 0.0693 -0.2904 -0.9544
vn 0.0731 -0.1951 -0.9781
vn 0.0728 -0.0978 -0.9925
vn 0.1694 -0.0000 -0.9855
vn 0.2632 0.0955 -0.9600
vn 0.3522 0.1947 -0.9155
vn 0.4281 0.2895 -0.8561
vn 0.4966 0.3830 -0.7789
vn 0.5414 0.4679 -0.6985
vn 0.5759 0.5556 -0.5996
vn 0.5840 0.6345 -0.5063
vn 0.5767 0.7060 -0.4110
vn 0.6177 0.7060 -0.3465
vn 0.6481 0.7059 -0.2856
vn 0.6736 0.7049 -0.2224
vn 0.6913 0.7065 -0.1516
vn 0.7029 0.7059 -0.0878
vn 0.7084 0.7056 -0.0168
vn 0.7048 0.7076 0.0516
vn 0.6976 0.7065 0.1193
vn 0.6820 0.7067 0.1882
vn 0.7461 0.6347 0.2012
vn 0.8006 0.5564 0.2225
vn 0.8518 0.4685 0.2343
vn 0.8901 0.3810 0.2501
vn 0.9222 0.2902 0.2557
vn 0.9457 0.1947 0.2605
vn 0.9583 0.0958 0.2694
vn 0.9636 -0.0000 0.2673
vn 0.9804 -0.0978 0.1712
vn 0.9783 -0.1947 0.0705
vn 0.9563 -0.2914 -0.0249
vn 0.9174 -0.3814 -0.1133
vn 0.8600 -0.4719 -0.1941
vn 0.7890 -0.5563 -0.2609
vn 0.7061 -0.6347 -0.3141
vn 0.6177 -0.7060 -0.3465
vn 0.5191 -0.7721 -0.3666
vn 0.4828 -0.7732 -0.4111
vn 0.4381 -0.7717 -0.4610
vn 0.3908 -0.7718 -0.5016
vn 0.3386 -0.7738 -0.5353
vn 0.2862 -0.7729 -0.5662
vn 0.2310 -0.7712 -0.5932
vn 0.1672 -0.7717 -0.6136
vn 0.1091 -0.7727 -0.6253
vn 0.1224 -0.7077 -0.6958
vn 0.1317 -0.6336 -0.7624
vn 0.1424 -0.5552 -0.8195
vn 0.1487 -0.4723 -0.8688
vn 0.1592 -0.3837 -0.9096
vn 0.1609 -0.2891 -0.9437
vn 0.1693 -0.1953 -0.9660
vn 0.1683 -0.0976 -0.9809
vn 0.2673 -0.0000 -0.9636
vn 0.3575 0.0975 -0.9288
vn 0.4401 0.1920 -0.8772
vn 0.5104 0.2899 -0.8096
vn 0.5683 0.3811 -0.7292
vn 0.6085 0.4705 -0.6390
vn 0.6291 0.5547 -0.5445
vn 0.6331 0.6330 -0.4454
vn 0.6710 0.6346 -0.3834
vn 0.7061 0.6347 -0.3141
vn 0.7346 0.6337 -0.2426
vn 0.7536 0.6347 -0.1709
vn 0.7680 0.6331 -0.0967
vn 0.7733 0.6337 -0.0195
vn 0.7713 0.6341 0.0543
vn 0.7622 0.6338 0.1314
vn 0.8194 0.5552 0.1426
vn 0.8688 0.4723 0.1487
vn 0.9105 0.3829 0.1560
vn 0.9430 0.2897 0.1639
vn 0.9666 0.1949 0.1664
vn 0.9804 0.0978 0.1711
vn 0.9855 -0.0000 0.1695
vn 0.9925 -0.0978 0.0729
vn 0.9804 -0.1951 -0.0259
vn 0.9495 -0.2899 -0.1197
vn 0.9018 -0.3811 -0.2036
vn 0.8375 -0.4715 -0.2760
vn 0.7599 -0.5562 -0.3363
vn 0.6710 -0.6346 -0.3834
vn 0.5767 -0.7060 -0.4110
vn 0.5338 -0.7072 -0.4637
vn 0.4879 -0.7051 -0.5146
vn 0.4359 -0.7055 -0.5589
vn 0.3787 -0.7080 -0.5961
vn 0.3177 -0.7067 -0.6321
vn 0.2538 -0.7042 -0.6630
vn 0.1883 -0.7067 -0.6820
vn 0.2081 -0.6368 -0.7424
vn 0.2191 -0.5554 -0.8022
vn 0.2342 -0.4685 -0.8518
vn 0.2432 -0.3796 -0.8926
vn 0.2557 -0.2902 -0.9222
vn 0.2636 -0.1950 -0.9447
vn 0.2632 -0.0955 -0.9600
vn 0.3594 0.0002 -0.9332
vn 0.4461 0.0984 -0.8896
vn 0.5238 0.1937 -0.8295
vn 0.5909 0.2875 -0.7538
vn 0.6380 0.3835 -0.6678
vn 0.6678 0.4699 -0.5772
vn 0.6809 0.5534 -0.4797
vn 0.7237 0.5552 -0.4099
vn 0.7599 0.5562 -0.3363
vn 0.7889 0.5563 -0.2609
vn 0.8121 0.5545 -0.1818
vn 0.8253 0.5560 -0.0984
vn 0.8323 0.5539 -0.0220
vn 0.8284 0.5570 0.0594
vn 0.8801 0.4704 0.0635
vn 0.9223 0.3806 0.0670
vn 0.9543 0.2908 0.0694
vn 0.9783 0.1947 0.0705
vn 0.9925 0.0979 0.0729
vn 0.9973 -0.0000 0.0732
vn 0.9949 -0.0984 -0.0240
vn 0.9733 -0.1966 -0.1185
vn 0.9338 -0.2916 -0.2075
vn 0.8770 -0.3822 -0.2912
vn 0.8064 -0.4705 -0.3583
vn 0.7238 -0.5552 -0.4096
vn 0.6332 -0.6330 -0.4454
vn 0.5839 -0.6346 -0.5063
vn 0.5341 -0.6323 -0.5612
vn 0.4779 -0.6328 -0.6092
vn 0.4164 -0.6362 -0.6495
vn 0.3469 -0.6348 -0.6904
vn 0.2783 -0.6332 -0.7222
vn 0.3000 -0.5554 -0.7756
vn 0.3149 -0.4692 -0.8250
vn 0.3335 -0.3829 -0.8615
vn 0.3471 -0.2903 -0.8918
vn 0.3521 -0.1947 -0.9155
vn 0.3573 -0.0975 -0.9289
vn 0.4490 -0.0000 -0.8935
vn 0.5327 0.0979 -0.8406
vn 0.6023 0.1936 -0.7744
vn 0.6590 0.2893 -0.6943
vn 0.6994 0.3827 -0.6037
vn 0.7219 0.4724 -0.5057
vn 0.7690 0.4712 -0.4320
vn 0.8064 0.4706 -0.3581
vn 0.8375 0.4715 -0.2761
vn 0.8601 0.4718 -0.1941
vn 0.8754 0.4718 -0.1052
vn 0.8821 0.4706 -0.0216
vn 0.9250 0.3793 -0.0234
vn 0.9566 0.2907 -0.0224
vn 0.9804 0.1952 -0.0258
vn 0.9949 0.0984 -0.0240
vn 0.9997 -0.0000 -0.0261
vn 0.9877 -0.0970 -0.1228
vn 0.9572 -0.1952 -0.2139
vn 0.9077 -0.2908 -0.3025
vn 0.8438 -0.3827 -0.3764
vn 0.7690 -0.4712 -0.4319
vn 0.6809 -0.5534 -0.4797
vn 0.6291 -0.5547 -0.5445
vn 0.5759 -0.5556 -0.5997
vn 0.5087 -0.5525 -0.6603
vn 0.4431 -0.5563 -0.7030
vn 0.3730 -0.5561 -0.7427
vn 0.3990 -0.4737 -0.7851
vn 0.4129 -0.3843 -0.8257
vn 0.4281 -0.2895 -0.8561
vn 0.4401 -0.1920 -0.8772
vn 0.4461 -0.0983 -0.8896
vn 0.5347 -0.0001 -0.8450
vn 0.6107 0.0965 -0.7860
vn 0.6747 0.1950 -0.7118
vn 0.7249 0.2887 -0.6255
vn 0.7549 0.3825 -0.5328
vn 0.8034 0.3824 -0.4564
vn 0.8438 0.3826 -0.3763
vn 0.8769 0.3823 -0.2913
vn 0.9018 0.3811 -0.2036
vn 0.9174 0.3814 -0.1133
vn 0.9495 0.2899 -0.1197
vn 0.9733 0.1967 -0.1185
vn 0.9877 0.0968 -0.1229
vn 0.9922 -0.0000 -0.1246
vn 0.9704 -0.0958 -0.2218
vn 0.9313 -0.1936 -0.3086
vn 0.8749 -0.2887 -0.3888
vn 0.8034 -0.3825 -0.4564
vn 0.7191 -0.4727 -0.5093
vn 0.6678 -0.4699 -0.5772
vn 0.6085 -0.4707 -0.6389
vn 0.5414 -0.4679 -0.6985
vn 0.4727 -0.4727 -0.7437
vn 0.4959 -0.3793 -0.7812
vn 0.5105 -0.2899 -0.8096
vn 0.5238 -0.1938 -0.8295
vn 0.5326 -0.0978 -0.8407
vn 0.6153 -0.0000 -0.7883
vn 0.6859 0.0974 -0.7211
vn 0.7413 0.1946 -0.6424
vn 0.7822 0.2925 -0.5501
vn 0.8325 0.2869 -0.4739
vn 0.8749 0.2887 -0.3888
vn 0.9077 0.2908 -0.3025
vn 0.9338 0.2916 -0.2075
vn 0.9572 0.1952 -0.2139
vn 0.9704 0.0958 -0.2218
vn 0.9755 -0.0001 -0.2198
vn 0.9446 -0.0984 -0.3132
vn 0.8967 -0.1922 -0.3988
vn 0.8325 -0.2869 -0.4739
vn 0.7551 -0.3823 -0.5327
vn 0.6994 -0.3826 -0.6037
vn 0.6380 -0.3835 -0.6678
vn 0.5683 -0.3811 -0.7292
vn 0.5909 -0.2875 -0.7538
vn 0.6023 -0.1936 -0.7744
vn 0.6107 -0.0965 -0.7860
vn 0.6917 -0.0000 -0.7222
vn 0.7519 0.0969 -0.6521
vn 0.8011 0.1956 -0.5656
vn 0.8520 0.1950 -0.4860
vn 0.8967 0.1921 -0.3988
vn 0.9313 0.1936 -0.3086
vn 0.9446 0.0982 -0.3131
vn 0.9494 -0.0000 -0.3141
vn 0.9095 -0.0994 -0.4036
vn 0.8519 -0.1950 -0.4860
vn 0.7822 -0.2926 -0.5501
vn 0.7249 -0.2887 -0.6255
vn 0.6590 -0.2893 -0.6943
vn 0.6747 -0.1950 -0.7119
vn 0.6859 -0.0972 -0.7212
vn 0.7588 -0.0000 -0.6513
vn 0.8139 0.0988 -0.5726
vn 0.8660 0.0997 -0.4900
vn 0.9095 0.0995 -0.4036
vn 0.9141 -0.0000 -0.4055
vn 0.8660 -0.0997 -0.4900
vn 0.8012 -0.1956 -0.5656
vn 0.7412 -0.1946 -0.6425
vn 0.7519 -0.0969 -0.6521
vn 0.8158 -0.0000 -0.5784
vn 0.8698 0.0001 -0.4934
vn 0.8139 -0.0988 -0.5726
vt 0.804640 -0.000000
vt 0.812454 0.031257
vt 0.796826 0.031257
vt 0.789011 -0.000000
vt 0.781197 0.031257
vt 0.773382 -0.000000
vt 0.765568 0.031257
vt 0.757753 -0.000000
vt 0.749939 0.031257
vt 0.742125 -0.000000
vt 0.734310 0.031257
vt 0.726496 -0.000000
vt 0.718681 0.031257
vt 0.710867 -0.000000
vt 0.703053 0.031257
vt 0.695238 -0.000000
vt 0.687424 0.031257
vt 0.679609 -0.000000
vt 0.671795 0.031257
vt 0.663981 -0.000000
vt 0.656166 0.031257
vt 0.648352 -0.000000
vt 0.640537 0.031257
vt 0.632723 -0.000000
vt 0.624909 0.031257
vt 0.617094 -0.000000
vt 0.609280 0.031257
vt 0.601465 -0.000000
vt 0.593651 0.031257
vt 0.859341 0.656166
vt 0.859341 0.687424
vt 0.843712 0.687424
vt 0.828083 0.718681
vt 0.843712 0.718681
vt 0.859341 0.718681
vt 0.874970 0.718681
vt 0.874970 0.687424
vt 0.874970 0.656166
vt 0.874970 0.624908
vt 0.874970 0.593651
vt 0.859341 0.624908
vt 0.843712 0.656166
vt 0.828083 0.687424
vt 0.812454 0.718681
vt 0.796826 0.749939
vt 0.812454 0.749939
vt 0.828083 0.749939
vt 0.843712 0.749939
vt 0.859341 0.749939
vt 0.874970 0.749939
vt 0.890598 0.749939
vt 0.890598 0.718681
vt 0.890598 0.687424
vt 0.890598 0.656166
vt 0.890598 0.624908
vt 0.890598 0.593651
vt 0.890598 0.562393
vt 0.890598 0.531135
vt 0.874970 0.562393
vt 0.859341 0.593651
vt 0.843712 0.624908
vt 0.828083 0.656166
vt 0.812454 0.687424
vt 0.796826 0.718681
vt 0.781197 0.749939
vt 0.765568 0.781197
vt 0.781197 0.781197
vt 0.796826 0.781197
vt 0.812454 0.781197
vt 0.828083 0.781197
vt 0.843712 0.781197
vt 0.859341 0.781197
vt 0.874970 0.781197
vt 0.890598 0.781197
vt 0.906227 0.781197
vt 0.906227 0.749939
vt 0.906227 0.718681
vt 0.906227 0.687424
vt 0.906227 0.656166
vt 0.906227 0.624908
vt 0.906227 0.593651
vt 0.906227 0.562393
vt 0.906227 0.531135
vt 0.906227 0.500122
vt 0.906227 0.468864
vt 0.890598 0.500122
vt 0.874970 0.531135
vt 0.859341 0.562393
vt 0.843712 0.593651
vt 0.828083 0.624908
vt 0.812454 0.656166
vt 0.796826 0.687424
vt 0.781197 0.718681
vt 0.765568 0.749939
vt 0.749939 0.781197
vt 0.734310 0.812454
vt 0.749939 0.812454
vt 0.765568 0.812454
vt 0.781197 0.812454
vt 0.796826 0.812454
vt 0.812454 0.812454
vt 0.828083 0.812454
vt 0.843712 0.812454
vt 0.859341 0.812454
vt 0.874970 0.812454
vt 0.890598 0.812454
vt 0.906227 0.812454
vt 0.921856 0.812454
vt 0.921856 0.781197
vt 0.921856 0.749939
vt 0.921856 0.718681
vt 0.921856 0.687424
vt 0.921856 0.656166
vt 0.921856 0.624908
vt 0.921856 0.593651
vt 0.921856 0.562393
vt 0.921856 0.531135
vt 0.921856 0.500122
vt 0.921856 0.468864
vt 0.921856 0.437607
vt 0.906227 0.437607
vt 0.921856 0.406349
vt 0.906227 0.406349
vt 0.921856 0.375091
vt 0.906227 0.375091
vt 0.921856 0.343834
vt 0.906227 0.343834
vt 0.921856 0.312576
vt 0.906227 0.312576
vt 0.921856 0.281319
vt 0.906227 0.281319
vt 0.921856 0.250061
vt 0.906227 0.250061
vt 0.921856 0.218803
vt 0.906227 0.218803
vt 0.921856 0.187546
vt 0.906227 0.187546
vt 0.890598 0.187546
vt 0.890598 0.218803
vt 0.890598 0.250061
vt 0.890598 0.281319
vt 0.890598 0.312576
vt 0.890598 0.343834
vt 0.890598 0.375091
vt 0.890598 0.406349
vt 0.890598 0.437607
vt 0.890598 0.468864
vt 0.874970 0.500122
vt 0.859341 0.531135
vt 0.843712 0.562393
vt 0.828083 0.593651
vt 0.812454 0.624908
vt 0.796826 0.656166
vt 0.781197 0.687424
vt 0.765568 0.718681
vt 0.749939 0.749939
vt 0.734310 0.781197
vt 0.718681 0.812454
vt 0.703053 0.843712
vt 0.718681 0.843712
vt 0.734310 0.843712
vt 0.749939 0.843712
vt 0.765568 0.843712
vt 0.781197 0.843712
vt 0.796826 0.843712
vt 0.812454 0.843712
vt 0.828083 0.843712
vt 0.843712 0.843712
vt 0.859341 0.843712
vt 0.874970 0.843712
vt 0.890598 0.843712
vt 0.906227 0.843712
vt 0.921856 0.843712
vt 0.937485 0.843712
vt 0.937485 0.812454
vt 0.937485 0.781197
vt 0.937485 0.749939
vt 0.937485 0.718681
vt 0.937485 0.687424
vt 0.937485 0.656166
vt 0.937485 0.624908
vt 0.937485 0.593651
vt 0.937485 0.562393
vt 0.937485 0.531135
vt 0.937485 0.500122
vt 0.937485 0.468864
vt 0.937485 0.437607
vt 0.937485 0.406349
vt 0.937485 0.375091
vt 0.937485 0.343834
vt 0.937485 0.312576
vt 0.937485 0.281319
vt 0.937485 0.250061
vt 0.937485 0.218803
vt 0.937485 0.187546
vt 0.937485 0.156288
vt 0.921856 0.156288
vt 0.906227 0.156288
vt 0.890598 0.156288
vt 0.874970 0.156288
vt 0.874970 0.187546
vt 0.874970 0.218803
vt 0.874970 0.250061
vt 0.874970 0.281319
vt 0.874970 0.312576
vt 0.874970 0.343834
vt 0.874970 0.375091
vt 0.874970 0.406349
vt 0.874970 0.437607
vt 0.874970 0.468864
vt 0.859341 0.500122
vt 0.843712 0.531135
vt 0.828083 0.562393
vt 0.812454 0.593651
vt 0.796826 0.624908
vt 0.781197 0.656166
vt 0.765568 0.687424
vt 0.749939 0.718681
vt 0.734310 0.749939
vt 0.718681 0.781197
vt 0.703053 0.812454
vt 0.687424 0.843712
vt 0.671795 0.874969
vt 0.687424 0.874969
vt 0.703053 0.874969
vt 0.718681 0.874969
vt 0.734310 0.874969
vt 0.749939 0.874969
vt 0.765568 0.874969
vt 0.781197 0.874969
vt 0.796826 0.874969
vt 0.812454 0.874969
vt 0.828083 0.874969
vt 0.843712 0.874969
vt 0.859341 0.874969
vt 0.874970 0.874969
vt 0.890598 0.874969
vt 0.906227 0.874969
vt 0.921856 0.874969
vt 0.937485 0.874969
vt 0.953114 0.874969
vt 0.953114 0.843712
vt 0.953114 0.812454
vt 0.953114 0.781197
vt 0.953114 0.749939
vt 0.953114 0.718681
vt 0.953114 0.687424
vt 0.953114 0.656166
vt 0.953114 0.624908
vt 0.953114 0.593651
vt 0.953114 0.562393
vt 0.953114 0.531135
vt 0.953114 0.500122
vt 0.953114 0.468864
vt 0.953114 0.437607
vt 0.953114 0.406349
vt 0.953114 0.375091
vt 0.953114 0.343834
vt 0.953114 0.312576
vt 0.953114 0.281319
vt 0.953114 0.250061
vt 0.953114 0.218803
vt 0.953114 0.187546
vt 0.953114 0.156288
vt 0.953114 0.125030
vt 0.937485 0.125030
vt 0.921856 0.125030
vt 0.906227 0.125030
vt 0.890598 0.125030
vt 0.874970 0.125030
vt 0.859341 0.125030
vt 0.859341 0.156288
vt 0.859341 0.187546
vt 0.859341 0.218803
vt 0.859341 0.250061
vt 0.859341 0.281319
vt 0.859341 0.312576
vt 0.859341 0.343834
vt 0.859341 0.375091
vt 0.859341 0.406349
vt 0.859341 0.437607
vt 0.859341 0.468864
vt 0.843712 0.500122
vt 0.828083 0.531135
vt 0.812454 0.562393
vt 0.796826 0.593651
vt 0.781197 0.624908
vt 0.765568 0.656166
vt 0.749939 0.687424
vt 0.734310 0.718681
vt 0.718681 0.749939
vt 0.703053 0.781197
vt 0.687424 0.812454
vt 0.671795 0.843712
vt 0.656166 0.874969
vt 0.640537 0.906227
vt 0.656166 0.906227
vt 0.671795 0.906227
vt 0.687424 0.906227
vt 0.703053 0.906227
vt 0.718681 0.906227
vt 0.734310 0.906227
vt 0.749939 0.906227
vt 0.765568 0.906227
vt 0.781197 0.906227
vt 0.796826 0.906227
vt 0.812454 0.906227
vt 0.828083 0.906227
vt 0.843712 0.906227
vt 0.859341 0.906227
vt 0.874970 0.906227
vt 0.890598 0.906227
vt 0.906227 0.906227
vt 0.921856 0.906227
vt 0.937485 0.906227
vt 0.953114 0.906227
vt 0.968743 0.906227
vt 0.968743 0.874969
vt 0.968743 0.843712
vt 0.968743 0.812454
vt 0.968743 0.781197
vt 0.968743 0.749939
vt 0.968743 0.718681
vt 0.968743 0.687424
vt 0.968743 0.656166
vt 0.968743 0.624908
vt 0.968743 0.593651
vt 0.968743 0.562393
vt 0.968743 0.531135
vt 0.968743 0.500122
vt 0.968743 0.468864
vt 0.968743 0.437607
vt 0.968743 0.406349
vt 0.968743 0.375091
vt 0.968743 0.343834
vt 0.968743 0.312576
vt 0.968743 0.281319
vt 0.968743 0.250061
vt 0.968743 0.218803
vt 0.968743 0.187546
vt 0.968743 0.156288
vt 0.968743 0.125030
vt 0.968743 0.093773
vt 0.953114 0.093773
vt 0.937485 0.093773
vt 0.921856 0.093773
vt 0.906227 0.093773
vt 0.890598 0.093773
vt 0.874970 0.093773
vt 0.859341 0.093773
vt 0.843712 0.093773
vt 0.843712 0.125030
vt 0.843712 0.156288
vt 0.843712 0.187546
vt 0.843712 0.218803
vt 0.843712 0.250061
vt 0.843712 0.281319
vt 0.843712 0.312576
vt 0.843712 0.343834
vt 0.843712 0.375091
vt 0.843712 0.406349
vt 0.843712 0.437607
vt 0.843712 0.468864
vt 0.828083 0.500122
vt 0.812454 0.531135
vt 0.796826 0.562393
vt 0.781197 0.593651
vt 0.765568 0.624908
vt 0.749939 0.656166
vt 0.734310 0.687424
vt 0.718681 0.718681
vt 0.703053 0.749939
vt 0.687424 0.781197
vt 0.671795 0.812454
vt 0.656166 0.843712
vt 0.640537 0.874969
vt 0.624909 0.906227
vt 0.609280 0.937485
vt 0.624909 0.937485
vt 0.640537 0.937485
vt 0.656166 0.937485
vt 0.671795 0.937485
vt 0.687424 0.937485
vt 0.703053 0.937485
vt 0.718681 0.937485
vt 0.734310 0.937485
vt 0.749939 0.937485
vt 0.765568 0.937485
vt 0.781197 0.937485
vt 0.796826 0.937485
vt 0.812454 0.937485
vt 0.828083 0.937485
vt 0.843712 0.937485
vt 0.859341 0.937485
vt 0.874970 0.937485
vt 0.890598 0.937485
vt 0.906227 0.937485
vt 0.921856 0.937485
vt 0.937485 0.937485
vt 0.953114 0.937485
vt 0.968743 0.937485
vt 0.984371 0.937485
vt 0.984371 0.906227
vt 0.984371 0.874969
vt 0.984371 0.843712
vt 0.984371 0.812454
vt 0.984371 0.781197
vt 0.984371 0.749939
vt 0.984371 0.718681
vt 0.984371 0.687424
vt 0.984371 0.656166
vt 0.984371 0.624908
vt 0.984371 0.593651
vt 0.984371 0.562393
vt 0.984371 0.531135
vt 0.984371 0.500122
vt 0.984371 0.468864
vt 0.984371 0.437607
vt 0.984371 0.406349
vt 0.984371 0.375091
vt 0.984371 0.343834
vt 0.984371 0.312576
vt 0.984371 0.281319
vt 0.984371 0.250061
vt 0.984371 0.218803
vt 0.984371 0.187546
vt 0.984371 0.156288
vt 0.984371 0.125030
vt 0.984371 0.093773
vt 0.984371 0.062515
vt 0.968743 0.062515
vt 0.953114 0.062515
vt 0.937485 0.062515
vt 0.921856 0.062515
vt 0.906227 0.062515
vt 0.890598 0.062515
vt 0.874970 0.062515
vt 0.859341 0.062515
vt 0.843712 0.062515
vt 0.828083 0.062515
vt 0.828083 0.093773
vt 0.828083 0.125030
vt 0.828083 0.156288
vt 0.828083 0.187546
vt 0.828083 0.218803
vt 0.828083 0.250061
vt 0.828083 0.281319
vt 0.828083 0.312576
vt 0.828083 0.343834
vt 0.828083 0.375091
vt 0.828083 0.406349
vt 0.828083 0.437607
vt 0.828083 0.468864
vt 0.812454 0.500122
vt 0.796826 0.531135
vt 0.781197 0.562393
vt 0.765568 0.593651
vt 0.749939 0.624908
vt 0.734310 0.656166
vt 0.718681 0.687424
vt 0.703053 0.718681
vt 0.687424 0.749939
vt 0.671795 0.781197
vt 0.656166 0.812454
vt 0.640537 0.843712
vt 0.624909 0.874969
vt 0.609280 0.906227
vt 0.593651 0.937485
vt 0.218803 0.406349
vt 0.203175 0.437607
vt 0.203175 0.406349
vt 0.187546 0.406349
vt 0.187546 0.437607
vt 0.187546 0.468864
vt 0.187546 0.500122
vt 0.203175 0.468864
vt 0.218803 0.437607
vt 0.234432 0.406349
vt 0.250061 0.375091
vt 0.234432 0.375091
vt 0.218803 0.375091
vt 0.203175 0.375091
vt 0.187546 0.375091
vt 0.171917 0.375091
vt 0.171917 0.406349
vt 0.171917 0.437607
vt 0.171917 0.468864
vt 0.171917 0.500122
vt 0.171917 0.531135
vt 0.187546 0.531135
vt 0.171917 0.562393
vt 0.187546 0.562393
vt 0.171917 0.593651
vt 0.187546 0.593651
vt 0.171917 0.624908
vt 0.187546 0.624908
vt 0.203175 0.624908
vt 0.203175 0.593651
vt 0.203175 0.562393
vt 0.203175 0.531135
vt 0.203175 0.500122
vt 0.218803 0.468864
vt 0.234432 0.437607
vt 0.250061 0.406349
vt 0.265690 0.375091
vt 0.281319 0.343834
vt 0.265690 0.343834
vt 0.250061 0.343834
vt 0.234432 0.343834
vt 0.218803 0.343834
vt 0.203175 0.343834
vt 0.187546 0.343834
vt 0.171917 0.343834
vt 0.156288 0.343834
vt 0.156288 0.375091
vt 0.156288 0.406349
vt 0.156288 0.437607
vt 0.156288 0.468864
vt 0.156288 0.500122
vt 0.156288 0.531135
vt 0.156288 0.562393
vt 0.156288 0.593651
vt 0.156288 0.624908
vt 0.156288 0.656166
vt 0.171917 0.656166
vt 0.187546 0.656166
vt 0.203175 0.656166
vt 0.218803 0.656166
vt 0.218803 0.624908
vt 0.218803 0.593651
vt 0.218803 0.562393
vt 0.218803 0.531135
vt 0.218803 0.500122
vt 0.234432 0.468864
vt 0.250061 0.437607
vt 0.265690 0.406349
vt 0.281319 0.375091
vt 0.296948 0.343834
vt 0.312576 0.312576
vt 0.296948 0.312576
vt 0.281319 0.312576
vt 0.265690 0.312576
vt 0.250061 0.312576
vt 0.234432 0.312576
vt 0.218803 0.312576
vt 0.203175 0.312576
vt 0.187546 0.312576
vt 0.171917 0.312576
vt 0.156288 0.312576
vt 0.140659 0.312576
vt 0.140659 0.343834
vt 0.140659 0.375091
vt 0.140659 0.406349
vt 0.140659 0.437607
vt 0.140659 0.468864
vt 0.140659 0.500122
vt 0.140659 0.531135
vt 0.140659 0.562393
vt 0.140659 0.593651
vt 0.140659 0.624908
vt 0.140659 0.656166
vt 0.140659 0.687424
vt 0.156288 0.687424
vt 0.171917 0.687424
vt 0.187546 0.687424
vt 0.203175 0.687424
vt 0.218803 0.687424
vt 0.234432 0.687424
vt 0.234432 0.656166
vt 0.234432 0.624908
vt 0.234432 0.593651
vt 0.234432 0.562393
vt 0.234432 0.531135
vt 0.234432 0.500122
vt 0.250061 0.468864
vt 0.265690 0.437607
vt 0.281319 0.406349
vt 0.296948 0.375091
vt 0.312576 0.343834
vt 0.328205 0.312576
vt 0.343834 0.281319
vt 0.328205 0.281319
vt 0.312576 0.281319
vt 0.296948 0.281319
vt 0.281319 0.281319
vt 0.265690 0.281319
vt 0.250061 0.281319
vt 0.234432 0.281319
vt 0.218803 0.281319
vt 0.203175 0.281319
vt 0.187546 0.281319
vt 0.171917 0.281319
vt 0.156288 0.281319
vt 0.140659 0.281319
vt 0.125031 0.281319
vt 0.125031 0.312576
vt 0.125031 0.343834
vt 0.125031 0.375091
vt 0.125031 0.406349
vt 0.125031 0.437607
vt 0.125031 0.468864
vt 0.125031 0.500122
vt 0.125031 0.531135
vt 0.125031 0.562393
vt 0.125031 0.593651
vt 0.125031 0.624908
vt 0.125031 0.656166
vt 0.125031 0.687424
vt 0.125031 0.718681
vt 0.140659 0.718681
vt 0.156288 0.718681
vt 0.171917 0.718681
vt 0.187546 0.718681
vt 0.203175 0.718681
vt 0.218803 0.718681
vt 0.234432 0.718681
vt 0.250061 0.718681
vt 0.250061 0.687424
vt 0.250061 0.656166
vt 0.250061 0.624908
vt 0.250061 0.593651
vt 0.250061 0.562393
vt 0.250061 0.531135
vt 0.250061 0.500122
vt 0.265690 0.468864
vt 0.281319 0.437607
vt 0.296948 0.406349
vt 0.312576 0.375091
vt 0.328205 0.343834
vt 0.343834 0.312576
vt 0.359463 0.281319
vt 0.375092 0.250061
vt 0.359463 0.250061
vt 0.343834 0.250061
vt 0.328205 0.250061
vt 0.312576 0.250061
vt 0.296948 0.250061
vt 0.281319 0.250061
vt 0.265690 0.250061
vt 0.250061 0.250061
vt 0.234432 0.250061
vt 0.218803 0.250061
vt 0.203175 0.250061
vt 0.187546 0.250061
vt 0.171917 0.250061
vt 0.156288 0.250061
vt 0.140659 0.250061
vt 0.125031 0.250061
vt 0.109402 0.250061
vt 0.109402 0.281319
vt 0.109402 0.312576
vt 0.109402 0.343834
vt 0.109402 0.375091
vt 0.109402 0.406349
vt 0.109402 0.437607
vt 0.109402 0.468864
vt 0.109402 0.500122
vt 0.109402 0.531135
vt 0.109402 0.562393
vt 0.109402 0.593651
vt 0.109402 0.624908
vt 0.109402 0.656166
vt 0.109402 0.687424
vt 0.109402 0.718681
vt 0.109402 0.749939
vt 0.125031 0.749939
vt 0.140659 0.749939
vt 0.156288 0.749939
vt 0.171917 0.749939
vt 0.187546 0.749939
vt 0.203175 0.749939
vt 0.218803 0.749939
vt 0.234432 0.749939
vt 0.250061 0.749939
vt 0.265690 0.749939
vt 0.265690 0.718681
vt 0.265690 0.687424
vt 0.265690 0.656166
vt 0.265690 0.624908
vt 0.265690 0.593651
vt 0.265690 0.562393
vt 0.265690 0.531135
vt 0.265690 0.500122
vt 0.281319 0.468864
vt 0.296948 0.437607
vt 0.312576 0.406349
vt 0.328205 0.375091
vt 0.343834 0.343834
vt 0.359463 0.312576
vt 0.375092 0.281319
vt 0.390720 0.250061
vt 0.406349 0.218803
vt 0.390720 0.218803
vt 0.375092 0.218803
vt 0.359463 0.218803
vt 0.343834 0.218803
vt 0.328205 0.218803
vt 0.312576 0.218803
vt 0.296948 0.218803
vt 0.281319 0.218803
vt 0.265690 0.218803
vt 0.250061 0.218803
vt 0.234432 0.218803
vt 0.218803 0.218803
vt 0.203175 0.218803
vt 0.187546 0.218803
vt 0.171917 0.218803
vt 0.156288 0.218803
vt 0.140659 0.218803
vt 0.125031 0.218803
vt 0.109402 0.218803
vt 0.093773 0.218803
vt 0.093773 0.250061
vt 0.093773 0.281319
vt 0.093773 0.312576
vt 0.093773 0.343834
vt 0.093773 0.375091
vt 0.093773 0.406349
vt 0.093773 0.437607
vt 0.093773 0.468864
vt 0.093773 0.500122
vt 0.093773 0.531135
vt 0.093773 0.562393
vt 0.093773 0.593651
vt 0.093773 0.624908
vt 0.093773 0.656166
vt 0.093773 0.687424
vt 0.093773 0.718681
vt 0.093773 0.749939
vt 0.093773 0.781197
vt 0.109402 0.781197
vt 0.125031 0.781197
vt 0.140659 0.781197
vt 0.156288 0.781197
vt 0.171917 0.781197
vt 0.187546 0.781197
vt 0.203175 0.781197
vt 0.218803 0.781197
vt 0.234432 0.781197
vt 0.250061 0.781197
vt 0.265690 0.781197
vt 0.281319 0.781197
vt 0.281319 0.749939
vt 0.281319 0.718681
vt 0.281319 0.687424
vt 0.281319 0.656166
vt 0.281319 0.624908
vt 0.281319 0.593651
vt 0.281319 0.562393
vt 0.281319 0.531135
vt 0.281319 0.500122
vt 0.296948 0.468864
vt 0.312576 0.437607
vt 0.328205 0.406349
vt 0.343834 0.375091
vt 0.359463 0.343834
vt 0.375092 0.312576
vt 0.390720 0.281319
vt 0.406349 0.250061
vt 0.421978 0.218803
vt 0.437607 0.187546
vt 0.421978 0.187546
vt 0.406349 0.187546
vt 0.390720 0.187546
vt 0.375092 0.187546
vt 0.359463 0.187546
vt 0.343834 0.187546
vt 0.328205 0.187546
vt 0.312576 0.187546
vt 0.296948 0.187546
vt 0.281319 0.187546
vt 0.265690 0.187546
vt 0.250061 0.187546
vt 0.234432 0.187546
vt 0.218803 0.187546
vt 0.203175 0.187546
vt 0.187546 0.187546
vt 0.171917 0.187546
vt 0.156288 0.187546
vt 0.140659 0.187546
vt 0.125031 0.187546
vt 0.109402 0.187546
vt 0.093773 0.187546
vt 0.078144 0.187546
vt 0.078144 0.218803
vt 0.078144 0.250061
vt 0.078144 0.281319
vt 0.078144 0.312576
vt 0.078144 0.343834
vt 0.078144 0.375091
vt 0.078144 0.406349
vt 0.078144 0.437607
vt 0.078144 0.468864
vt 0.078144 0.500122
vt 0.078144 0.531135
vt 0.078144 0.562393
vt 0.078144 0.593651
vt 0.078144 0.624908
vt 0.078144 0.656166
vt 0.078144 0.687424
vt 0.078144 0.718681
vt 0.078144 0.749939
vt 0.078144 0.781197
vt 0.078144 0.812454
vt 0.093773 0.812454
vt 0.109402 0.812454
vt 0.125031 0.812454
vt 0.140659 0.812454
vt 0.156288 0.812454
vt 0.171917 0.812454
vt 0.187546 0.812454
vt 0.203175 0.812454
vt 0.218803 0.812454
vt 0.234432 0.812454
vt 0.250061 0.812454
vt 0.265690 0.812454
vt 0.281319 0.812454
vt 0.296948 0.812454
vt 0.296948 0.781197
vt 0.296948 0.749939
vt 0.296948 0.718681
vt 0.296948 0.687424
vt 0.296948 0.656166
vt 0.296948 0.624908
vt 0.296948 0.593651
vt 0.296948 0.562393
vt 0.296948 0.531135
vt 0.296948 0.500122
vt 0.312576 0.468864
vt 0.328205 0.437607
vt 0.343834 0.406349
vt 0.359463 0.375091
vt 0.375092 0.343834
vt 0.390720 0.312576
vt 0.406349 0.281319
vt 0.421978 0.250061
vt 0.437607 0.218803
vt 0.453236 0.187546
vt 0.468865 0.156288
vt 0.453236 0.156288
vt 0.437607 0.156288
vt 0.421978 0.156288
vt 0.406349 0.156288
vt 0.390720 0.156288
vt 0.375092 0.156288
vt 0.359463 0.156288
vt 0.343834 0.156288
vt 0.328205 0.156288
vt 0.312576 0.156288
vt 0.296948 0.156288
vt 0.281319 0.156288
vt 0.265690 0.156288
vt 0.250061 0.156288
vt 0.234432 0.156288
vt 0.218803 0.156288
vt 0.203175 0.156288
vt 0.187546 0.156288
vt 0.171917 0.156288
vt 0.156288 0.156288
vt 0.140659 0.156288
vt 0.125031 0.156288
vt 0.109402 0.156288
vt 0.093773 0.156288
vt 0.078144 0.156288
vt 0.062515 0.156288
vt 0.062515 0.187546
vt 0.062515 0.218803
vt 0.062515 0.250061
vt 0.062515 0.281319
vt 0.062515 0.312576
vt 0.062515 0.343834
vt 0.062515 0.375091
vt 0.062515 0.406349
vt 0.062515 0.437607
vt 0.062515 0.468864
vt 0.062515 0.500122
vt 0.062515 0.531135
vt 0.062515 0.562393
vt 0.062515 0.593651
vt 0.062515 0.624908
vt 0.062515 0.656166
vt 0.062515 0.687424
vt 0.062515 0.718681
vt 0.062515 0.749939
vt 0.062515 0.781197
vt 0.062515 0.812454
vt 0.062515 0.843712
vt 0.078144 0.843712
vt 0.093773 0.843712
vt 0.109402 0.843712
vt 0.125031 0.843712
vt 0.140659 0.843712
vt 0.156288 0.843712
vt 0.171917 0.843712
vt 0.187546 0.843712
vt 0.203175 0.843712
vt 0.218803 0.843712
vt 0.234432 0.843712
vt 0.250061 0.843712
vt 0.265690 0.843712
vt 0.281319 0.843712
vt 0.296948 0.843712
vt 0.312576 0.843712
vt 0.312576 0.812454
vt 0.312576 0.781197
vt 0.312576 0.749939
vt 0.312576 0.718681
vt 0.312576 0.687424
vt 0.312576 0.656166
vt 0.312576 0.624908
vt 0.312576 0.593651
vt 0.312576 0.562393
vt 0.312576 0.531135
vt 0.312576 0.500122
vt 0.328205 0.468864
vt 0.343834 0.437607
vt 0.359463 0.406349
vt 0.375092 0.375091
vt 0.390720 0.343834
vt 0.406349 0.312576
vt 0.421978 0.281319
vt 0.437607 0.250061
vt 0.453236 0.218803
vt 0.468865 0.187546
vt 0.484493 0.156288
vt 0.499878 0.125030
vt 0.484493 0.125030
vt 0.468865 0.125030
vt 0.453236 0.125030
vt 0.437607 0.125030
vt 0.421978 0.125030
vt 0.406349 0.125030
vt 0.390720 0.125030
vt 0.375092 0.125030
vt 0.359463 0.125030
vt 0.343834 0.125030
vt 0.328205 0.125030
vt 0.312576 0.125030
vt 0.296948 0.125030
vt 0.281319 0.125030
vt 0.265690 0.125030
vt 0.250061 0.125030
vt 0.234432 0.125030
vt 0.218803 0.125030
vt 0.203175 0.125030
vt 0.187546 0.125030
vt 0.171917 0.125030
vt 0.156288 0.125030
vt 0.140659 0.125030
vt 0.125031 0.125030
vt 0.109402 0.125030
vt 0.093773 0.125030
vt 0.078144 0.125030
vt 0.062515 0.125030
vt 0.046886 0.125030
vt 0.046886 0.156288
vt 0.046886 0.187546
vt 0.046886 0.218803
vt 0.046886 0.250061
vt 0.046886 0.281319
vt 0.046886 0.312576
vt 0.046886 0.343834
vt 0.046886 0.375091
vt 0.046886 0.406349
vt 0.046886 0.437607
vt 0.046886 0.468864
vt 0.046886 0.500122
vt 0.046886 0.531135
vt 0.046886 0.562393
vt 0.046886 0.593651
vt 0.046886 0.624908
vt 0.046886 0.656166
vt 0.046886 0.687424
vt 0.046886 0.718681
vt 0.046886 0.749939
vt 0.046886 0.781197
vt 0.046886 0.812454
vt 0.046886 0.843712
vt 0.046886 0.874969
vt 0.062515 0.874969
vt 0.078144 0.874969
vt 0.093773 0.874969
vt 0.109402 0.874969
vt 0.125031 0.874969
vt 0.140659 0.874969
vt 0.156288 0.874969
vt 0.171917 0.874969
vt 0.187546 0.874969
vt 0.203175 0.874969
vt 0.218803 0.874969
vt 0.234432 0.874969
vt 0.250061 0.874969
vt 0.265690 0.874969
vt 0.281319 0.874969
vt 0.296948 0.874969
vt 0.312576 0.874969
vt 0.328205 0.874969
vt 0.328205 0.843712
vt 0.328205 0.812454
vt 0.328205 0.781197
vt 0.328205 0.749939
vt 0.328205 0.718681
vt 0.328205 0.687424
vt 0.328205 0.656166
vt 0.328205 0.624908
vt 0.328205 0.593651
vt 0.328205 0.562393
vt 0.328205 0.531135
vt 0.328205 0.500122
vt 0.343834 0.468864
vt 0.359463 0.437607
vt 0.375092 0.406349
vt 0.390720 0.375091
vt 0.406349 0.343834
vt 0.421978 0.312576
vt 0.437607 0.281319
vt 0.453236 0.250061
vt 0.468865 0.218803
vt 0.484493 0.187546
vt 0.499878 0.156288
vt 0.515507 0.125030
vt 0.531136 0.093773
vt 0.515507 0.093773
vt 0.499878 0.093773
vt 0.484493 0.093773
vt 0.468865 0.093773
vt 0.453236 0.093773
vt 0.437607 0.093773
vt 0.421978 0.093773
vt 0.406349 0.093773
vt 0.390720 0.093773
vt 0.375092 0.093773
vt 0.359463 0.093773
vt 0.343834 0.093773
vt 0.328205 0.093773
vt 0.312576 0.093773
vt 0.296948 0.093773
vt 0.281319 0.093773
vt 0.265690 0.093773
vt 0.250061 0.093773
vt 0.234432 0.093773
vt 0.218803 0.093773
vt 0.203175 0.093773
vt 0.187546 0.093773
vt 0.171917 0.093773
vt 0.156288 0.093773
vt 0.140659 0.093773
vt 0.125031 0.093773
vt 0.109402 0.093773
vt 0.093773 0.093773
vt 0.078144 0.093773
vt 0.062515 0.093773
vt 0.046886 0.093773
vt 0.031258 0.093773
vt 0.031258 0.125030
vt 0.031258 0.156288
vt 0.031258 0.187546
vt 0.031258 0.218803
vt 0.031258 0.250061
vt 0.031258 0.281319
vt 0.031258 0.312576
vt 0.031258 0.343834
vt 0.031258 0.375091
vt 0.031258 0.406349
vt 0.031258 0.437607
vt 0.031258 0.468864
vt 0.031258 0.500122
vt 0.031258 0.531135
vt 0.031258 0.562393
vt 0.031258 0.593651
vt 0.031258 0.624908
vt 0.031258 0.656166
vt 0.031258 0.687424
vt 0.031258 0.718681
vt 0.031258 0.749939
vt 0.031258 0.781197
vt 0.031258 0.812454
vt 0.031258 0.843712
vt 0.031258 0.874969
vt 0.031258 0.906227
vt 0.046886 0.906227
vt 0.062515 0.906227
vt 0.078144 0.906227
vt 0.093773 0.906227
vt 0.109402 0.906227
vt 0.125031 0.906227
vt 0.140659 0.906227
vt 0.156288 0.906227
vt 0.171917 0.906227
vt 0.187546 0.906227
vt 0.203175 0.906227
vt 0.218803 0.906227
vt 0.234432 0.906227
vt 0.250061 0.906227
vt 0.265690 0.906227
vt 0.281319 0.906227
vt 0.296948 0.906227
vt 0.312576 0.906227
vt 0.328205 0.906227
vt 0.343834 0.906227
vt 0.343834 0.874969
vt 0.343834 0.843712
vt 0.343834 0.812454
vt 0.343834 0.781197
vt 0.343834 0.749939
vt 0.343834 0.718681
vt 0.343834 0.687424
vt 0.343834 0.656166
vt 0.343834 0.624908
vt 0.343834 0.593651
vt 0.343834 0.562393
vt 0.343834 0.531135
vt 0.343834 0.500122
vt 0.359463 0.468864
vt 0.375092 0.437607
vt 0.390720 0.406349
vt 0.406349 0.375091
vt 0.421978 0.343834
vt 0.437607 0.312576
vt 0.453236 0.281319
vt 0.468865 0.250061
vt 0.484493 0.218803
vt 0.499878 0.187546
vt 0.515507 0.156288
vt 0.531136 0.125030
vt 0.546764 0.093773
vt 0.562393 0.062515
vt 0.546764 0.062515
vt 0.531136 0.062515
vt 0.515507 0.062515
vt 0.499878 0.062515
vt 0.484493 0.062515
vt 0.468865 0.062515
vt 0.453236 0.062515
vt 0.437607 0.062515
vt 0.421978 0.062515
vt 0.406349 0.062515
vt 0.390720 0.062515
vt 0.375092 0.062515
vt 0.359463 0.062515
vt 0.343834 0.062515
vt 0.328205 0.062515
vt 0.312576 0.062515
vt 0.296948 0.062515
vt 0.281319 0.062515
vt 0.265690 0.062515
vt 0.250061 0.062515
vt 0.234432 0.062515
vt 0.218803 0.062515
vt 0.203175 0.062515
vt 0.187546 0.062515
vt 0.171917 0.062515
vt 0.156288 0.062515
vt 0.140659 0.062515
vt 0.125031 0.062515
vt 0.109402 0.062515
vt 0.093773 0.062515
vt 0.078144 0.062515
vt 0.062515 0.062515
vt 0.046886 0.062515
vt 0.031258 0.062515
vt 0.015629 0.062515
vt 0.015629 0.093773
vt 0.015629 0.125030
vt 0.015629 0.156288
vt 0.015629 0.187546
vt 0.015629 0.218803
vt 0.015629 0.250061
vt 0.015629 0.281319
vt 0.015629 0.312576
vt 0.015629 0.343834
vt 0.015629 0.375091
vt 0.015629 0.406349
vt 0.015629 0.437607
vt 0.015629 0.468864
vt 0.015629 0.500122
vt 0.015629 0.531135
vt 0.015629 0.562393
vt 0.015629 0.593651
vt 0.015629 0.624908
vt 0.015629 0.656166
vt 0.015629 0.687424
vt 0.015629 0.718681
vt 0.015629 0.749939
vt 0.015629 0.781197
vt 0.015629 0.812454
vt 0.015629 0.843712
vt 0.015629 0.874969
vt 0.015629 0.906227
vt 0.015629 0.937485
vt 0.031258 0.937485
vt 0.046886 0.937485
vt 0.062515 0.937485
vt 0.078144 0.937485
vt 0.093773 0.937485
vt 0.109402 0.937485
vt 0.125031 0.937485
vt 0.140659 0.937485
vt 0.156288 0.937485
vt 0.171917 0.937485
vt 0.187546 0.937485
vt 0.203175 0.937485
vt 0.218803 0.937485
vt 0.234432 0.937485
vt 0.250061 0.937485
vt 0.265690 0.937485
vt 0.281319 0.937485
vt 0.296948 0.937485
vt 0.312576 0.937485
vt 0.328205 0.937485
vt 0.343834 0.937485
vt 0.359463 0.937485
vt 0.359463 0.906227
vt 0.359463 0.874969
vt 0.359463 0.843712
vt 0.359463 0.812454
vt 0.359463 0.781197
vt 0.359463 0.749939
vt 0.359463 0.718681
vt 0.359463 0.687424
vt 0.359463 0.656166
vt 0.359463 0.624908
vt 0.359463 0.593651
vt 0.359463 0.562393
vt 0.359463 0.531135
vt 0.359463 0.500122
vt 0.375092 0.468864
vt 0.390720 0.437607
vt 0.406349 0.406349
vt 0.421978 0.375091
vt 0.437607 0.343834
vt 0.453236 0.312576
vt 0.468865 0.281319
vt 0.484493 0.250061
vt 0.499878 0.218803
vt 0.515507 0.187546
vt 0.531136 0.156288
vt 0.546764 0.125030
vt 0.562393 0.093773
vt 0.578022 0.062515
vt 0.585836 -0.000000
vt 0.578022 0.031257
vt 0.570208 -0.000000
vt 0.562393 0.031257
vt 0.554579 -0.000000
vt 0.546764 0.031257
vt 0.538950 -0.000000
vt 0.531136 0.031257
vt 0.523321 -0.000000
vt 0.515507 0.031257
vt 0.507692 -0.000000
vt 0.499878 0.031257
vt 0.492308 -0.000000
vt 0.484493 0.031257
vt 0.476679 -0.000000
vt 0.468865 0.031257
vt 0.461050 -0.000000
vt 0.453236 0.031257
vt 0.445421 -0.000000
vt 0.437607 0.031257
vt 0.429792 -0.000000
vt 0.421978 0.031257
vt 0.414164 -0.000000
vt 0.406349 0.031257
vt 0.398535 -0.000000
vt 0.390720 0.031257
vt 0.382906 -0.000000
vt 0.375092 0.031257
vt 0.367277 -0.000000
vt 0.359463 0.031257
vt 0.351648 -0.000000
vt 0.343834 0.031257
vt 0.336020 -0.000000
vt 0.328205 0.031257
vt 0.320391 -0.000000
vt 0.312576 0.031257
vt 0.304762 -0.000000
vt 0.296948 0.031257
vt 0.289133 -0.000000
vt 0.281319 0.031257
vt 0.273504 -0.000000
vt 0.265690 0.031257
vt 0.257876 -0.000000
vt 0.250061 0.031257
vt 0.242247 -0.000000
vt 0.234432 0.031257
vt 0.226618 -0.000000
vt 0.218803 0.031257
vt 0.210989 -0.000000
vt 0.203175 0.031257
vt 0.195360 -0.000000
vt 0.187546 0.031257
vt 0.179731 -0.000000
vt 0.171917 0.031257
vt 0.164103 -0.000000
vt 0.156288 0.031257
vt 0.148474 -0.000000
vt 0.140659 0.031257
vt 0.132845 -0.000000
vt 0.125031 0.031257
vt 0.117216 -0.000000
vt 0.109402 0.031257
vt 0.101587 -0.000000
vt 0.093773 0.031257
vt 0.085959 -0.000000
vt 0.078144 0.031257
vt 0.070330 -0.000000
vt 0.062515 0.031257
vt 0.054701 -0.000000
vt 0.046886 0.031257
vt 0.039072 -0.000000
vt 0.031258 0.031257
vt 0.023443 -0.000000
vt 0.015629 0.031257
vt 0.007814 -0.000000
vt 0.000000 0.031257
vt 0.000000 0.062515
vt 0.000000 0.093773
vt 0.000000 0.125030
vt 0.000000 0.156288
vt 0.000000 0.187546
vt 0.000000 0.218803
vt 0.000000 0.250061
vt 0.000000 0.281319
vt 0.000000 0.312576
vt 0.000000 0.343834
vt 0.000000 0.375091
vt 0.000000 0.406349
vt 0.000000 0.437607
vt 0.000000 0.468864
vt 0.000000 0.500122
vt 0.000000 0.531135
vt 0.000000 0.562393
vt 0.000000 0.593651
vt 0.000000 0.624908
vt 0.000000 0.656166
vt 0.000000 0.687424
vt 0.000000 0.718681
vt 0.000000 0.749939
vt 0.000000 0.781197
vt 0.000000 0.812454
vt 0.000000 0.843712
vt 0.000000 0.874969
vt 0.000000 0.906227
vt 0.000000 0.937485
vt 0.000000 0.968742
vt 0.007814 1.000000
vt 0.015629 0.968742
vt 0.023443 1.000000
vt 0.031258 0.968742
vt 0.039072 1.000000
vt 0.046886 0.968742
vt 0.054701 1.000000
vt 0.062515 0.968742
vt 0.070330 1.000000
vt 0.078144 0.968742
vt 0.085959 1.000000
vt 0.093773 0.968742
vt 0.101587 1.000000
vt 0.109402 0.968742
vt 0.117216 1.000000
vt 0.125031 0.968742
vt 0.132845 1.000000
vt 0.140659 0.968742
vt 0.148474 1.000000
vt 0.156288 0.968742
vt 0.164103 1.000000
vt 0.171917 0.968742
vt 0.179731 1.000000
vt 0.187546 0.968742
vt 0.195360 1.000000
vt 0.203175 0.968742
vt 0.210989 1.000000
vt 0.218803 0.968742
vt 0.226618 1.000000
vt 0.234432 0.968742
vt 0.242247 1.000000
vt 0.250061 0.968742
vt 0.257876 1.000000
vt 0.265690 0.968742
vt 0.273504 1.000000
vt 0.281319 0.968742
vt 0.289133 1.000000
vt 0.296948 0.968742
vt 0.304762 1.000000
vt 0.312576 0.968742
vt 0.320391 1.000000
vt 0.328205 0.968742
vt 0.336020 1.000000
vt 0.343834 0.968742
vt 0.351648 1.000000
vt 0.359463 0.968742
vt 0.375092 0.937485
vt 0.367277 1.000000
vt 0.375092 0.968742
vt 0.390720 0.937485
vt 0.382906 1.000000
vt 0.390720 0.968742
vt 0.406349 0.937485
vt 0.398535 1.000000
vt 0.406349 0.968742
vt 0.421978 0.937485
vt 0.414164 1.000000
vt 0.421978 0.968742
vt 0.437607 0.937485
vt 0.429792 1.000000
vt 0.437607 0.968742
vt 0.453236 0.937485
vt 0.445421 1.000000
vt 0.453236 0.968742
vt 0.468865 0.937485
vt 0.461050 1.000000
vt 0.468865 0.968742
vt 0.484493 0.937485
vt 0.476679 1.000000
vt 0.484493 0.968742
vt 0.499878 0.937485
vt 0.492308 1.000000
vt 0.499878 0.968742
vt 0.515507 0.937485
vt 0.507692 1.000000
vt 0.515507 0.968742
vt 0.531136 0.937485
vt 0.523321 1.000000
vt 0.531136 0.968742
vt 0.546764 0.937485
vt 0.538950 1.000000
vt 0.546764 0.968742
vt 0.562393 0.937485
vt 0.554579 1.000000
vt 0.562393 0.968742
vt 0.578022 0.937485
vt 0.570208 1.000000
vt 0.578022 0.968742
vt 0.585836 1.000000
vt 0.593651 0.968742
vt 0.601465 1.000000
vt 0.609280 0.968742
vt 0.617094 1.000000
vt 0.624909 0.968742
vt 0.632723 1.000000
vt 0.640537 0.968742
vt 0.648352 1.000000
vt 0.656166 0.968742
vt 0.663981 1.000000
vt 0.671795 0.968742
vt 0.679609 1.000000
vt 0.687424 0.968742
vt 0.695238 1.000000
vt 0.703053 0.968742
vt 0.710867 1.000000
vt 0.718681 0.968742
vt 0.726496 1.000000
vt 0.734310 0.968742
vt 0.742125 1.000000
vt 0.749939 0.968742
vt 0.757753 1.000000
vt 0.765568 0.968742
vt 0.773382 1.000000
vt 0.781197 0.968742
vt 0.789011 1.000000
vt 0.796826 0.968742
vt 0.804640 1.000000
vt 0.812454 0.968742
vt 0.820269 1.000000
vt 0.828083 0.968742
vt 0.835898 1.000000
vt 0.843712 0.968742
vt 0.851526 1.000000
vt 0.859341 0.968742
vt 0.867155 1.000000
vt 0.874970 0.968742
vt 0.882784 1.000000
vt 0.890598 0.968742
vt 0.898413 1.000000
vt 0.906227 0.968742
vt 0.914042 1.000000
vt 0.921856 0.968742
vt 0.929671 1.000000
vt 0.937485 0.968742
vt 0.945299 1.000000
vt 0.953114 0.968742
vt 0.960928 1.000000
vt 0.968743 0.968742
vt 0.976557 1.000000
vt 0.984371 0.968742
vt 0.992186 1.000000
vt 1.000000 0.968742
vt 1.000000 0.937485
vt 1.000000 0.906227
vt 1.000000 0.874969
vt 1.000000 0.843712
vt 1.000000 0.812454
vt 1.000000 0.781197
vt 1.000000 0.749939
vt 1.000000 0.718681
vt 1.000000 0.687424
vt 1.000000 0.656166
vt 1.000000 0.624908
vt 1.000000 0.593651
vt 1.000000 0.562393
vt 1.000000 0.531135
vt 1.000000 0.500122
vt 1.000000 0.468864
vt 1.000000 0.437607
vt 1.000000 0.406349
vt 1.000000 0.375091
vt 1.000000 0.343834
vt 1.000000 0.312576
vt 1.000000 0.281319
vt 1.000000 0.250061
vt 1.000000 0.218803
vt 1.000000 0.187546
vt 1.000000 0.156288
vt 1.000000 0.125030
vt 1.000000 0.093773
vt 1.000000 0.062515
vt 1.000000 0.031257
vt 0.992186 -0.000000
vt 0.984371 0.031257
vt 0.976557 -0.000000
vt 0.968743 0.031257
vt 0.960928 -0.000000
vt 0.953114 0.031257
vt 0.945299 -0.000000
vt 0.937485 0.031257
vt 0.929671 -0.000000
vt 0.921856 0.031257
vt 0.914042 -0.000000
vt 0.906227 0.031257
vt 0.898413 -0.000000
vt 0.890598 0.031257
vt 0.882784 -0.000000
vt 0.874970 0.031257
vt 0.867155 -0.000000
vt 0.859341 0.031257
vt 0.851526 -0.000000
vt 0.843712 0.031257
vt 0.835898 -0.000000
vt 0.828083 0.031257
vt 0.820269 -0.000000
vt 0.812454 0.062515
vt 0.812454 0.093773
vt 0.812454 0.125030
vt 0.812454 0.156288
vt 0.812454 0.187546
vt 0.812454 0.218803
vt 0.812454 0.250061
vt 0.812454 0.281319
vt 0.812454 0.312576
vt 0.812454 0.343834
vt 0.812454 0.375091
vt 0.812454 0.406349
vt 0.812454 0.437607
vt 0.812454 0.468864
vt 0.796826 0.500122
vt 0.781197 0.531135
vt 0.765568 0.562393
vt 0.749939 0.593651
vt 0.734310 0.624908
vt 0.718681 0.656166
vt 0.703053 0.687424
vt 0.687424 0.718681
vt 0.671795 0.749939
vt 0.656166 0.781197
vt 0.640537 0.812454
vt 0.624909 0.843712
vt 0.609280 0.874969
vt 0.593651 0.906227
vt 0.578022 0.906227
vt 0.562393 0.906227
vt 0.546764 0.906227
vt 0.531136 0.906227
vt 0.515507 0.906227
vt 0.499878 0.906227
vt 0.484493 0.906227
vt 0.468865 0.906227
vt 0.453236 0.906227
vt 0.437607 0.906227
vt 0.421978 0.906227
vt 0.406349 0.906227
vt 0.390720 0.906227
vt 0.375092 0.906227
vt 0.375092 0.874969
vt 0.375092 0.843712
vt 0.375092 0.812454
vt 0.375092 0.781197
vt 0.375092 0.749939
vt 0.375092 0.718681
vt 0.375092 0.687424
vt 0.375092 0.656166
vt 0.375092 0.624908
vt 0.375092 0.593651
vt 0.375092 0.562393
vt 0.375092 0.531135
vt 0.375092 0.500122
vt 0.390720 0.468864
vt 0.406349 0.437607
vt 0.421978 0.406349
vt 0.437607 0.375091
vt 0.453236 0.343834
vt 0.468865 0.312576
vt 0.484493 0.281319
vt 0.499878 0.250061
vt 0.515507 0.218803
vt 0.531136 0.187546
vt 0.546764 0.156288
vt 0.562393 0.125030
vt 0.578022 0.093773
vt 0.593651 0.062515
vt 0.609280 0.062515
vt 0.624909 0.062515
vt 0.640537 0.062515
vt 0.656166 0.062515
vt 0.671795 0.062515
vt 0.687424 0.062515
vt 0.703053 0.062515
vt 0.718681 0.062515
vt 0.734310 0.062515
vt 0.749939 0.062515
vt 0.765568 0.062515
vt 0.781197 0.062515
vt 0.796826 0.062515
vt 0.796826 0.093773
vt 0.796826 0.125030
vt 0.796826 0.156288
vt 0.796826 0.187546
vt 0.796826 0.218803
vt 0.796826 0.250061
vt 0.796826 0.281319
vt 0.796826 0.312576
vt 0.796826 0.343834
vt 0.796826 0.375091
vt 0.796826 0.406349
vt 0.796826 0.437607
vt 0.796826 0.468864
vt 0.781197 0.500122
vt 0.765568 0.531135
vt 0.749939 0.562393
vt 0.734310 0.593651
vt 0.718681 0.624908
vt 0.703053 0.656166
vt 0.687424 0.687424
vt 0.671795 0.718681
vt 0.656166 0.749939
vt 0.640537 0.781197
vt 0.624909 0.812454
vt 0.609280 0.843712
vt 0.593651 0.874969
vt 0.578022 0.874969
vt 0.562393 0.874969
vt 0.546764 0.874969
vt 0.531136 0.874969
vt 0.515507 0.874969
vt 0.499878 0.874969
vt 0.484493 0.874969
vt 0.468865 0.874969
vt 0.453236 0.874969
vt 0.437607 0.874969
vt 0.421978 0.874969
vt 0.406349 0.874969
vt 0.390720 0.874969
vt 0.390720 0.843712
vt 0.390720 0.812454
vt 0.390720 0.781197
vt 0.390720 0.749939
vt 0.390720 0.718681
vt 0.390720 0.687424
vt 0.390720 0.656166
vt 0.390720 0.624908
vt 0.390720 0.593651
vt 0.390720 0.562393
vt 0.390720 0.531135
vt 0.390720 0.500122
vt 0.406349 0.468864
vt 0.421978 0.437607
vt 0.437607 0.406349
vt 0.453236 0.375091
vt 0.468865 0.343834
vt 0.484493 0.312576
vt 0.499878 0.281319
vt 0.515507 0.250061
vt 0.531136 0.218803
vt 0.546764 0.187546
vt 0.562393 0.156288
vt 0.578022 0.125030
vt 0.593651 0.093773
vt 0.609280 0.093773
vt 0.624909 0.093773
vt 0.640537 0.093773
vt 0.656166 0.093773
vt 0.671795 0.093773
vt 0.687424 0.093773
vt 0.703053 0.093773
vt 0.718681 0.093773
vt 0.734310 0.093773
vt 0.749939 0.093773
vt 0.765568 0.093773
vt 0.781197 0.093773
vt 0.781197 0.125030
vt 0.781197 0.156288
vt 0.781197 0.187546
vt 0.781197 0.218803
vt 0.781197 0.250061
vt 0.781197 0.281319
vt 0.781197 0.312576
vt 0.781197 0.343834
vt 0.781197 0.375091
vt 0.781197 0.406349
vt 0.781197 0.437607
vt 0.781197 0.468864
vt 0.765568 0.500122
vt 0.749939 0.531135
vt 0.734310 0.562393
vt 0.718681 0.593651
vt 0.703053 0.624908
vt 0.687424 0.656166
vt 0.671795 0.687424
vt 0.656166 0.718681
vt 0.640537 0.749939
vt 0.624909 0.781197
vt 0.609280 0.812454
vt 0.593651 0.843712
vt 0.578022 0.843712
vt 0.562393 0.843712
vt 0.546764 0.843712
vt 0.531136 0.843712
vt 0.515507 0.843712
vt 0.499878 0.843712
vt 0.484493 0.843712
vt 0.468865 0.843712
vt 0.453236 0.843712
vt 0.437607 0.843712
vt 0.421978 0.843712
vt 0.406349 0.843712
vt 0.406349 0.812454
vt 0.406349 0.781197
vt 0.406349 0.749939
vt 0.406349 0.718681
vt 0.406349 0.687424
vt 0.406349 0.656166
vt 0.406349 0.624908
vt 0.406349 0.593651
vt 0.406349 0.562393
vt 0.406349 0.531135
vt 0.406349 0.500122
vt 0.421978 0.468864
vt 0.437607 0.437607
vt 0.453236 0.406349
vt 0.468865 0.375091
vt 0.484493 0.343834
vt 0.499878 0.312576
vt 0.515507 0.281319
vt 0.531136 0.250061
vt 0.546764 0.218803
vt 0.562393 0.187546
vt 0.578022 0.156288
vt 0.593651 0.125030
vt 0.609280 0.125030
vt 0.624909 0.125030
vt 0.640537 0.125030
vt 0.656166 0.125030
vt 0.671795 0.125030
vt 0.687424 0.125030
vt 0.703053 0.125030
vt 0.718681 0.125030
vt 0.734310 0.125030
vt 0.749939 0.125030
vt 0.765568 0.125030
vt 0.765568 0.156288
vt 0.765568 0.187546
vt 0.765568 0.218803
vt 0.765568 0.250061
vt 0.765568 0.281319
vt 0.765568 0.312576
vt 0.765568 0.343834
vt 0.765568 0.375091
vt 0.765568 0.406349
vt 0.765568 0.437607
vt 0.765568 0.468864
vt 0.749939 0.500122
vt 0.734310 0.531135
vt 0.718681 0.562393
vt 0.703053 0.593651
vt 0.687424 0.624908
vt 0.671795 0.656166
vt 0.656166 0.687424
vt 0.640537 0.718681
vt 0.624909 0.749939
vt 0.609280 0.781197
vt 0.593651 0.812454
vt 0.578022 0.812454
vt 0.562393 0.812454
vt 0.546764 0.812454
vt 0.531136 0.812454
vt 0.515507 0.812454
vt 0.499878 0.812454
vt 0.484493 0.812454
vt 0.468865 0.812454
vt 0.453236 0.812454
vt 0.437607 0.812454
vt 0.421978 0.812454
vt 0.421978 0.781197
vt 0.421978 0.749939
vt 0.421978 0.718681
vt 0.421978 0.687424
vt 0.421978 0.656166
vt 0.421978 0.624908
vt 0.421978 0.593651
vt 0.421978 0.562393
vt 0.421978 0.531135
vt 0.421978 0.500122
vt 0.437607 0.468864
vt 0.453236 0.437607
vt 0.468865 0.406349
vt 0.484493 0.375091
vt 0.499878 0.343834
vt 0.515507 0.312576
vt 0.531136 0.281319
vt 0.546764 0.250061
vt 0.562393 0.218803
vt 0.578022 0.187546
vt 0.593651 0.156288
vt 0.609280 0.156288
vt 0.624909 0.156288
vt 0.640537 0.156288
vt 0.656166 0.156288
vt 0.671795 0.156288
vt 0.687424 0.156288
vt 0.703053 0.156288
vt 0.718681 0.156288
vt 0.734310 0.156288
vt 0.749939 0.156288
vt 0.749939 0.187546
vt 0.749939 0.218803
vt 0.749939 0.250061
vt 0.749939 0.281319
vt 0.749939 0.312576
vt 0.749939 0.343834
vt 0.749939 0.375091
vt 0.749939 0.406349
vt 0.749939 0.437607
vt 0.749939 0.468864
vt 0.734310 0.500122
vt 0.718681 0.531135
vt 0.703053 0.562393
vt 0.687424 0.593651
vt 0.671795 0.624908
vt 0.656166 0.656166
vt 0.640537 0.687424
vt 0.624909 0.718681
vt 0.609280 0.749939
vt 0.593651 0.781197
vt 0.578022 0.781197
vt 0.562393 0.781197
vt 0.546764 0.781197
vt 0.531136 0.781197
vt 0.515507 0.781197
vt 0.499878 0.781197
vt 0.484493 0.781197
vt 0.468865 0.781197
vt 0.453236 0.781197
vt 0.437607 0.781197
vt 0.437607 0.749939
vt 0.437607 0.718681
vt 0.437607 0.687424
vt 0.437607 0.656166
vt 0.437607 0.624908
vt 0.437607 0.593651
vt 0.437607 0.562393
vt 0.437607 0.531135
vt 0.437607 0.500122
vt 0.453236 0.468864
vt 0.468865 0.437607
vt 0.484493 0.406349
vt 0.499878 0.375091
vt 0.515507 0.343834
vt 0.531136 0.312576
vt 0.546764 0.281319
vt 0.562393 0.250061
vt 0.578022 0.218803
vt 0.593651 0.187546
vt 0.609280 0.187546
vt 0.624909 0.187546
vt 0.640537 0.187546
vt 0.656166 0.187546
vt 0.671795 0.187546
vt 0.687424 0.187546
vt 0.703053 0.187546
vt 0.718681 0.187546
vt 0.734310 0.187546
vt 0.734310 0.218803
vt 0.734310 0.250061
vt 0.734310 0.281319
vt 0.734310 0.312576
vt 0.734310 0.343834
vt 0.734310 0.375091
vt 0.734310 0.406349
vt 0.734310 0.437607
vt 0.734310 0.468864
vt 0.718681 0.500122
vt 0.703053 0.531135
vt 0.687424 0.562393
vt 0.671795 0.593651
vt 0.656166 0.624908
vt 0.640537 0.656166
vt 0.624909 0.687424
vt 0.609280 0.718681
vt 0.593651 0.749939
vt 0.578022 0.749939
vt 0.562393 0.749939
vt 0.546764 0.749939
vt 0.531136 0.749939
vt 0.515507 0.749939
vt 0.499878 0.749939
vt 0.484493 0.749939
vt 0.468865 0.749939
vt 0.453236 0.749939
vt 0.453236 0.718681
vt 0.453236 0.687424
vt 0.453236 0.656166
vt 0.453236 0.624908
vt 0.453236 0.593651
vt 0.453236 0.562393
vt 0.453236 0.531135
vt 0.453236 0.500122
vt 0.468865 0.468864
vt 0.484493 0.437607
vt 0.499878 0.406349
vt 0.515507 0.375091
vt 0.531136 0.343834
vt 0.546764 0.312576
vt 0.562393 0.281319
vt 0.578022 0.250061
vt 0.593651 0.218803
vt 0.609280 0.218803
vt 0.624909 0.218803
vt 0.640537 0.218803
vt 0.656166 0.218803
vt 0.671795 0.218803
vt 0.687424 0.218803
vt 0.703053 0.218803
vt 0.718681 0.218803
vt 0.718681 0.250061
vt 0.718681 0.281319
vt 0.718681 0.312576
vt 0.718681 0.343834
vt 0.718681 0.375091
vt 0.718681 0.406349
vt 0.718681 0.437607
vt 0.718681 0.468864
vt 0.703053 0.500122
vt 0.687424 0.531135
vt 0.671795 0.562393
vt 0.656166 0.593651
vt 0.640537 0.624908
vt 0.624909 0.656166
vt 0.609280 0.687424
vt 0.593651 0.718681
vt 0.578022 0.718681
vt 0.562393 0.718681
vt 0.546764 0.718681
vt 0.531136 0.718681
vt 0.515507 0.718681
vt 0.499878 0.718681
vt 0.484493 0.718681
vt 0.468865 0.718681
vt 0.468865 0.687424
vt 0.468865 0.656166
vt 0.468865 0.624908
vt 0.468865 0.593651
vt 0.468865 0.562393
vt 0.468865 0.531135
vt 0.468865 0.500122
vt 0.484493 0.468864
vt 0.499878 0.437607
vt 0.515507 0.406349
vt 0.531136 0.375091
vt 0.546764 0.343834
vt 0.562393 0.312576
vt 0.578022 0.281319
vt 0.593651 0.250061
vt 0.609280 0.250061
vt 0.624909 0.250061
vt 0.640537 0.250061
vt 0.656166 0.250061
vt 0.671795 0.250061
vt 0.687424 0.250061
vt 0.703053 0.250061
vt 0.703053 0.281319
vt 0.703053 0.312576
vt 0.703053 0.343834
vt 0.703053 0.375091
vt 0.703053 0.406349
vt 0.703053 0.437607
vt 0.703053 0.468864
vt 0.687424 0.500122
vt 0.671795 0.531135
vt 0.656166 0.562393
vt 0.640537 0.593651
vt 0.624909 0.624908
vt 0.609280 0.656166
vt 0.593651 0.687424
vt 0.578022 0.687424
vt 0.562393 0.687424
vt 0.546764 0.687424
vt 0.531136 0.687424
vt 0.515507 0.687424
vt 0.499878 0.687424
vt 0.484493 0.687424
vt 0.484493 0.656166
vt 0.484493 0.624908
vt 0.484493 0.593651
vt 0.484493 0.562393
vt 0.484493 0.531135
vt 0.484493 0.500122
vt 0.499878 0.468864
vt 0.515507 0.437607
vt 0.531136 0.406349
vt 0.546764 0.375091
vt 0.562393 0.343834
vt 0.578022 0.312576
vt 0.593651 0.281319
vt 0.609280 0.281319
vt 0.624909 0.281319
vt 0.640537 0.281319
vt 0.656166 0.281319
vt 0.671795 0.281319
vt 0.687424 0.281319
vt 0.687424 0.312576
vt 0.687424 0.343834
vt 0.687424 0.375091
vt 0.687424 0.406349
vt 0.687424 0.437607
vt 0.687424 0.468864
vt 0.671795 0.500122
vt 0.656166 0.531135
vt 0.640537 0.562393
vt 0.624909 0.593651
vt 0.609280 0.624908
vt 0.593651 0.656166
vt 0.578022 0.656166
vt 0.562393 0.656166
vt 0.546764 0.656166
vt 0.531136 0.656166
vt 0.515507 0.656166
vt 0.499878 0.656166
vt 0.499878 0.624908
vt 0.499878 0.593651
vt 0.499878 0.562393
vt 0.499878 0.531135
vt 0.499878 0.500122
vt 0.515507 0.468864
vt 0.531136 0.437607
vt 0.546764 0.406349
vt 0.562393 0.375091
vt 0.578022 0.343834
vt 0.593651 0.312576
vt 0.609280 0.312576
vt 0.624909 0.312576
vt 0.640537 0.312576
vt 0.656166 0.312576
vt 0.671795 0.312576
vt 0.671795 0.343834
vt 0.671795 0.375091
vt 0.671795 0.406349
vt 0.671795 0.437607
vt 0.671795 0.468864
vt 0.656166 0.500122
vt 0.640537 0.531135
vt 0.624909 0.562393
vt 0.609280 0.593651
vt 0.593651 0.624908
vt 0.578022 0.624908
vt 0.562393 0.624908
vt 0.546764 0.624908
vt 0.531136 0.624908
vt 0.515507 0.624908
vt 0.515507 0.593651
vt 0.515507 0.562393
vt 0.515507 0.531135
vt 0.515507 0.500122
vt 0.531136 0.468864
vt 0.546764 0.437607
vt 0.562393 0.406349
vt 0.578022 0.375091
vt 0.593651 0.343834
vt 0.609280 0.343834
vt 0.624909 0.343834
vt 0.640537 0.343834
vt 0.656166 0.343834
vt 0.656166 0.375091
vt 0.656166 0.406349
vt 0.656166 0.437607
vt 0.656166 0.468864
vt 0.640537 0.500122
vt 0.624909 0.531135
vt 0.609280 0.562393
vt 0.593651 0.593651
vt 0.578022 0.593651
vt 0.562393 0.593651
vt 0.546764 0.593651
vt 0.531136 0.593651
vt 0.531136 0.562393
vt 0.531136 0.531135
vt 0.531136 0.500122
vt 0.546764 0.468864
vt 0.562393 0.437607
vt 0.578022 0.406349
vt 0.593651 0.375091
vt 0.609280 0.375091
vt 0.624909 0.375091
vt 0.640537 0.375091
vt 0.640537 0.406349
vt 0.640537 0.437607
vt 0.640537 0.468864
vt 0.624909 0.500122
vt 0.609280 0.531135
vt 0.593651 0.562393
vt 0.578022 0.562393
vt 0.562393 0.562393
vt 0.546764 0.562393
vt 0.546764 0.531135
vt 0.546764 0.500122
vt 0.562393 0.468864
vt 0.578022 0.437607
vt 0.593651 0.406349
vt 0.609280 0.406349
vt 0.624909 0.406349
vt 0.624909 0.437607
vt 0.624909 0.468864
vt 0.609280 0.500122
vt 0.593651 0.531135
vt 0.578022 0.531135
vt 0.562393 0.531135
vt 0.562393 0.500122
vt 0.578022 0.468864
vt 0.593651 0.437607
vt 0.609280 0.437607
vt 0.609280 0.468864
vt 0.593651 0.500122
vt 0.578022 0.500122
vt 0.593651 0.468864
s 1
usemtl Earth_Surface.002
f 1/1/1 1541/2/2 2/3/3
f 3/4/1 2/3/3 4/5/4
f 5/6/1 4/5/4 6/7/5
f 7/8/1 6/7/5 8/9/6
f 9/10/1 8/9/6 10/11/7
f 11/12/1 10/11/7 12/13/8
f 13/14/1 12/13/8 14/15/9
f 15/16/1 14/15/9 16/17/10
f 17/18/1 16/17/10 18/19/11
f 19/20/1 18/19/11 20/21/12
f 21/22/1 20/21/12 22/23/13
f 23/24/1 22/23/13 24/25/14
f 25/26/1 24/25/14 26/27/15
f 27/28/1 26/27/15 28/29/16
f 29/30/17 30/31/18 31/32/19
f 32/33/20 31/32/19 33/34/21
f 31/32/19 30/31/18 33/34/21
f 33/34/21 30/31/18 34/35/22
f 35/36/23 34/35/22 36/37/24
f 34/35/22 30/31/18 36/37/24
f 36/37/24 30/31/18 37/38/25
f 30/31/18 29/30/17 37/38/25
f 37/38/25 29/30/17 38/39/26
f 39/40/27 38/39/26 40/41/28
f 38/39/26 29/30/17 40/41/28
f 40/41/28 29/30/17 41/42/29
f 29/30/17 31/32/19 41/42/29
f 41/42/29 31/32/19 42/43/30
f 31/32/19 32/33/20 42/43/30
f 42/43/30 32/33/20 43/44/31
f 44/45/32 43/44/31 45/46/33
f 43/44/31 32/33/20 45/46/33
f 45/46/33 32/33/20 46/47/34
f 32/33/20 33/34/21 46/47/34
f 46/47/34 33/34/21 47/48/35
f 33/34/21 34/35/22 47/48/35
f 47/48/35 34/35/22 48/49/36
f 34/35/22 35/36/23 48/49/36
f 48/49/36 35/36/23 49/50/37
f 50/51/38 49/50/37 51/52/39
f 49/50/37 35/36/23 51/52/39
f 51/52/39 35/36/23 52/53/40
f 35/36/23 36/37/24 52/53/40
f 52/53/40 36/37/24 53/54/41
f 36/37/24 37/38/25 53/54/41
f 53/54/41 37/38/25 54/55/42
f 37/38/25 38/39/26 54/55/42
f 54/55/42 38/39/26 55/56/43
f 38/39/26 39/40/27 55/56/43
f 55/56/43 39/40/27 56/57/44
f 57/58/45 56/57/44 58/59/46
f 56/57/44 39/40/27 58/59/46
f 58/59/46 39/40/27 59/60/47
f 39/40/27 40/41/28 59/60/47
f 59/60/47 40/41/28 60/61/48
f 40/41/28 41/42/29 60/61/48
f 60/61/48 41/42/29 61/62/49
f 41/42/29 42/43/30 61/62/49
f 61/62/49 42/43/30 62/63/50
f 42/43/30 43/44/31 62/63/50
f 62/63/50 43/44/31 63/64/51
f 43/44/31 44/45/32 63/64/51
f 63/64/51 44/45/32 64/65/52
f 65/66/53 64/65/52 66/67/54
f 64/65/52 44/45/32 66/67/54
f 66/67/54 44/45/32 67/68/55
f 44/45/32 45/46/33 67/68/55
f 67/68/55 45/46/33 68/69/56
f 45/46/33 46/47/34 68/69/56
f 68/69/56 46/47/34 69/70/57
f 46/47/34 47/48/35 69/70/57
f 69/70/57 47/48/35 70/71/58
f 47/48/35 48/49/36 70/71/58
f 70/71/58 48/49/36 71/72/59
f 48/49/36 49/50/37 71/72/59
f 71/72/59 49/50/37 72/73/60
f 49/50/37 50/51/38 72/73/60
f 72/73/60 50/51/38 73/74/61
f 74/75/62 73/74/61 75/76/63
f 73/74/61 50/51/38 75/76/63
f 75/76/63 50/51/38 76/77/64
f 50/51/38 51/52/39 76/77/64
f 76/77/64 51/52/39 77/78/65
f 51/52/39 52/53/40 77/78/65
f 77/78/65 52/53/40 78/79/66
f 52/53/40 53/54/41 78/79/66
f 78/79/66 53/54/41 79/80/67
f 53/54/41 54/55/42 79/80/67
f 79/80/67 54/55/42 80/81/68
f 54/55/42 55/56/43 80/81/68
f 80/81/68 55/56/43 81/82/69
f 55/56/43 56/57/44 81/82/69
f 81/82/69 56/57/44 82/83/70
f 56/57/44 57/58/45 82/83/70
f 82/83/70 57/58/45 83/84/71
f 84/85/72 83/84/71 85/86/73
f 83/84/71 57/58/45 85/86/73
f 85/86/73 57/58/45 86/87/74
f 57/58/45 58/59/46 86/87/74
f 86/87/74 58/59/46 87/88/75
f 58/59/46 59/60/47 87/88/75
f 87/88/75 59/60/47 88/89/76
f 59/60/47 60/61/48 88/89/76
f 88/89/76 60/61/48 89/90/77
f 60/61/48 61/62/49 89/90/77
f 89/90/77 61/62/49 90/91/78
f 61/62/49 62/63/50 90/91/78
f 90/91/78 62/63/50 91/92/79
f 62/63/50 63/64/51 91/92/79
f 91/92/79 63/64/51 92/93/80
f 63/64/51 64/65/52 92/93/80
f 92/93/80 64/65/52 93/94/81
f 64/65/52 65/66/53 93/94/81
f 93/94/81 65/66/53 94/95/82
f 95/96/83 94/95/82 96/97/84
f 94/95/82 65/66/53 96/97/84
f 96/97/84 65/66/53 97/98/85
f 65/66/53 66/67/54 97/98/85
f 97/98/85 66/67/54 98/99/86
f 66/67/54 67/68/55 98/99/86
f 98/99/86 67/68/55 99/100/87
f 67/68/55 68/69/56 99/100/87
f 99/100/87 68/69/56 100/101/88
f 68/69/56 69/70/57 100/101/88
f 100/101/88 69/70/57 101/102/89
f 69/70/57 70/71/58 101/102/89
f 101/102/89 70/71/58 102/103/90
f 70/71/58 71/72/59 102/103/90
f 102/103/90 71/72/59 103/104/91
f 71/72/59 72/73/60 103/104/91
f 103/104/91 72/73/60 104/105/92
f 72/73/60 73/74/61 104/105/92
f 104/105/92 73/74/61 105/106/93
f 73/74/61 74/75/62 105/106/93
f 105/106/93 74/75/62 106/107/94
f 107/108/95 106/107/94 108/109/96
f 106/107/94 74/75/62 108/109/96
f 108/109/96 74/75/62 109/110/97
f 74/75/62 75/76/63 109/110/97
f 109/110/97 75/76/63 110/111/98
f 75/76/63 76/77/64 110/111/98
f 110/111/98 76/77/64 111/112/99
f 76/77/64 77/78/65 111/112/99
f 111/112/99 77/78/65 112/113/100
f 77/78/65 78/79/66 112/113/100
f 112/113/100 78/79/66 113/114/101
f 78/79/66 79/80/67 113/114/101
f 113/114/101 79/80/67 114/115/102
f 79/80/67 80/81/68 114/115/102
f 114/115/102 80/81/68 115/116/103
f 80/81/68 81/82/69 115/116/103
f 115/116/103 81/82/69 116/117/104
f 81/82/69 82/83/70 116/117/104
f 116/117/104 82/83/70 117/118/105
f 82/83/70 83/84/71 117/118/105
f 117/118/105 83/84/71 118/119/106
f 83/84/71 84/85/72 118/119/106
f 118/119/106 84/85/72 119/120/107
f 84/85/72 120/121/108 119/120/107
f 119/120/107 120/121/108 121/122/109
f 120/121/108 122/123/110 121/122/109
f 121/122/109 122/123/110 123/124/111
f 122/123/110 124/125/112 123/124/111
f 123/124/111 124/125/112 125/126/113
f 124/125/112 126/127/114 125/126/113
f 125/126/113 126/127/114 127/128/115
f 126/127/114 128/129/116 127/128/115
f 127/128/115 128/129/116 129/130/117
f 128/129/116 130/131/118 129/130/117
f 129/130/117 130/131/118 131/132/119
f 130/131/118 132/133/120 131/132/119
f 131/132/119 132/133/120 133/134/121
f 132/133/120 134/135/122 133/134/121
f 133/134/121 134/135/122 135/136/123
f 135/136/123 134/135/122 136/137/124
f 137/138/125 136/137/124 138/139/126
f 136/137/124 134/135/122 138/139/126
f 138/139/126 134/135/122 139/140/127
f 134/135/122 132/133/120 139/140/127
f 139/140/127 132/133/120 140/141/128
f 132/133/120 130/131/118 140/141/128
f 140/141/128 130/131/118 141/142/129
f 130/131/118 128/129/116 141/142/129
f 141/142/129 128/129/116 142/143/130
f 128/129/116 126/127/114 142/143/130
f 142/143/130 126/127/114 143/144/131
f 126/127/114 124/125/112 143/144/131
f 143/144/131 124/125/112 144/145/132
f 124/125/112 122/123/110 144/145/132
f 144/145/132 122/123/110 145/146/133
f 122/123/110 120/121/108 145/146/133
f 145/146/133 120/121/108 146/147/134
f 120/121/108 84/85/72 146/147/134
f 84/85/72 85/86/73 146/147/134
f 146/147/134 85/86/73 147/148/135
f 85/86/73 86/87/74 147/148/135
f 147/148/135 86/87/74 148/149/136
f 86/87/74 87/88/75 148/149/136
f 148/149/136 87/88/75 149/150/137
f 87/88/75 88/89/76 149/150/137
f 149/150/137 88/89/76 150/151/138
f 88/89/76 89/90/77 150/151/138
f 150/151/138 89/90/77 151/152/139
f 89/90/77 90/91/78 151/152/139
f 151/152/139 90/91/78 152/153/140
f 90/91/78 91/92/79 152/153/140
f 152/153/140 91/92/79 153/154/141
f 91/92/79 92/93/80 153/154/141
f 153/154/141 92/93/80 154/155/142
f 92/93/80 93/94/81 154/155/142
f 154/155/142 93/94/81 155/156/143
f 93/94/81 94/95/82 155/156/143
f 155/156/143 94/95/82 156/157/144
f 94/95/82 95/96/83 156/157/144
f 156/157/144 95/96/83 157/158/145
f 158/159/146 157/158/145 159/160/147
f 157/158/145 95/96/83 159/160/147
f 159/160/147 95/96/83 160/161/148
f 95/96/83 96/97/84 160/161/148
f 160/161/148 96/97/84 161/162/149
f 96/97/84 97/98/85 161/162/149
f 161/162/149 97/98/85 162/163/150
f 97/98/85 98/99/86 162/163/150
f 162/163/150 98/99/86 163/164/151
f 98/99/86 99/100/87 163/164/151
f 163/164/151 99/100/87 164/165/152
f 99/100/87 100/101/88 164/165/152
f 164/165/152 100/101/88 165/166/153
f 100/101/88 101/102/89 165/166/153
f 165/166/153 101/102/89 166/167/154
f 101/102/89 102/103/90 166/167/154
f 166/167/154 102/103/90 167/168/155
f 102/103/90 103/104/91 167/168/155
f 167/168/155 103/104/91 168/169/156
f 103/104/91 104/105/92 168/169/156
f 168/169/156 104/105/92 169/170/157
f 104/105/92 105/106/93 169/170/157
f 169/170/157 105/106/93 170/171/158
f 105/106/93 106/107/94 170/171/158
f 170/171/158 106/107/94 171/172/159
f 106/107/94 107/108/95 171/172/159
f 171/172/159 107/108/95 172/173/160
f 173/174/161 172/173/160 174/175/162
f 172/173/160 107/108/95 174/175/162
f 174/175/162 107/108/95 175/176/163
f 107/108/95 108/109/96 175/176/163
f 175/176/163 108/109/96 176/177/164
f 108/109/96 109/110/97 176/177/164
f 176/177/164 109/110/97 177/178/165
f 109/110/97 110/111/98 177/178/165
f 177/178/165 110/111/98 178/179/166
f 110/111/98 111/112/99 178/179/166
f 178/179/166 111/112/99 179/180/167
f 111/112/99 112/113/100 179/180/167
f 179/180/167 112/113/100 180/181/168
f 112/113/100 113/114/101 180/181/168
f 180/181/168 113/114/101 181/182/169
f 113/114/101 114/115/102 181/182/169
f 181/182/169 114/115/102 182/183/170
f 114/115/102 115/116/103 182/183/170
f 182/183/170 115/116/103 183/184/171
f 115/116/103 116/117/104 183/184/171
f 183/184/171 116/117/104 184/185/172
f 116/117/104 117/118/105 184/185/172
f 184/185/172 117/118/105 185/186/173
f 117/118/105 118/119/106 185/186/173
f 185/186/173 118/119/106 186/187/174
f 118/119/106 119/120/107 186/187/174
f 186/187/174 119/120/107 187/188/175
f 119/120/107 121/122/109 187/188/175
f 187/188/175 121/122/109 188/189/176
f 121/122/109 123/124/111 188/189/176
f 188/189/176 123/124/111 189/190/177
f 123/124/111 125/126/113 189/190/177
f 189/190/177 125/126/113 190/191/178
f 125/126/113 127/128/115 190/191/178
f 190/191/178 127/128/115 191/192/179
f 127/128/115 129/130/117 191/192/179
f 191/192/179 129/130/117 192/193/180
f 129/130/117 131/132/119 192/193/180
f 192/193/180 131/132/119 193/194/181
f 131/132/119 133/134/121 193/194/181
f 193/194/181 133/134/121 194/195/182
f 133/134/121 135/136/123 194/195/182
f 194/195/182 135/136/123 195/196/183
f 195/196/183 135/136/123 196/197/184
f 135/136/123 136/137/124 196/197/184
f 196/197/184 136/137/124 197/198/185
f 136/137/124 137/138/125 197/198/185
f 197/198/185 137/138/125 198/199/186
f 199/200/187 198/199/186 200/201/188
f 198/199/186 137/138/125 200/201/188
f 200/201/188 137/138/125 201/202/189
f 137/138/125 138/139/126 201/202/189
f 201/202/189 138/139/126 202/203/190
f 138/139/126 139/140/127 202/203/190
f 202/203/190 139/140/127 203/204/191
f 139/140/127 140/141/128 203/204/191
f 203/204/191 140/141/128 204/205/192
f 140/141/128 141/142/129 204/205/192
f 204/205/192 141/142/129 205/206/193
f 141/142/129 142/143/130 205/206/193
f 205/206/193 142/143/130 206/207/194
f 142/143/130 143/144/131 206/207/194
f 206/207/194 143/144/131 207/208/195
f 143/144/131 144/145/132 207/208/195
f 207/208/195 144/145/132 208/209/196
f 144/145/132 145/146/133 208/209/196
f 208/209/196 145/146/133 209/210/197
f 145/146/133 146/147/134 209/210/197
f 146/147/134 147/148/135 209/210/197
f 209/210/197 147/148/135 210/211/198
f 147/148/135 148/149/136 210/211/198
f 210/211/198 148/149/136 211/212/199
f 148/149/136 149/150/137 211/212/199
f 211/212/199 149/150/137 212/213/200
f 149/150/137 150/151/138 212/213/200
f 212/213/200 150/151/138 213/214/201
f 150/151/138 151/152/139 213/214/201
f 213/214/201 151/152/139 214/215/202
f 151/152/139 152/153/140 214/215/202
f 214/215/202 152/153/140 215/216/203
f 152/153/140 153/154/141 215/216/203
f 215/216/203 153/154/141 216/217/204
f 153/154/141 154/155/142 216/217/204
f 216/217/204 154/155/142 217/218/205
f 154/155/142 155/156/143 217/218/205
f 217/218/205 155/156/143 218/219/206
f 155/156/143 156/157/144 218/219/206
f 218/219/206 156/157/144 219/220/207
f 156/157/144 157/158/145 219/220/207
f 219/220/207 157/158/145 220/221/208
f 157/158/145 158/159/146 220/221/208
f 220/221/208 158/159/146 221/222/209
f 222/223/210 221/222/209 223/224/211
f 221/222/209 158/159/146 223/224/211
f 223/224/211 158/159/146 224/225/212
f 158/159/146 159/160/147 224/225/212
f 224/225/212 159/160/147 225/226/213
f 159/160/147 160/161/148 225/226/213
f 225/226/213 160/161/148 226/227/214
f 160/161/148 161/162/149 226/227/214
f 226/227/214 161/162/149 227/228/215
f 161/162/149 162/163/150 227/228/215
f 227/228/215 162/163/150 228/229/216
f 162/163/150 163/164/151 228/229/216
f 228/229/216 163/164/151 229/230/217
f 163/164/151 164/165/152 229/230/217
f 229/230/217 164/165/152 230/231/218
f 164/165/152 165/166/153 230/231/218
f 230/231/218 165/166/153 231/232/219
f 165/166/153 166/167/154 231/232/219
f 231/232/219 166/167/154 232/233/220
f 166/167/154 167/168/155 232/233/220
f 232/233/220 167/168/155 233/234/221
f 167/168/155 168/169/156 233/234/221
f 233/234/221 168/169/156 234/235/222
f 168/169/156 169/170/157 234/235/222
f 234/235/222 169/170/157 235/236/223
f 169/170/157 170/171/158 235/236/223
f 235/236/223 170/171/158 236/237/224
f 170/171/158 171/172/159 236/237/224
f 236/237/224 171/172/159 237/238/225
f 171/172/159 172/173/160 237/238/225
f 237/238/225 172/173/160 238/239/226
f 172/173/160 173/174/161 238/239/226
f 238/239/226 173/174/161 239/240/227
f 240/241/228 239/240/227 241/242/229
f 239/240/227 173/174/161 241/242/229
f 241/242/229 173/174/161 242/243/230
f 173/174/161 174/175/162 242/243/230
f 242/243/230 174/175/162 243/244/231
f 174/175/162 175/176/163 243/244/231
f 243/244/231 175/176/163 244/245/232
f 175/176/163 176/177/164 244/245/232
f 244/245/232 176/177/164 245/246/233
f 176/177/164 177/178/165 245/246/233
f 245/246/233 177/178/165 246/247/234
f 177/178/165 178/179/166 246/247/234
f 246/247/234 178/179/166 247/248/235
f 178/179/166 179/180/167 247/248/235
f 247/248/235 179/180/167 248/249/236
f 179/180/167 180/181/168 248/249/236
f 248/249/236 180/181/168 249/250/237
f 180/181/168 181/182/169 249/250/237
f 249/250/237 181/182/169 250/251/238
f 181/182/169 182/183/170 250/251/238
f 250/251/238 182/183/170 251/252/239
f 182/183/170 183/184/171 251/252/239
f 251/252/239 183/184/171 252/253/240
f 183/184/171 184/185/172 252/253/240
f 252/253/240 184/185/172 253/254/241
f 184/185/172 185/186/173 253/254/241
f 253/254/241 185/186/173 254/255/242
f 185/186/173 186/187/174 254/255/242
f 254/255/242 186/187/174 255/256/243
f 186/187/174 187/188/175 255/256/243
f 255/256/243 187/188/175 256/257/244
f 187/188/175 188/189/176 256/257/244
f 256/257/244 188/189/176 257/258/245
f 188/189/176 189/190/177 257/258/245
f 257/258/245 189/190/177 258/259/246
f 189/190/177 190/191/178 258/259/246
f 258/259/246 190/191/178 259/260/247
f 190/191/178 191/192/179 259/260/247
f 259/260/247 191/192/179 260/261/248
f 191/192/179 192/193/180 260/261/248
f 260/261/248 192/193/180 261/262/249
f 192/193/180 193/194/181 261/262/249
f 261/262/249 193/194/181 262/263/250
f 193/194/181 194/195/182 262/263/250
f 262/263/250 194/195/182 263/264/251
f 194/195/182 195/196/183 263/264/251
f 263/264/251 195/196/183 264/265/252
f 264/265/252 195/196/183 265/266/253
f 195/196/183 196/197/184 265/266/253
f 265/266/253 196/197/184 266/267/254
f 196/197/184 197/198/185 266/267/254
f 266/267/254 197/198/185 267/268/255
f 197/198/185 198/199/186 267/268/255
f 267/268/255 198/199/186 268/269/256
f 198/199/186 199/200/187 268/269/256
f 268/269/256 199/200/187 269/270/257
f 270/271/258 269/270/257 271/272/259
f 269/270/257 199/200/187 271/272/259
f 271/272/259 199/200/187 272/273/260
f 199/200/187 200/201/188 272/273/260
f 272/273/260 200/201/188 273/274/261
f 200/201/188 201/202/189 273/274/261
f 273/274/261 201/202/189 274/275/262
f 201/202/189 202/203/190 274/275/262
f 274/275/262 202/203/190 275/276/263
f 202/203/190 203/204/191 275/276/263
f 275/276/263 203/204/191 276/277/264
f 203/204/191 204/205/192 276/277/264
f 276/277/264 204/205/192 277/278/265
f 204/205/192 205/206/193 277/278/265
f 277/278/265 205/206/193 278/279/266
f 205/206/193 206/207/194 278/279/266
f 278/279/266 206/207/194 279/280/267
f 206/207/194 207/208/195 279/280/267
f 279/280/267 207/208/195 280/281/268
f 207/208/195 208/209/196 280/281/268
f 280/281/268 208/209/196 281/282/269
f 208/209/196 209/210/197 281/282/269
f 209/210/197 210/211/198 281/282/269
f 281/282/269 210/211/198 282/283/270
f 210/211/198 211/212/199 282/283/270
f 282/283/270 211/212/199 283/284/271
f 211/212/199 212/213/200 283/284/271
f 283/284/271 212/213/200 284/285/272
f 212/213/200 213/214/201 284/285/272
f 284/285/272 213/214/201 285/286/273
f 213/214/201 214/215/202 285/286/273
f 285/286/273 214/215/202 286/287/274
f 214/215/202 215/216/203 286/287/274
f 286/287/274 215/216/203 287/288/275
f 215/216/203 216/217/204 287/288/275
f 287/288/275 216/217/204 288/289/276
f 216/217/204 217/218/205 288/289/276
f 288/289/276 217/218/205 289/290/277
f 217/218/205 218/219/206 289/290/277
f 289/290/277 218/219/206 290/291/278
f 218/219/206 219/220/207 290/291/278
f 290/291/278 219/220/207 291/292/279
f 219/220/207 220/221/208 291/292/279
f 291/292/279 220/221/208 292/293/280
f 220/221/208 221/222/209 292/293/280
f 292/293/280 221/222/209 293/294/281
f 221/222/209 222/223/210 293/294/281
f 293/294/281 222/223/210 294/295/282
f 295/296/283 294/295/282 296/297/284
f 294/295/282 222/223/210 296/297/284
f 296/297/284 222/223/210 297/298/285
f 222/223/210 223/224/211 297/298/285
f 297/298/285 223/224/211 298/299/286
f 223/224/211 224/225/212 298/299/286
f 298/299/286 224/225/212 299/300/287
f 224/225/212 225/226/213 299/300/287
f 299/300/287 225/226/213 300/301/288
f 225/226/213 226/227/214 300/301/288
f 300/301/288 226/227/214 301/302/289
f 226/227/214 227/228/215 301/302/289
f 301/302/289 227/228/215 302/303/290
f 227/228/215 228/229/216 302/303/290
f 302/303/290 228/229/216 303/304/291
f 228/229/216 229/230/217 303/304/291
f 303/304/291 229/230/217 304/305/292
f 229/230/217 230/231/218 304/305/292
f 304/305/292 230/231/218 305/306/293
f 230/231/218 231/232/219 305/306/293
f 305/306/293 231/232/219 306/307/294
f 231/232/219 232/233/220 306/307/294
f 306/307/294 232/233/220 307/308/295
f 232/233/220 233/234/221 307/308/295
f 307/308/295 233/234/221 308/309/296
f 233/234/221 234/235/222 308/309/296
f 308/309/296 234/235/222 309/310/297
f 234/235/222 235/236/223 309/310/297
f 309/310/297 235/236/223 310/311/298
f 235/236/223 236/237/224 310/311/298
f 310/311/298 236/237/224 311/312/299
f 236/237/224 237/238/225 311/312/299
f 311/312/299 237/238/225 312/313/300
f 237/238/225 238/239/226 312/313/300
f 312/313/300 238/239/226 313/314/301
f 238/239/226 239/240/227 313/314/301
f 313/314/301 239/240/227 314/315/302
f 239/240/227 240/241/228 314/315/302
f 314/315/302 240/241/228 315/316/303
f 316/317/304 315/316/303 317/318/305
f 315/316/303 240/241/228 317/318/305
f 317/318/305 240/241/228 318/319/306
f 240/241/228 241/242/229 318/319/306
f 318/319/306 241/242/229 319/320/307
f 241/242/229 242/243/230 319/320/307
f 319/320/307 242/243/230 320/321/308
f 242/243/230 243/244/231 320/321/308
f 320/321/308 243/244/231 321/322/309
f 243/244/231 244/245/232 321/322/309
f 321/322/309 244/245/232 322/323/310
f 244/245/232 245/246/233 322/323/310
f 322/323/310 245/246/233 323/324/311
f 245/246/233 246/247/234 323/324/311
f 323/324/311 246/247/234 324/325/312
f 246/247/234 247/248/235 324/325/312
f 324/325/312 247/248/235 325/326/313
f 247/248/235 248/249/236 325/326/313
f 325/326/313 248/249/236 326/327/314
f 248/249/236 249/250/237 326/327/314
f 326/327/314 249/250/237 327/328/315
f 249/250/237 250/251/238 327/328/315
f 327/328/315 250/251/238 328/329/316
f 250/251/238 251/252/239 328/329/316
f 328/329/316 251/252/239 329/330/317
f 251/252/239 252/253/240 329/330/317
f 329/330/317 252/253/240 330/331/318
f 252/253/240 253/254/241 330/331/318
f 330/331/318 253/254/241 331/332/319
f 253/254/241 254/255/242 331/332/319
f 331/332/319 254/255/242 332/333/320
f 254/255/242 255/256/243 332/333/320
f 332/333/320 255/256/243 333/334/321
f 255/256/243 256/257/244 333/334/321
f 333/334/321 256/257/244 334/335/322
f 256/257/244 257/258/245 334/335/322
f 334/335/322 257/258/245 335/336/323
f 257/258/245 258/259/246 335/336/323
f 335/336/323 258/259/246 336/337/324
f 258/259/246 259/260/247 336/337/324
f 336/337/324 259/260/247 337/338/325
f 259/260/247 260/261/248 337/338/325
f 337/338/325 260/261/248 338/339/326
f 260/261/248 261/262/249 338/339/326
f 338/339/326 261/262/249 339/340/327
f 261/262/249 262/263/250 339/340/327
f 339/340/327 262/263/250 340/341/328
f 262/263/250 263/264/251 340/341/328
f 340/341/328 263/264/251 341/342/329
f 263/264/251 264/265/252 341/342/329
f 341/342/329 264/265/252 342/343/330
f 342/343/330 264/265/252 343/344/331
f 264/265/252 265/266/253 343/344/331
f 343/344/331 265/266/253 344/345/332
f 265/266/253 266/267/254 344/345/332
f 344/345/332 266/267/254 345/346/333
f 266/267/254 267/268/255 345/346/333
f 345/346/333 267/268/255 346/347/334
f 267/268/255 268/269/256 346/347/334
f 346/347/334 268/269/256 347/348/335
f 268/269/256 269/270/257 347/348/335
f 347/348/335 269/270/257 348/349/336
f 269/270/257 270/271/258 348/349/336
f 348/349/336 270/271/258 349/350/337
f 350/351/338 349/350/337 351/352/339
f 349/350/337 270/271/258 351/352/339
f 351/352/339 270/271/258 352/353/340
f 270/271/258 271/272/259 352/353/340
f 352/353/340 271/272/259 353/354/341
f 271/272/259 272/273/260 353/354/341
f 353/354/341 272/273/260 354/355/342
f 272/273/260 273/274/261 354/355/342
f 354/355/342 273/274/261 355/356/343
f 273/274/261 274/275/262 355/356/343
f 355/356/343 274/275/262 356/357/344
f 274/275/262 275/276/263 356/357/344
f 356/357/344 275/276/263 357/358/345
f 275/276/263 276/277/264 357/358/345
f 357/358/345 276/277/264 358/359/346
f 276/277/264 277/278/265 358/359/346
f 358/359/346 277/278/265 359/360/347
f 277/278/265 278/279/266 359/360/347
f 359/360/347 278/279/266 360/361/348
f 278/279/266 279/280/267 360/361/348
f 360/361/348 279/280/267 361/362/349
f 279/280/267 280/281/268 361/362/349
f 361/362/349 280/281/268 362/363/350
f 280/281/268 281/282/269 362/363/350
f 281/282/269 282/283/270 362/363/350
f 362/363/350 282/283/270 363/364/351
f 282/283/270 283/284/271 363/364/351
f 363/364/351 283/284/271 364/365/352
f 283/284/271 284/285/272 364/365/352
f 364/365/352 284/285/272 365/366/353
f 284/285/272 285/286/273 365/366/353
f 365/366/353 285/286/273 366/367/354
f 285/286/273 286/287/274 366/367/354
f 366/367/354 286/287/274 367/368/355
f 286/287/274 287/288/275 367/368/355
f 367/368/355 287/288/275 368/369/356
f 287/288/275 288/289/276 368/369/356
f 368/369/356 288/289/276 369/370/357
f 288/289/276 289/290/277 369/370/357
f 369/370/357 289/290/277 370/371/358
f 289/290/277 290/291/278 370/371/358
f 370/371/358 290/291/278 371/372/359
f 290/291/278 291/292/279 371/372/359
f 371/372/359 291/292/279 372/373/360
f 291/292/279 292/293/280 372/373/360
f 372/373/360 292/293/280 373/374/361
f 292/293/280 293/294/281 373/374/361
f 373/374/361 293/294/281 374/375/362
f 293/294/281 294/295/282 374/375/362
f 374/375/362 294/295/282 375/376/363
f 294/295/282 295/296/283 375/376/363
f 375/376/363 295/296/283 376/377/364
f 377/378/365 376/377/364 378/379/366
f 376/377/364 295/296/283 378/379/366
f 378/379/366 295/296/283 379/380/367
f 295/296/283 296/297/284 379/380/367
f 379/380/367 296/297/284 380/381/368
f 296/297/284 297/298/285 380/381/368
f 380/381/368 297/298/285 381/382/369
f 297/298/285 298/299/286 381/382/369
f 381/382/369 298/299/286 382/383/370
f 298/299/286 299/300/287 382/383/370
f 382/383/370 299/300/287 383/384/371
f 299/300/287 300/301/288 383/384/371
f 383/384/371 300/301/288 384/385/372
f 300/301/288 301/302/289 384/385/372
f 384/385/372 301/302/289 385/386/373
f 301/302/289 302/303/290 385/386/373
f 385/386/373 302/303/290 386/387/374
f 302/303/290 303/304/291 386/387/374
f 386/387/374 303/304/291 387/388/375
f 303/304/291 304/305/292 387/388/375
f 387/388/375 304/305/292 388/389/376
f 304/305/292 305/306/293 388/389/376
f 388/389/376 305/306/293 389/390/377
f 305/306/293 306/307/294 389/390/377
f 389/390/377 306/307/294 390/391/378
f 306/307/294 307/308/295 390/391/378
f 390/391/378 307/308/295 391/392/379
f 307/308/295 308/309/296 391/392/379
f 391/392/379 308/309/296 392/393/380
f 308/309/296 309/310/297 392/393/380
f 392/393/380 309/310/297 393/394/381
f 309/310/297 310/311/298 393/394/381
f 393/394/381 310/311/298 394/395/382
f 310/311/298 311/312/299 394/395/382
f 394/395/382 311/312/299 395/396/383
f 311/312/299 312/313/300 395/396/383
f 395/396/383 312/313/300 396/397/384
f 312/313/300 313/314/301 396/397/384
f 396/397/384 313/314/301 397/398/385
f 313/314/301 314/315/302 397/398/385
f 397/398/385 314/315/302 398/399/386
f 314/315/302 315/316/303 398/399/386
f 398/399/386 315/316/303 399/400/387
f 315/316/303 316/317/304 399/400/387
f 399/400/387 316/317/304 400/401/388
f 401/402/389 400/401/388 402/403/390
f 400/401/388 316/317/304 402/403/390
f 402/403/390 316/317/304 403/404/391
f 316/317/304 317/318/305 403/404/391
f 403/404/391 317/318/305 404/405/392
f 317/318/305 318/319/306 404/405/392
f 404/405/392 318/319/306 405/406/393
f 318/319/306 319/320/307 405/406/393
f 405/406/393 319/320/307 406/407/394
f 319/320/307 320/321/308 406/407/394
f 406/407/394 320/321/308 407/408/395
f 320/321/308 321/322/309 407/408/395
f 407/408/395 321/322/309 408/409/396
f 321/322/309 322/323/310 408/409/396
f 408/409/396 322/323/310 409/410/397
f 322/323/310 323/324/311 409/410/397
f 409/410/397 323/324/311 410/411/398
f 323/324/311 324/325/312 410/411/398
f 410/411/398 324/325/312 411/412/399
f 324/325/312 325/326/313 411/412/399
f 411/412/399 325/326/313 412/413/400
f 325/326/313 326/327/314 412/413/400
f 412/413/400 326/327/314 413/414/401
f 326/327/314 327/328/315 413/414/401
f 413/414/401 327/328/315 414/415/402
f 327/328/315 328/329/316 414/415/402
f 414/415/402 328/329/316 415/416/403
f 328/329/316 329/330/317 415/416/403
f 415/416/403 329/330/317 416/417/404
f 329/330/317 330/331/318 416/417/404
f 416/417/404 330/331/318 417/418/405
f 330/331/318 331/332/319 417/418/405
f 417/418/405 331/332/319 418/419/406
f 331/332/319 332/333/320 418/419/406
f 418/419/406 332/333/320 419/420/407
f 332/333/320 333/334/321 419/420/407
f 419/420/407 333/334/321 420/421/408
f 333/334/321 334/335/322 420/421/408
f 420/421/408 334/335/322 421/422/409
f 334/335/322 335/336/323 421/422/409
f 421/422/409 335/336/323 422/423/410
f 335/336/323 336/337/324 422/423/410
f 422/423/410 336/337/324 423/424/411
f 336/337/324 337/338/325 423/424/411
f 423/424/411 337/338/325 424/425/412
f 337/338/325 338/339/326 424/425/412
f 424/425/412 338/339/326 425/426/413
f 338/339/326 339/340/327 425/426/413
f 425/426/413 339/340/327 426/427/414
f 339/340/327 340/341/328 426/427/414
f 426/427/414 340/341/328 427/428/415
f 340/341/328 341/342/329 427/428/415
f 427/428/415 341/342/329 428/429/416
f 341/342/329 342/343/330 428/429/416
f 428/429/416 342/343/330 429/430/417
f 429/430/417 342/343/330 430/431/418
f 342/343/330 343/344/331 430/431/418
f 430/431/418 343/344/331 431/432/419
f 343/344/331 344/345/332 431/432/419
f 431/432/419 344/345/332 432/433/420
f 344/345/332 345/346/333 432/433/420
f 432/433/420 345/346/333 433/434/421
f 345/346/333 346/347/334 433/434/421
f 433/434/421 346/347/334 434/435/422
f 346/347/334 347/348/335 434/435/422
f 434/435/422 347/348/335 435/436/423
f 347/348/335 348/349/336 435/436/423
f 435/436/423 348/349/336 436/437/424
f 348/349/336 349/350/337 436/437/424
f 436/437/424 349/350/337 437/438/425
f 349/350/337 350/351/338 437/438/425
f 437/438/425 350/351/338 438/439/426
f 439/440/427 438/439/426 440/441/428
f 438/439/426 350/351/338 440/441/428
f 440/441/428 350/351/338 441/442/429
f 350/351/338 351/352/339 441/442/429
f 441/442/429 351/352/339 442/443/430
f 351/352/339 352/353/340 442/443/430
f 442/443/430 352/353/340 443/444/431
f 352/353/340 353/354/341 443/444/431
f 443/444/431 353/354/341 444/445/432
f 353/354/341 354/355/342 444/445/432
f 444/445/432 354/355/342 445/446/433
f 354/355/342 355/356/343 445/446/433
f 445/446/433 355/356/343 446/447/434
f 355/356/343 356/357/344 446/447/434
f 446/447/434 356/357/344 447/448/435
f 356/357/344 357/358/345 447/448/435
f 447/448/435 357/358/345 448/449/436
f 357/358/345 358/359/346 448/449/436
f 448/449/436 358/359/346 449/450/437
f 358/359/346 359/360/347 449/450/437
f 449/450/437 359/360/347 450/451/438
f 359/360/347 360/361/348 450/451/438
f 450/451/438 360/361/348 451/452/439
f 360/361/348 361/362/349 451/452/439
f 451/452/439 361/362/349 452/453/440
f 361/362/349 362/363/350 452/453/440
f 362/363/350 363/364/351 452/453/440
f 452/453/440 363/364/351 453/454/441
f 363/364/351 364/365/352 453/454/441
f 453/454/441 364/365/352 454/455/442
f 364/365/352 365/366/353 454/455/442
f 454/455/442 365/366/353 455/456/443
f 365/366/353 366/367/354 455/456/443
f 455/456/443 366/367/354 456/457/444
f 366/367/354 367/368/355 456/457/444
f 456/457/444 367/368/355 457/458/445
f 367/368/355 368/369/356 457/458/445
f 457/458/445 368/369/356 458/459/446
f 368/369/356 369/370/357 458/459/446
f 458/459/446 369/370/357 459/460/447
f 369/370/357 370/371/358 459/460/447
f 459/460/447 370/371/358 460/461/448
f 370/371/358 371/372/359 460/461/448
f 460/461/448 371/372/359 461/462/449
f 371/372/359 372/373/360 461/462/449
f 461/462/449 372/373/360 462/463/450
f 372/373/360 373/374/361 462/463/450
f 462/463/450 373/374/361 463/464/451
f 373/374/361 374/375/362 463/464/451
f 463/464/451 374/375/362 464/465/452
f 374/375/362 375/376/363 464/465/452
f 464/465/452 375/376/363 465/466/453
f 375/376/363 376/377/364 465/466/453
f 465/466/453 376/377/364 466/467/454
f 376/377/364 377/378/365 466/467/454
f 466/467/454 377/378/365 467/468/455
f 468/469/456 469/470/457 470/471/458
f 471/472/459 470/471/458 472/473/460
f 470/471/458 469/470/457 472/473/460
f 472/473/460 469/470/457 473/474/461
f 474/475/462 473/474/461 475/476/463
f 473/474/461 469/470/457 475/476/463
f 475/476/463 469/470/457 476/477/464
f 469/470/457 468/469/456 476/477/464
f 476/477/464 468/469/456 477/478/465
f 478/479/466 477/478/465 479/480/467
f 477/478/465 468/469/456 479/480/467
f 479/480/467 468/469/456 480/481/468
f 468/469/456 470/471/458 480/481/468
f 480/481/468 470/471/458 481/482/469
f 470/471/458 471/472/459 481/482/469
f 481/482/469 471/472/459 482/483/470
f 483/484/471 482/483/470 484/485/472
f 482/483/470 471/472/459 484/485/472
f 484/485/472 471/472/459 485/486/473
f 471/472/459 472/473/460 485/486/473
f 485/486/473 472/473/460 486/487/474
f 472/473/460 473/474/461 486/487/474
f 486/487/474 473/474/461 487/488/475
f 473/474/461 474/475/462 487/488/475
f 487/488/475 474/475/462 488/489/476
f 474/475/462 489/490/477 488/489/476
f 488/489/476 489/490/477 490/491/478
f 489/490/477 491/492/479 490/491/478
f 490/491/478 491/492/479 492/493/480
f 491/492/479 493/494/481 492/493/480
f 492/493/480 493/494/481 494/495/482
f 494/495/482 493/494/481 495/496/483
f 496/497/484 495/496/483 497/498/485
f 495/496/483 493/494/481 497/498/485
f 497/498/485 493/494/481 498/499/486
f 493/494/481 491/492/479 498/499/486
f 498/499/486 491/492/479 499/500/487
f 491/492/479 489/490/477 499/500/487
f 499/500/487 489/490/477 500/501/488
f 489/490/477 474/475/462 500/501/488
f 474/475/462 475/476/463 500/501/488
f 500/501/488 475/476/463 501/502/489
f 475/476/463 476/477/464 501/502/489
f 501/502/489 476/477/464 502/503/490
f 476/477/464 477/478/465 502/503/490
f 502/503/490 477/478/465 503/504/491
f 477/478/465 478/479/466 503/504/491
f 503/504/491 478/479/466 504/505/492
f 505/506/493 504/505/492 506/507/494
f 504/505/492 478/479/466 506/507/494
f 506/507/494 478/479/466 507/508/495
f 478/479/466 479/480/467 507/508/495
f 507/508/495 479/480/467 508/509/496
f 479/480/467 480/481/468 508/509/496
f 508/509/496 480/481/468 509/510/497
f 480/481/468 481/482/469 509/510/497
f 509/510/497 481/482/469 510/511/498
f 481/482/469 482/483/470 510/511/498
f 510/511/498 482/483/470 511/512/499
f 482/483/470 483/484/471 511/512/499
f 511/512/499 483/484/471 512/513/500
f 513/514/501 512/513/500 514/515/502
f 512/513/500 483/484/471 514/515/502
f 514/515/502 483/484/471 515/516/503
f 483/484/471 484/485/472 515/516/503
f 515/516/503 484/485/472 516/517/504
f 484/485/472 485/486/473 516/517/504
f 516/517/504 485/486/473 517/518/505
f 485/486/473 486/487/474 517/518/505
f 517/518/505 486/487/474 518/519/506
f 486/487/474 487/488/475 518/519/506
f 518/519/506 487/488/475 519/520/507
f 487/488/475 488/489/476 519/520/507
f 519/520/507 488/489/476 520/521/508
f 488/489/476 490/491/478 520/521/508
f 520/521/508 490/491/478 521/522/509
f 490/491/478 492/493/480 521/522/509
f 521/522/509 492/493/480 522/523/510
f 492/493/480 494/495/482 522/523/510
f 522/523/510 494/495/482 523/524/511
f 523/524/511 494/495/482 524/525/512
f 494/495/482 495/496/483 524/525/512
f 524/525/512 495/496/483 525/526/513
f 495/496/483 496/497/484 525/526/513
f 525/526/513 496/497/484 526/527/514
f 527/528/515 526/527/514 528/529/516
f 526/527/514 496/497/484 528/529/516
f 528/529/516 496/497/484 529/530/517
f 496/497/484 497/498/485 529/530/517
f 529/530/517 497/498/485 530/531/518
f 497/498/485 498/499/486 530/531/518
f 530/531/518 498/499/486 531/532/519
f 498/499/486 499/500/487 531/532/519
f 531/532/519 499/500/487 532/533/520
f 499/500/487 500/501/488 532/533/520
f 500/501/488 501/502/489 532/533/520
f 532/533/520 501/502/489 533/534/521
f 501/502/489 502/503/490 533/534/521
f 533/534/521 502/503/490 534/535/522
f 502/503/490 503/504/491 534/535/522
f 534/535/522 503/504/491 535/536/523
f 503/504/491 504/505/492 535/536/523
f 535/536/523 504/505/492 536/537/524
f 504/505/492 505/506/493 536/537/524
f 536/537/524 505/506/493 537/538/525
f 538/539/526 537/538/525 539/540/527
f 537/538/525 505/506/493 539/540/527
f 539/540/527 505/506/493 540/541/528
f 505/506/493 506/507/494 540/541/528
f 540/541/528 506/507/494 541/542/529
f 506/507/494 507/508/495 541/542/529
f 541/542/529 507/508/495 542/543/530
f 507/508/495 508/509/496 542/543/530
f 542/543/530 508/509/496 543/544/531
f 508/509/496 509/510/497 543/544/531
f 543/544/531 509/510/497 544/545/532
f 509/510/497 510/511/498 544/545/532
f 544/545/532 510/511/498 545/546/533
f 510/511/498 511/512/499 545/546/533
f 545/546/533 511/512/499 546/547/534
f 511/512/499 512/513/500 546/547/534
f 546/547/534 512/513/500 547/548/535
f 512/513/500 513/514/501 547/548/535
f 547/548/535 513/514/501 548/549/536
f 549/550/537 548/549/536 550/551/538
f 548/549/536 513/514/501 550/551/538
f 550/551/538 513/514/501 551/552/539
f 513/514/501 514/515/502 551/552/539
f 551/552/539 514/515/502 552/553/540
f 514/515/502 515/516/503 552/553/540
f 552/553/540 515/516/503 553/554/541
f 515/516/503 516/517/504 553/554/541
f 553/554/541 516/517/504 554/555/542
f 516/517/504 517/518/505 554/555/542
f 554/555/542 517/518/505 555/556/543
f 517/518/505 518/519/506 555/556/543
f 555/556/543 518/519/506 556/557/544
f 518/519/506 519/520/507 556/557/544
f 556/557/544 519/520/507 557/558/545
f 519/520/507 520/521/508 557/558/545
f 557/558/545 520/521/508 558/559/546
f 520/521/508 521/522/509 558/559/546
f 558/559/546 521/522/509 559/560/547
f 521/522/509 522/523/510 559/560/547
f 559/560/547 522/523/510 560/561/548
f 522/523/510 523/524/511 560/561/548
f 560/561/548 523/524/511 561/562/549
f 561/562/549 523/524/511 562/563/550
f 523/524/511 524/525/512 562/563/550
f 562/563/550 524/525/512 563/564/551
f 524/525/512 525/526/513 563/564/551
f 563/564/551 525/526/513 564/565/552
f 525/526/513 526/527/514 564/565/552
f 564/565/552 526/527/514 565/566/553
f 526/527/514 527/528/515 565/566/553
f 565/566/553 527/528/515 566/567/554
f 567/568/555 566/567/554 568/569/556
f 566/567/554 527/528/515 568/569/556
f 568/569/556 527/528/515 569/570/557
f 527/528/515 528/529/516 569/570/557
f 569/570/557 528/529/516 570/571/558
f 528/529/516 529/530/517 570/571/558
f 570/571/558 529/530/517 571/572/559
f 529/530/517 530/531/518 571/572/559
f 571/572/559 530/531/518 572/573/560
f 530/531/518 531/532/519 572/573/560
f 572/573/560 531/532/519 573/574/561
f 531/532/519 532/533/520 573/574/561
f 532/533/520 533/534/521 573/574/561
f 573/574/561 533/534/521 574/575/562
f 533/534/521 534/535/522 574/575/562
f 574/575/562 534/535/522 575/576/563
f 534/535/522 535/536/523 575/576/563
f 575/576/563 535/536/523 576/577/564
f 535/536/523 536/537/524 576/577/564
f 576/577/564 536/537/524 577/578/565
f 536/537/524 537/538/525 577/578/565
f 577/578/565 537/538/525 578/579/566
f 537/538/525 538/539/526 578/579/566
f 578/579/566 538/539/526 579/580/567
f 580/581/568 579/580/567 581/582/569
f 579/580/567 538/539/526 581/582/569
f 581/582/569 538/539/526 582/583/570
f 538/539/526 539/540/527 582/583/570
f 582/583/570 539/540/527 583/584/571
f 539/540/527 540/541/528 583/584/571
f 583/584/571 540/541/528 584/585/572
f 540/541/528 541/542/529 584/585/572
f 584/585/572 541/542/529 585/586/573
f 541/542/529 542/543/530 585/586/573
f 585/586/573 542/543/530 586/587/574
f 542/543/530 543/544/531 586/587/574
f 586/587/574 543/544/531 587/588/575
f 543/544/531 544/545/532 587/588/575
f 587/588/575 544/545/532 588/589/576
f 544/545/532 545/546/533 588/589/576
f 588/589/576 545/546/533 589/590/577
f 545/546/533 546/547/534 589/590/577
f 589/590/577 546/547/534 590/591/578
f 546/547/534 547/548/535 590/591/578
f 590/591/578 547/548/535 591/592/579
f 547/548/535 548/549/536 591/592/579
f 591/592/579 548/549/536 592/593/580
f 548/549/536 549/550/537 592/593/580
f 592/593/580 549/550/537 593/594/581
f 594/595/582 593/594/581 595/596/583
f 593/594/581 549/550/537 595/596/583
f 595/596/583 549/550/537 596/597/584
f 549/550/537 550/551/538 596/597/584
f 596/597/584 550/551/538 597/598/585
f 550/551/538 551/552/539 597/598/585
f 597/598/585 551/552/539 598/599/586
f 551/552/539 552/553/540 598/599/586
f 598/599/586 552/553/540 599/600/587
f 552/553/540 553/554/541 599/600/587
f 599/600/587 553/554/541 600/601/588
f 553/554/541 554/555/542 600/601/588
f 600/601/588 554/555/542 601/602/589
f 554/555/542 555/556/543 601/602/589
f 601/602/589 555/556/543 602/603/590
f 555/556/543 556/557/544 602/603/590
f 602/603/590 556/557/544 603/604/591
f 556/557/544 557/558/545 603/604/591
f 603/604/591 557/558/545 604/605/592
f 557/558/545 558/559/546 604/605/592
f 604/605/592 558/559/546 605/606/593
f 558/559/546 559/560/547 605/606/593
f 605/606/593 559/560/547 606/607/594
f 559/560/547 560/561/548 606/607/594
f 606/607/594 560/561/548 607/608/595
f 560/561/548 561/562/549 607/608/595
f 607/608/595 561/562/549 608/609/596
f 608/609/596 561/562/549 609/610/597
f 561/562/549 562/563/550 609/610/597
f 609/610/597 562/563/550 610/611/598
f 562/563/550 563/564/551 610/611/598
f 610/611/598 563/564/551 611/612/599
f 563/564/551 564/565/552 611/612/599
f 611/612/599 564/565/552 612/613/600
f 564/565/552 565/566/553 612/613/600
f 612/613/600 565/566/553 613/614/601
f 565/566/553 566/567/554 613/614/601
f 613/614/601 566/567/554 614/615/602
f 566/567/554 567/568/555 614/615/602
f 614/615/602 567/568/555 615/616/603
f 616/617/604 615/616/603 617/618/605
f 615/616/603 567/568/555 617/618/605
f 617/618/605 567/568/555 618/619/606
f 567/568/555 568/569/556 618/619/606
f 618/619/606 568/569/556 619/620/607
f 568/569/556 569/570/557 619/620/607
f 619/620/607 569/570/557 620/621/608
f 569/570/557 570/571/558 620/621/608
f 620/621/608 570/571/558 621/622/609
f 570/571/558 571/572/559 621/622/609
f 621/622/609 571/572/559 622/623/610
f 571/572/559 572/573/560 622/623/610
f 622/623/610 572/573/560 623/624/611
f 572/573/560 573/574/561 623/624/611
f 573/574/561 574/575/562 623/624/611
f 623/624/611 574/575/562 624/625/612
f 574/575/562 575/576/563 624/625/612
f 624/625/612 575/576/563 625/626/613
f 575/576/563 576/577/564 625/626/613
f 625/626/613 576/577/564 626/627/614
f 576/577/564 577/578/565 626/627/614
f 626/627/614 577/578/565 627/628/615
f 577/578/565 578/579/566 627/628/615
f 627/628/615 578/579/566 628/629/616
f 578/579/566 579/580/567 628/629/616
f 628/629/616 579/580/567 629/630/617
f 579/580/567 580/581/568 629/630/617
f 629/630/617 580/581/568 630/631/618
f 631/632/619 630/631/618 632/633/620
f 630/631/618 580/581/568 632/633/620
f 632/633/620 580/581/568 633/634/621
f 580/581/568 581/582/569 633/634/621
f 633/634/621 581/582/569 634/635/622
f 581/582/569 582/583/570 634/635/622
f 634/635/622 582/583/570 635/636/623
f 582/583/570 583/584/571 635/636/623
f 635/636/623 583/584/571 636/637/624
f 583/584/571 584/585/572 636/637/624
f 636/637/624 584/585/572 637/638/625
f 584/585/572 585/586/573 637/638/625
f 637/638/625 585/586/573 638/639/626
f 585/586/573 586/587/574 638/639/626
f 638/639/626 586/587/574 639/640/627
f 586/587/574 587/588/575 639/640/627
f 639/640/627 587/588/575 640/641/628
f 587/588/575 588/589/576 640/641/628
f 640/641/628 588/589/576 641/642/629
f 588/589/576 589/590/577 641/642/629
f 641/642/629 589/590/577 642/643/630
f 589/590/577 590/591/578 642/643/630
f 642/643/630 590/591/578 643/644/631
f 590/591/578 591/592/579 643/644/631
f 643/644/631 591/592/579 644/645/632
f 591/592/579 592/593/580 644/645/632
f 644/645/632 592/593/580 645/646/633
f 592/593/580 593/594/581 645/646/633
f 645/646/633 593/594/581 646/647/634
f 593/594/581 594/595/582 646/647/634
f 646/647/634 594/595/582 647/648/635
f 648/649/636 647/648/635 649/650/637
f 647/648/635 594/595/582 649/650/637
f 649/650/637 594/595/582 650/651/638
f 594/595/582 595/596/583 650/651/638
f 650/651/638 595/596/583 651/652/639
f 595/596/583 596/597/584 651/652/639
f 651/652/639 596/597/584 652/653/640
f 596/597/584 597/598/585 652/653/640
f 652/653/640 597/598/585 653/654/641
f 597/598/585 598/599/586 653/654/641
f 653/654/641 598/599/586 654/655/642
f 598/599/586 599/600/587 654/655/642
f 654/655/642 599/600/587 655/656/643
f 599/600/587 600/601/588 655/656/643
f 655/656/643 600/601/588 656/657/644
f 600/601/588 601/602/589 656/657/644
f 656/657/644 601/602/589 657/658/645
f 601/602/589 602/603/590 657/658/645
f 657/658/645 602/603/590 658/659/646
f 602/603/590 603/604/591 658/659/646
f 658/659/646 603/604/591 659/660/647
f 603/604/591 604/605/592 659/660/647
f 659/660/647 604/605/592 660/661/648
f 604/605/592 605/606/593 660/661/648
f 660/661/648 605/606/593 661/662/649
f 605/606/593 606/607/594 661/662/649
f 661/662/649 606/607/594 662/663/650
f 606/607/594 607/608/595 662/663/650
f 662/663/650 607/608/595 663/664/651
f 607/608/595 608/609/596 663/664/651
f 663/664/651 608/609/596 664/665/652
f 664/665/652 608/609/596 665/666/653
f 608/609/596 609/610/597 665/666/653
f 665/666/653 609/610/597 666/667/654
f 609/610/597 610/611/598 666/667/654
f 666/667/654 610/611/598 667/668/655
f 610/611/598 611/612/599 667/668/655
f 667/668/655 611/612/599 668/669/656
f 611/612/599 612/613/600 668/669/656
f 668/669/656 612/613/600 669/670/657
f 612/613/600 613/614/601 669/670/657
f 669/670/657 613/614/601 670/671/658
f 613/614/601 614/615/602 670/671/658
f 670/671/658 614/615/602 671/672/659
f 614/615/602 615/616/603 671/672/659
f 671/672/659 615/616/603 672/673/660
f 615/616/603 616/617/604 672/673/660
f 672/673/660 616/617/604 673/674/661
f 674/675/662 673/674/661 675/676/663
f 673/674/661 616/617/604 675/676/663
f 675/676/663 616/617/604 676/677/664
f 616/617/604 617/618/605 676/677/664
f 676/677/664 617/618/605 677/678/665
f 617/618/605 618/619/606 677/678/665
f 677/678/665 618/619/606 678/679/666
f 618/619/606 619/620/607 678/679/666
f 678/679/666 619/620/607 679/680/667
f 619/620/607 620/621/608 679/680/667
f 679/680/667 620/621/608 680/681/668
f 620/621/608 621/622/609 680/681/668
f 680/681/668 621/622/609 681/682/669
f 621/622/609 622/623/610 681/682/669
f 681/682/669 622/623/610 682/683/670
f 622/623/610 623/624/611 682/683/670
f 623/624/611 624/625/612 682/683/670
f 682/683/670 624/625/612 683/684/671
f 624/625/612 625/626/613 683/684/671
f 683/684/671 625/626/613 684/685/672
f 625/626/613 626/627/614 684/685/672
f 684/685/672 626/627/614 685/686/673
f 626/627/614 627/628/615 685/686/673
f 685/686/673 627/628/615 686/687/674
f 627/628/615 628/629/616 686/687/674
f 686/687/674 628/629/616 687/688/675
f 628/629/616 629/630/617 687/688/675
f 687/688/675 629/630/617 688/689/676
f 629/630/617 630/631/618 688/689/676
f 688/689/676 630/631/618 689/690/677
f 630/631/618 631/632/619 689/690/677
f 689/690/677 631/632/619 690/691/678
f 691/692/679 690/691/678 692/693/680
f 690/691/678 631/632/619 692/693/680
f 692/693/680 631/632/619 693/694/681
f 631/632/619 632/633/620 693/694/681
f 693/694/681 632/633/620 694/695/682
f 632/633/620 633/634/621 694/695/682
f 694/695/682 633/634/621 695/696/683
f 633/634/621 634/635/622 695/696/683
f 695/696/683 634/635/622 696/697/684
f 634/635/622 635/636/623 696/697/684
f 696/697/684 635/636/623 697/698/685
f 635/636/623 636/637/624 697/698/685
f 697/698/685 636/637/624 698/699/686
f 636/637/624 637/638/625 698/699/686
f 698/699/686 637/638/625 699/700/687
f 637/638/625 638/639/626 699/700/687
f 699/700/687 638/639/626 700/701/688
f 638/639/626 639/640/627 700/701/688
f 700/701/688 639/640/627 701/702/689
f 639/640/627 640/641/628 701/702/689
f 701/702/689 640/641/628 702/703/690
f 640/641/628 641/642/629 702/703/690
f 702/703/690 641/642/629 703/704/691
f 641/642/629 642/643/630 703/704/691
f 703/704/691 642/643/630 704/705/692
f 642/643/630 643/644/631 704/705/692
f 704/705/692 643/644/631 705/706/693
f 643/644/631 644/645/632 705/706/693
f 705/706/693 644/645/632 706/707/694
f 644/645/632 645/646/633 706/707/694
f 706/707/694 645/646/633 707/708/695
f 645/646/633 646/647/634 707/708/695
f 707/708/695 646/647/634 708/709/696
f 646/647/634 647/648/635 708/709/696
f 708/709/696 647/648/635 709/710/697
f 647/648/635 648/649/636 709/710/697
f 709/710/697 648/649/636 710/711/698
f 711/712/699 710/711/698 712/713/700
f 710/711/698 648/649/636 712/713/700
f 712/713/700 648/649/636 713/714/701
f 648/649/636 649/650/637 713/714/701
f 713/714/701 649/650/637 714/715/702
f 649/650/637 650/651/638 714/715/702
f 714/715/702 650/651/638 715/716/703
f 650/651/638 651/652/639 715/716/703
f 715/716/703 651/652/639 716/717/704
f 651/652/639 652/653/640 716/717/704
f 716/717/704 652/653/640 717/718/705
f 652/653/640 653/654/641 717/718/705
f 717/718/705 653/654/641 718/719/706
f 653/654/641 654/655/642 718/719/706
f 718/719/706 654/655/642 719/720/707
f 654/655/642 655/656/643 719/720/707
f 719/720/707 655/656/643 720/721/708
f 655/656/643 656/657/644 720/721/708
f 720/721/708 656/657/644 721/722/709
f 656/657/644 657/658/645 721/722/709
f 721/722/709 657/658/645 722/723/710
f 657/658/645 658/659/646 722/723/710
f 722/723/710 658/659/646 723/724/711
f 658/659/646 659/660/647 723/724/711
f 723/724/711 659/660/647 724/725/712
f 659/660/647 660/661/648 724/725/712
f 724/725/712 660/661/648 725/726/713
f 660/661/648 661/662/649 725/726/713
f 725/726/713 661/662/649 726/727/714
f 661/662/649 662/663/650 726/727/714
f 726/727/714 662/663/650 727/728/715
f 662/663/650 663/664/651 727/728/715
f 727/728/715 663/664/651 728/729/716
f 663/664/651 664/665/652 728/729/716
f 728/729/716 664/665/652 729/730/717
f 729/730/717 664/665/652 730/731/718
f 664/665/652 665/666/653 730/731/718
f 730/731/718 665/666/653 731/732/719
f 665/666/653 666/667/654 731/732/719
f 731/732/719 666/667/654 732/733/720
f 666/667/654 667/668/655 732/733/720
f 732/733/720 667/668/655 733/734/721
f 667/668/655 668/669/656 733/734/721
f 733/734/721 668/669/656 734/735/722
f 668/669/656 669/670/657 734/735/722
f 734/735/722 669/670/657 735/736/723
f 669/670/657 670/671/658 735/736/723
f 735/736/723 670/671/658 736/737/724
f 670/671/658 671/672/659 736/737/724
f 736/737/724 671/672/659 737/738/725
f 671/672/659 672/673/660 737/738/725
f 737/738/725 672/673/660 738/739/726
f 672/673/660 673/674/661 738/739/726
f 738/739/726 673/674/661 739/740/727
f 673/674/661 674/675/662 739/740/727
f 739/740/727 674/675/662 740/741/728
f 741/742/729 740/741/728 742/743/730
f 740/741/728 674/675/662 742/743/730
f 742/743/730 674/675/662 743/744/731
f 674/675/662 675/676/663 743/744/731
f 743/744/731 675/676/663 744/745/732
f 675/676/663 676/677/664 744/745/732
f 744/745/732 676/677/664 745/746/733
f 676/677/664 677/678/665 745/746/733
f 745/746/733 677/678/665 746/747/734
f 677/678/665 678/679/666 746/747/734
f 746/747/734 678/679/666 747/748/735
f 678/679/666 679/680/667 747/748/735
f 747/748/735 679/680/667 748/749/736
f 679/680/667 680/681/668 748/749/736
f 748/749/736 680/681/668 749/750/737
f 680/681/668 681/682/669 749/750/737
f 749/750/737 681/682/669 750/751/738
f 681/682/669 682/683/670 750/751/738
f 682/683/670 683/684/671 750/751/738
f 750/751/738 683/684/671 751/752/739
f 683/684/671 684/685/672 751/752/739
f 751/752/739 684/685/672 752/753/740
f 684/685/672 685/686/673 752/753/740
f 752/753/740 685/686/673 753/754/741
f 685/686/673 686/687/674 753/754/741
f 753/754/741 686/687/674 754/755/742
f 686/687/674 687/688/675 754/755/742
f 754/755/742 687/688/675 755/756/743
f 687/688/675 688/689/676 755/756/743
f 755/756/743 688/689/676 756/757/744
f 688/689/676 689/690/677 756/757/744
f 756/757/744 689/690/677 757/758/745
f 689/690/677 690/691/678 757/758/745
f 757/758/745 690/691/678 758/759/746
f 690/691/678 691/692/679 758/759/746
f 758/759/746 691/692/679 759/760/747
f 760/761/748 759/760/747 761/762/749
f 759/760/747 691/692/679 761/762/749
f 761/762/749 691/692/679 762/763/750
f 691/692/679 692/693/680 762/763/750
f 762/763/750 692/693/680 763/764/751
f 692/693/680 693/694/681 763/764/751
f 763/764/751 693/694/681 764/765/752
f 693/694/681 694/695/682 764/765/752
f 764/765/752 694/695/682 765/766/753
f 694/695/682 695/696/683 765/766/753
f 765/766/753 695/696/683 766/767/754
f 695/696/683 696/697/684 766/767/754
f 766/767/754 696/697/684 767/768/755
f 696/697/684 697/698/685 767/768/755
f 767/768/755 697/698/685 768/769/756
f 697/698/685 698/699/686 768/769/756
f 768/769/756 698/699/686 769/770/757
f 698/699/686 699/700/687 769/770/757
f 769/770/757 699/700/687 770/771/758
f 699/700/687 700/701/688 770/771/758
f 770/771/758 700/701/688 771/772/759
f 700/701/688 701/702/689 771/772/759
f 771/772/759 701/702/689 772/773/760
f 701/702/689 702/703/690 772/773/760
f 772/773/760 702/703/690 773/774/761
f 702/703/690 703/704/691 773/774/761
f 773/774/761 703/704/691 774/775/762
f 703/704/691 704/705/692 774/775/762
f 774/775/762 704/705/692 775/776/763
f 704/705/692 705/706/693 775/776/763
f 775/776/763 705/706/693 776/777/764
f 705/706/693 706/707/694 776/777/764
f 776/777/764 706/707/694 777/778/765
f 706/707/694 707/708/695 777/778/765
f 777/778/765 707/708/695 778/779/766
f 707/708/695 708/709/696 778/779/766
f 778/779/766 708/709/696 779/780/767
f 708/709/696 709/710/697 779/780/767
f 779/780/767 709/710/697 780/781/768
f 709/710/697 710/711/698 780/781/768
f 780/781/768 710/711/698 781/782/769
f 710/711/698 711/712/699 781/782/769
f 781/782/769 711/712/699 782/783/770
f 783/784/771 782/783/770 784/785/772
f 782/783/770 711/712/699 784/785/772
f 784/785/772 711/712/699 785/786/773
f 711/712/699 712/713/700 785/786/773
f 785/786/773 712/713/700 786/787/774
f 712/713/700 713/714/701 786/787/774
f 786/787/774 713/714/701 787/788/775
f 713/714/701 714/715/702 787/788/775
f 787/788/775 714/715/702 788/789/776
f 714/715/702 715/716/703 788/789/776
f 788/789/776 715/716/703 789/790/777
f 715/716/703 716/717/704 789/790/777
f 789/790/777 716/717/704 790/791/778
f 716/717/704 717/718/705 790/791/778
f 790/791/778 717/718/705 791/792/779
f 717/718/705 718/719/706 791/792/779
f 791/792/779 718/719/706 792/793/780
f 718/719/706 719/720/707 792/793/780
f 792/793/780 719/720/707 793/794/781
f 719/720/707 720/721/708 793/794/781
f 793/794/781 720/721/708 794/795/782
f 720/721/708 721/722/709 794/795/782
f 794/795/782 721/722/709 795/796/783
f 721/722/709 722/723/710 795/796/783
f 795/796/783 722/723/710 796/797/784
f 722/723/710 723/724/711 796/797/784
f 796/797/784 723/724/711 797/798/785
f 723/724/711 724/725/712 797/798/785
f 797/798/785 724/725/712 798/799/786
f 724/725/712 725/726/713 798/799/786
f 798/799/786 725/726/713 799/800/787
f 725/726/713 726/727/714 799/800/787
f 799/800/787 726/727/714 800/801/788
f 726/727/714 727/728/715 800/801/788
f 800/801/788 727/728/715 801/802/789
f 727/728/715 728/729/716 801/802/789
f 801/802/789 728/729/716 802/803/790
f 728/729/716 729/730/717 802/803/790
f 802/803/790 729/730/717 803/804/791
f 803/804/791 729/730/717 804/805/792
f 729/730/717 730/731/718 804/805/792
f 804/805/792 730/731/718 805/806/793
f 730/731/718 731/732/719 805/806/793
f 805/806/793 731/732/719 806/807/794
f 731/732/719 732/733/720 806/807/794
f 806/807/794 732/733/720 807/808/795
f 732/733/720 733/734/721 807/808/795
f 807/808/795 733/734/721 808/809/796
f 733/734/721 734/735/722 808/809/796
f 808/809/796 734/735/722 809/810/797
f 734/735/722 735/736/723 809/810/797
f 809/810/797 735/736/723 810/811/798
f 735/736/723 736/737/724 810/811/798
f 810/811/798 736/737/724 811/812/799
f 736/737/724 737/738/725 811/812/799
f 811/812/799 737/738/725 812/813/800
f 737/738/725 738/739/726 812/813/800
f 812/813/800 738/739/726 813/814/801
f 738/739/726 739/740/727 813/814/801
f 813/814/801 739/740/727 814/815/802
f 739/740/727 740/741/728 814/815/802
f 814/815/802 740/741/728 815/816/803
f 740/741/728 741/742/729 815/816/803
f 815/816/803 741/742/729 816/817/804
f 817/818/805 816/817/804 818/819/806
f 816/817/804 741/742/729 818/819/806
f 818/819/806 741/742/729 819/820/807
f 741/742/729 742/743/730 819/820/807
f 819/820/807 742/743/730 820/821/808
f 742/743/730 743/744/731 820/821/808
f 820/821/808 743/744/731 821/822/809
f 743/744/731 744/745/732 821/822/809
f 821/822/809 744/745/732 822/823/810
f 744/745/732 745/746/733 822/823/810
f 822/823/810 745/746/733 823/824/811
f 745/746/733 746/747/734 823/824/811
f 823/824/811 746/747/734 824/825/812
f 746/747/734 747/748/735 824/825/812
f 824/825/812 747/748/735 825/826/813
f 747/748/735 748/749/736 825/826/813
f 825/826/813 748/749/736 826/827/814
f 748/749/736 749/750/737 826/827/814
f 826/827/814 749/750/737 827/828/815
f 749/750/737 750/751/738 827/828/815
f 750/751/738 751/752/739 827/828/815
f 827/828/815 751/752/739 828/829/816
f 751/752/739 752/753/740 828/829/816
f 828/829/816 752/753/740 829/830/817
f 752/753/740 753/754/741 829/830/817
f 829/830/817 753/754/741 830/831/818
f 753/754/741 754/755/742 830/831/818
f 830/831/818 754/755/742 831/832/819
f 754/755/742 755/756/743 831/832/819
f 831/832/819 755/756/743 832/833/820
f 755/756/743 756/757/744 832/833/820
f 832/833/820 756/757/744 833/834/821
f 756/757/744 757/758/745 833/834/821
f 833/834/821 757/758/745 834/835/822
f 757/758/745 758/759/746 834/835/822
f 834/835/822 758/759/746 835/836/823
f 758/759/746 759/760/747 835/836/823
f 835/836/823 759/760/747 836/837/824
f 759/760/747 760/761/748 836/837/824
f 836/837/824 760/761/748 837/838/825
f 838/839/826 837/838/825 839/840/827
f 837/838/825 760/761/748 839/840/827
f 839/840/827 760/761/748 840/841/828
f 760/761/748 761/762/749 840/841/828
f 840/841/828 761/762/749 841/842/829
f 761/762/749 762/763/750 841/842/829
f 841/842/829 762/763/750 842/843/830
f 762/763/750 763/764/751 842/843/830
f 842/843/830 763/764/751 843/844/831
f 763/764/751 764/765/752 843/844/831
f 843/844/831 764/765/752 844/845/832
f 764/765/752 765/766/753 844/845/832
f 844/845/832 765/766/753 845/846/833
f 765/766/753 766/767/754 845/846/833
f 845/846/833 766/767/754 846/847/834
f 766/767/754 767/768/755 846/847/834
f 846/847/834 767/768/755 847/848/835
f 767/768/755 768/769/756 847/848/835
f 847/848/835 768/769/756 848/849/836
f 768/769/756 769/770/757 848/849/836
f 848/849/836 769/770/757 849/850/837
f 769/770/757 770/771/758 849/850/837
f 849/850/837 770/771/758 850/851/838
f 770/771/758 771/772/759 850/851/838
f 850/851/838 771/772/759 851/852/839
f 771/772/759 772/773/760 851/852/839
f 851/852/839 772/773/760 852/853/840
f 772/773/760 773/774/761 852/853/840
f 852/853/840 773/774/761 853/854/841
f 773/774/761 774/775/762 853/854/841
f 853/854/841 774/775/762 854/855/842
f 774/775/762 775/776/763 854/855/842
f 854/855/842 775/776/763 855/856/843
f 775/776/763 776/777/764 855/856/843
f 855/856/843 776/777/764 856/857/844
f 776/777/764 777/778/765 856/857/844
f 856/857/844 777/778/765 857/858/845
f 777/778/765 778/779/766 857/858/845
f 857/858/845 778/779/766 858/859/846
f 778/779/766 779/780/767 858/859/846
f 858/859/846 779/780/767 859/860/847
f 779/780/767 780/781/768 859/860/847
f 859/860/847 780/781/768 860/861/848
f 780/781/768 781/782/769 860/861/848
f 860/861/848 781/782/769 861/862/849
f 781/782/769 782/783/770 861/862/849
f 861/862/849 782/783/770 862/863/850
f 782/783/770 783/784/771 862/863/850
f 862/863/850 783/784/771 863/864/851
f 864/865/852 863/864/851 865/866/853
f 863/864/851 783/784/771 865/866/853
f 865/866/853 783/784/771 866/867/854
f 783/784/771 784/785/772 866/867/854
f 866/867/854 784/785/772 867/868/855
f 784/785/772 785/786/773 867/868/855
f 867/868/855 785/786/773 868/869/856
f 785/786/773 786/787/774 868/869/856
f 868/869/856 786/787/774 869/870/857
f 786/787/774 787/788/775 869/870/857
f 869/870/857 787/788/775 870/871/858
f 787/788/775 788/789/776 870/871/858
f 870/871/858 788/789/776 871/872/859
f 788/789/776 789/790/777 871/872/859
f 871/872/859 789/790/777 872/873/860
f 789/790/777 790/791/778 872/873/860
f 872/873/860 790/791/778 873/874/861
f 790/791/778 791/792/779 873/874/861
f 873/874/861 791/792/779 874/875/862
f 791/792/779 792/793/780 874/875/862
f 874/875/862 792/793/780 875/876/863
f 792/793/780 793/794/781 875/876/863
f 875/876/863 793/794/781 876/877/864
f 793/794/781 794/795/782 876/877/864
f 876/877/864 794/795/782 877/878/865
f 794/795/782 795/796/783 877/878/865
f 877/878/865 795/796/783 878/879/866
f 795/796/783 796/797/784 878/879/866
f 878/879/866 796/797/784 879/880/867
f 796/797/784 797/798/785 879/880/867
f 879/880/867 797/798/785 880/881/868
f 797/798/785 798/799/786 880/881/868
f 880/881/868 798/799/786 881/882/869
f 798/799/786 799/800/787 881/882/869
f 881/882/869 799/800/787 882/883/870
f 799/800/787 800/801/788 882/883/870
f 882/883/870 800/801/788 883/884/871
f 800/801/788 801/802/789 883/884/871
f 883/884/871 801/802/789 884/885/872
f 801/802/789 802/803/790 884/885/872
f 884/885/872 802/803/790 885/886/873
f 802/803/790 803/804/791 885/886/873
f 885/886/873 803/804/791 886/887/874
f 886/887/874 803/804/791 887/888/875
f 803/804/791 804/805/792 887/888/875
f 887/888/875 804/805/792 888/889/876
f 804/805/792 805/806/793 888/889/876
f 888/889/876 805/806/793 889/890/877
f 805/806/793 806/807/794 889/890/877
f 889/890/877 806/807/794 890/891/878
f 806/807/794 807/808/795 890/891/878
f 890/891/878 807/808/795 891/892/879
f 807/808/795 808/809/796 891/892/879
f 891/892/879 808/809/796 892/893/880
f 808/809/796 809/810/797 892/893/880
f 892/893/880 809/810/797 893/894/881
f 809/810/797 810/811/798 893/894/881
f 893/894/881 810/811/798 894/895/882
f 810/811/798 811/812/799 894/895/882
f 894/895/882 811/812/799 895/896/883
f 811/812/799 812/813/800 895/896/883
f 895/896/883 812/813/800 896/897/884
f 812/813/800 813/814/801 896/897/884
f 896/897/884 813/814/801 897/898/885
f 813/814/801 814/815/802 897/898/885
f 897/898/885 814/815/802 898/899/886
f 814/815/802 815/816/803 898/899/886
f 898/899/886 815/816/803 899/900/887
f 815/816/803 816/817/804 899/900/887
f 899/900/887 816/817/804 900/901/888
f 816/817/804 817/818/805 900/901/888
f 900/901/888 817/818/805 901/902/889
f 902/903/890 901/902/889 903/904/891
f 901/902/889 817/818/805 903/904/891
f 903/904/891 817/818/805 904/905/892
f 817/818/805 818/819/806 904/905/892
f 904/905/892 818/819/806 905/906/893
f 818/819/806 819/820/807 905/906/893
f 905/906/893 819/820/807 906/907/894
f 819/820/807 820/821/808 906/907/894
f 906/907/894 820/821/808 907/908/895
f 820/821/808 821/822/809 907/908/895
f 907/908/895 821/822/809 908/909/896
f 821/822/809 822/823/810 908/909/896
f 908/909/896 822/823/810 909/910/897
f 822/823/810 823/824/811 909/910/897
f 909/910/897 823/824/811 910/911/898
f 823/824/811 824/825/812 910/911/898
f 910/911/898 824/825/812 911/912/899
f 824/825/812 825/826/813 911/912/899
f 911/912/899 825/826/813 912/913/900
f 825/826/813 826/827/814 912/913/900
f 912/913/900 826/827/814 913/914/901
f 826/827/814 827/828/815 913/914/901
f 827/828/815 828/829/816 913/914/901
f 913/914/901 828/829/816 914/915/902
f 828/829/816 829/830/817 914/915/902
f 914/915/902 829/830/817 915/916/903
f 829/830/817 830/831/818 915/916/903
f 915/916/903 830/831/818 916/917/904
f 830/831/818 831/832/819 916/917/904
f 916/917/904 831/832/819 917/918/905
f 831/832/819 832/833/820 917/918/905
f 917/918/905 832/833/820 918/919/906
f 832/833/820 833/834/821 918/919/906
f 918/919/906 833/834/821 919/920/907
f 833/834/821 834/835/822 919/920/907
f 919/920/907 834/835/822 920/921/908
f 834/835/822 835/836/823 920/921/908
f 920/921/908 835/836/823 921/922/909
f 835/836/823 836/837/824 921/922/909
f 921/922/909 836/837/824 922/923/910
f 836/837/824 837/838/825 922/923/910
f 922/923/910 837/838/825 923/924/911
f 837/838/825 838/839/826 923/924/911
f 923/924/911 838/839/826 924/925/912
f 925/926/913 924/925/912 926/927/914
f 924/925/912 838/839/826 926/927/914
f 926/927/914 838/839/826 927/928/915
f 838/839/826 839/840/827 927/928/915
f 927/928/915 839/840/827 928/929/916
f 839/840/827 840/841/828 928/929/916
f 928/929/916 840/841/828 929/930/917
f 840/841/828 841/842/829 929/930/917
f 929/930/917 841/842/829 930/931/918
f 841/842/829 842/843/830 930/931/918
f 930/931/918 842/843/830 931/932/919
f 842/843/830 843/844/831 931/932/919
f 931/932/919 843/844/831 932/933/920
f 843/844/831 844/845/832 932/933/920
f 932/933/920 844/845/832 933/934/921
f 844/845/832 845/846/833 933/934/921
f 933/934/921 845/846/833 934/935/922
f 845/846/833 846/847/834 934/935/922
f 934/935/922 846/847/834 935/936/923
f 846/847/834 847/848/835 935/936/923
f 935/936/923 847/848/835 936/937/924
f 847/848/835 848/849/836 936/937/924
f 936/937/924 848/849/836 937/938/925
f 848/849/836 849/850/837 937/938/925
f 937/938/925 849/850/837 938/939/926
f 849/850/837 850/851/838 938/939/926
f 938/939/926 850/851/838 939/940/927
f 850/851/838 851/852/839 939/940/927
f 939/940/927 851/852/839 940/941/928
f 851/852/839 852/853/840 940/941/928
f 940/941/928 852/853/840 941/942/929
f 852/853/840 853/854/841 941/942/929
f 941/942/929 853/854/841 942/943/930
f 853/854/841 854/855/842 942/943/930
f 942/943/930 854/855/842 943/944/931
f 854/855/842 855/856/843 943/944/931
f 943/944/931 855/856/843 944/945/932
f 855/856/843 856/857/844 944/945/932
f 944/945/932 856/857/844 945/946/933
f 856/857/844 857/858/845 945/946/933
f 945/946/933 857/858/845 946/947/934
f 857/858/845 858/859/846 946/947/934
f 946/947/934 858/859/846 947/948/935
f 858/859/846 859/860/847 947/948/935
f 947/948/935 859/860/847 948/949/936
f 859/860/847 860/861/848 948/949/936
f 948/949/936 860/861/848 949/950/937
f 860/861/848 861/862/849 949/950/937
f 949/950/937 861/862/849 950/951/938
f 861/862/849 862/863/850 950/951/938
f 950/951/938 862/863/850 951/952/939
f 862/863/850 863/864/851 951/952/939
f 951/952/939 863/864/851 952/953/940
f 863/864/851 864/865/852 952/953/940
f 952/953/940 864/865/852 953/954/941
f 954/955/942 953/954/941 955/956/943
f 953/954/941 864/865/852 955/956/943
f 955/956/943 864/865/852 956/957/944
f 864/865/852 865/866/853 956/957/944
f 956/957/944 865/866/853 957/958/945
f 865/866/853 866/867/854 957/958/945
f 957/958/945 866/867/854 958/959/946
f 866/867/854 867/868/855 958/959/946
f 958/959/946 867/868/855 959/960/947
f 867/868/855 868/869/856 959/960/947
f 959/960/947 868/869/856 960/961/948
f 868/869/856 869/870/857 960/961/948
f 960/961/948 869/870/857 961/962/949
f 869/870/857 870/871/858 961/962/949
f 961/962/949 870/871/858 962/963/950
f 870/871/858 871/872/859 962/963/950
f 962/963/950 871/872/859 963/964/951
f 871/872/859 872/873/860 963/964/951
f 963/964/951 872/873/860 964/965/952
f 872/873/860 873/874/861 964/965/952
f 964/965/952 873/874/861 965/966/953
f 873/874/861 874/875/862 965/966/953
f 965/966/953 874/875/862 966/967/954
f 874/875/862 875/876/863 966/967/954
f 966/967/954 875/876/863 967/968/955
f 875/876/863 876/877/864 967/968/955
f 967/968/955 876/877/864 968/969/956
f 876/877/864 877/878/865 968/969/956
f 968/969/956 877/878/865 969/970/957
f 877/878/865 878/879/866 969/970/957
f 969/970/957 878/879/866 970/971/958
f 878/879/866 879/880/867 970/971/958
f 970/971/958 879/880/867 971/972/959
f 879/880/867 880/881/868 971/972/959
f 971/972/959 880/881/868 972/973/960
f 880/881/868 881/882/869 972/973/960
f 972/973/960 881/882/869 973/974/961
f 881/882/869 882/883/870 973/974/961
f 973/974/961 882/883/870 974/975/962
f 882/883/870 883/884/871 974/975/962
f 974/975/962 883/884/871 975/976/963
f 883/884/871 884/885/872 975/976/963
f 975/976/963 884/885/872 976/977/964
f 884/885/872 885/886/873 976/977/964
f 976/977/964 885/886/873 977/978/965
f 885/886/873 886/887/874 977/978/965
f 977/978/965 886/887/874 978/979/966
f 978/979/966 886/887/874 979/980/967
f 886/887/874 887/888/875 979/980/967
f 979/980/967 887/888/875 980/981/968
f 887/888/875 888/889/876 980/981/968
f 980/981/968 888/889/876 981/982/969
f 888/889/876 889/890/877 981/982/969
f 981/982/969 889/890/877 982/983/970
f 889/890/877 890/891/878 982/983/970
f 982/983/970 890/891/878 983/984/971
f 890/891/878 891/892/879 983/984/971
f 983/984/971 891/892/879 984/985/972
f 891/892/879 892/893/880 984/985/972
f 984/985/972 892/893/880 985/986/973
f 892/893/880 893/894/881 985/986/973
f 985/986/973 893/894/881 986/987/974
f 893/894/881 894/895/882 986/987/974
f 986/987/974 894/895/882 987/988/975
f 894/895/882 895/896/883 987/988/975
f 987/988/975 895/896/883 988/989/976
f 895/896/883 896/897/884 988/989/976
f 988/989/976 896/897/884 989/990/977
f 896/897/884 897/898/885 989/990/977
f 989/990/977 897/898/885 990/991/978
f 897/898/885 898/899/886 990/991/978
f 990/991/978 898/899/886 991/992/979
f 898/899/886 899/900/887 991/992/979
f 991/992/979 899/900/887 992/993/980
f 899/900/887 900/901/888 992/993/980
f 992/993/980 900/901/888 993/994/981
f 900/901/888 901/902/889 993/994/981
f 993/994/981 901/902/889 994/995/982
f 901/902/889 902/903/890 994/995/982
f 994/995/982 902/903/890 995/996/983
f 996/997/984 995/996/983 997/998/985
f 995/996/983 902/903/890 997/998/985
f 997/998/985 902/903/890 998/999/986
f 902/903/890 903/904/891 998/999/986
f 998/999/986 903/904/891 999/1000/987
f 903/904/891 904/905/892 999/1000/987
f 999/1000/987 904/905/892 1000/1001/988
f 904/905/892 905/906/893 1000/1001/988
f 1000/1001/988 905/906/893 1001/1002/989
f 905/906/893 906/907/894 1001/1002/989
f 1001/1002/989 906/907/894 1002/1003/990
f 906/907/894 907/908/895 1002/1003/990
f 1002/1003/990 907/908/895 1003/1004/991
f 907/908/895 908/909/896 1003/1004/991
f 1003/1004/991 908/909/896 1004/1005/992
f 908/909/896 909/910/897 1004/1005/992
f 1004/1005/992 909/910/897 1005/1006/993
f 909/910/897 910/911/898 1005/1006/993
f 1005/1006/993 910/911/898 1006/1007/994
f 910/911/898 911/912/899 1006/1007/994
f 1006/1007/994 911/912/899 1007/1008/995
f 911/912/899 912/913/900 1007/1008/995
f 1007/1008/995 912/913/900 1008/1009/996
f 912/913/900 913/914/901 1008/1009/996
f 913/914/901 914/915/902 1008/1009/996
f 1008/1009/996 914/915/902 1009/1010/997
f 914/915/902 915/916/903 1009/1010/997
f 1009/1010/997 915/916/903 1010/1011/998
f 915/916/903 916/917/904 1010/1011/998
f 1010/1011/998 916/917/904 1011/1012/999
f 916/917/904 917/918/905 1011/1012/999
f 1011/1012/999 917/918/905 1012/1013/1000
f 917/918/905 918/919/906 1012/1013/1000
f 1012/1013/1000 918/919/906 1013/1014/1001
f 918/919/906 919/920/907 1013/1014/1001
f 1013/1014/1001 919/920/907 1014/1015/1002
f 919/920/907 920/921/908 1014/1015/1002
f 1014/1015/1002 920/921/908 1015/1016/1003
f 920/921/908 921/922/909 1015/1016/1003
f 1015/1016/1003 921/922/909 1016/1017/1004
f 921/922/909 922/923/910 1016/1017/1004
f 1016/1017/1004 922/923/910 1017/1018/1005
f 922/923/910 923/924/911 1017/1018/1005
f 1017/1018/1005 923/924/911 1018/1019/1006
f 923/924/911 924/925/912 1018/1019/1006
f 1018/1019/1006 924/925/912 1019/1020/1007
f 924/925/912 925/926/913 1019/1020/1007
f 1019/1020/1007 925/926/913 1020/1021/1008
f 1021/1022/1009 1020/1021/1008 1022/1023/1010
f 1020/1021/1008 925/926/913 1022/1023/1010
f 1022/1023/1010 925/926/913 1023/1024/1011
f 925/926/913 926/927/914 1023/1024/1011
f 1023/1024/1011 926/927/914 1024/1025/1012
f 926/927/914 927/928/915 1024/1025/1012
f 1024/1025/1012 927/928/915 1025/1026/1013
f 927/928/915 928/929/916 1025/1026/1013
f 1025/1026/1013 928/929/916 1026/1027/1014
f 928/929/916 929/930/917 1026/1027/1014
f 1026/1027/1014 929/930/917 1027/1028/1015
f 929/930/917 930/931/918 1027/1028/1015
f 1027/1028/1015 930/931/918 1028/1029/1016
f 930/931/918 931/932/919 1028/1029/1016
f 1028/1029/1016 931/932/919 1029/1030/1017
f 931/932/919 932/933/920 1029/1030/1017
f 1029/1030/1017 932/933/920 1030/1031/1018
f 932/933/920 933/934/921 1030/1031/1018
f 1030/1031/1018 933/934/921 1031/1032/1019
f 933/934/921 934/935/922 1031/1032/1019
f 1031/1032/1019 934/935/922 1032/1033/1020
f 934/935/922 935/936/923 1032/1033/1020
f 1032/1033/1020 935/936/923 1033/1034/1021
f 935/936/923 936/937/924 1033/1034/1021
f 1033/1034/1021 936/937/924 1034/1035/1022
f 936/937/924 937/938/925 1034/1035/1022
f 1034/1035/1022 937/938/925 1035/1036/1023
f 937/938/925 938/939/926 1035/1036/1023
f 1035/1036/1023 938/939/926 1036/1037/1024
f 938/939/926 939/940/927 1036/1037/1024
f 1036/1037/1024 939/940/927 1037/1038/1025
f 939/940/927 940/941/928 1037/1038/1025
f 1037/1038/1025 940/941/928 1038/1039/1026
f 940/941/928 941/942/929 1038/1039/1026
f 1038/1039/1026 941/942/929 1039/1040/1027
f 941/942/929 942/943/930 1039/1040/1027
f 1039/1040/1027 942/943/930 1040/1041/1028
f 942/943/930 943/944/931 1040/1041/1028
f 1040/1041/1028 943/944/931 1041/1042/1029
f 943/944/931 944/945/932 1041/1042/1029
f 1041/1042/1029 944/945/932 1042/1043/1030
f 944/945/932 945/946/933 1042/1043/1030
f 1042/1043/1030 945/946/933 1043/1044/1031
f 945/946/933 946/947/934 1043/1044/1031
f 1043/1044/1031 946/947/934 1044/1045/1032
f 946/947/934 947/948/935 1044/1045/1032
f 1044/1045/1032 947/948/935 1045/1046/1033
f 947/948/935 948/949/936 1045/1046/1033
f 1045/1046/1033 948/949/936 1046/1047/1034
f 948/949/936 949/950/937 1046/1047/1034
f 1046/1047/1034 949/950/937 1047/1048/1035
f 949/950/937 950/951/938 1047/1048/1035
f 1047/1048/1035 950/951/938 1048/1049/1036
f 950/951/938 951/952/939 1048/1049/1036
f 1048/1049/1036 951/952/939 1049/1050/1037
f 951/952/939 952/953/940 1049/1050/1037
f 1049/1050/1037 952/953/940 1050/1051/1038
f 952/953/940 953/954/941 1050/1051/1038
f 1050/1051/1038 953/954/941 1051/1052/1039
f 953/954/941 954/955/942 1051/1052/1039
f 1051/1052/1039 954/955/942 1052/1053/1040
f 1053/1054/1041 1052/1053/1040 1054/1055/1042
f 1052/1053/1040 954/955/942 1054/1055/1042
f 1054/1055/1042 954/955/942 1055/1056/1043
f 954/955/942 955/956/943 1055/1056/1043
f 1055/1056/1043 955/956/943 1056/1057/1044
f 955/956/943 956/957/944 1056/1057/1044
f 1056/1057/1044 956/957/944 1057/1058/1045
f 956/957/944 957/958/945 1057/1058/1045
f 1057/1058/1045 957/958/945 1058/1059/1046
f 957/958/945 958/959/946 1058/1059/1046
f 1058/1059/1046 958/959/946 1059/1060/1047
f 958/959/946 959/960/947 1059/1060/1047
f 1059/1060/1047 959/960/947 1060/1061/1048
f 959/960/947 960/961/948 1060/1061/1048
f 1060/1061/1048 960/961/948 1061/1062/1049
f 960/961/948 961/962/949 1061/1062/1049
f 1061/1062/1049 961/962/949 1062/1063/1050
f 961/962/949 962/963/950 1062/1063/1050
f 1062/1063/1050 962/963/950 1063/1064/1051
f 962/963/950 963/964/951 1063/1064/1051
f 1063/1064/1051 963/964/951 1064/1065/1052
f 963/964/951 964/965/952 1064/1065/1052
f 1064/1065/1052 964/965/952 1065/1066/1053
f 964/965/952 965/966/953 1065/1066/1053
f 1065/1066/1053 965/966/953 1066/1067/1054
f 965/966/953 966/967/954 1066/1067/1054
f 1066/1067/1054 966/967/954 1067/1068/1055
f 966/967/954 967/968/955 1067/1068/1055
f 1067/1068/1055 967/968/955 1068/1069/1056
f 967/968/955 968/969/956 1068/1069/1056
f 1068/1069/1056 968/969/956 1069/1070/1057
f 968/969/956 969/970/957 1069/1070/1057
f 1069/1070/1057 969/970/957 1070/1071/1058
f 969/970/957 970/971/958 1070/1071/1058
f 1070/1071/1058 970/971/958 1071/1072/1059
f 970/971/958 971/972/959 1071/1072/1059
f 1071/1072/1059 971/972/959 1072/1073/1060
f 971/972/959 972/973/960 1072/1073/1060
f 1072/1073/1060 972/973/960 1073/1074/1061
f 972/973/960 973/974/961 1073/1074/1061
f 1073/1074/1061 973/974/961 1074/1075/1062
f 973/974/961 974/975/962 1074/1075/1062
f 1074/1075/1062 974/975/962 1075/1076/1063
f 974/975/962 975/976/963 1075/1076/1063
f 1075/1076/1063 975/976/963 1076/1077/1064
f 975/976/963 976/977/964 1076/1077/1064
f 1076/1077/1064 976/977/964 1077/1078/1065
f 976/977/964 977/978/965 1077/1078/1065
f 1077/1078/1065 977/978/965 1078/1079/1066
f 977/978/965 978/979/966 1078/1079/1066
f 1078/1079/1066 978/979/966 1079/1080/1067
f 1079/1080/1067 978/979/966 1080/1081/1068
f 978/979/966 979/980/967 1080/1081/1068
f 1080/1081/1068 979/980/967 1081/1082/1069
f 979/980/967 980/981/968 1081/1082/1069
f 1081/1082/1069 980/981/968 1082/1083/1070
f 980/981/968 981/982/969 1082/1083/1070
f 1082/1083/1070 981/982/969 1083/1084/1071
f 981/982/969 982/983/970 1083/1084/1071
f 1083/1084/1071 982/983/970 1084/1085/1072
f 982/983/970 983/984/971 1084/1085/1072
f 1084/1085/1072 983/984/971 1085/1086/1073
f 983/984/971 984/985/972 1085/1086/1073
f 1085/1086/1073 984/985/972 1086/1087/1074
f 984/985/972 985/986/973 1086/1087/1074
f 1086/1087/1074 985/986/973 1087/1088/1075
f 985/986/973 986/987/974 1087/1088/1075
f 1087/1088/1075 986/987/974 1088/1089/1076
f 986/987/974 987/988/975 1088/1089/1076
f 1088/1089/1076 987/988/975 1089/1090/1077
f 987/988/975 988/989/976 1089/1090/1077
f 1089/1090/1077 988/989/976 1090/1091/1078
f 988/989/976 989/990/977 1090/1091/1078
f 1090/1091/1078 989/990/977 1091/1092/1079
f 989/990/977 990/991/978 1091/1092/1079
f 1091/1092/1079 990/991/978 1092/1093/1080
f 990/991/978 991/992/979 1092/1093/1080
f 1092/1093/1080 991/992/979 1093/1094/1081
f 991/992/979 992/993/980 1093/1094/1081
f 1093/1094/1081 992/993/980 1094/1095/1082
f 992/993/980 993/994/981 1094/1095/1082
f 1094/1095/1082 993/994/981 1095/1096/1083
f 993/994/981 994/995/982 1095/1096/1083
f 1095/1096/1083 994/995/982 1096/1097/1084
f 994/995/982 995/996/983 1096/1097/1084
f 1096/1097/1084 995/996/983 1097/1098/1085
f 995/996/983 996/997/984 1097/1098/1085
f 1097/1098/1085 996/997/984 1098/1099/1086
f 1099/1100/1087 1098/1099/1086 1100/1101/1088
f 1098/1099/1086 996/997/984 1100/1101/1088
f 1100/1101/1088 996/997/984 1101/1102/1089
f 996/997/984 997/998/985 1101/1102/1089
f 1101/1102/1089 997/998/985 1102/1103/1090
f 997/998/985 998/999/986 1102/1103/1090
f 1102/1103/1090 998/999/986 1103/1104/1091
f 998/999/986 999/1000/987 1103/1104/1091
f 1103/1104/1091 999/1000/987 1104/1105/1092
f 999/1000/987 1000/1001/988 1104/1105/1092
f 1104/1105/1092 1000/1001/988 1105/1106/1093
f 1000/1001/988 1001/1002/989 1105/1106/1093
f 1105/1106/1093 1001/1002/989 1106/1107/1094
f 1001/1002/989 1002/1003/990 1106/1107/1094
f 1106/1107/1094 1002/1003/990 1107/1108/1095
f 1002/1003/990 1003/1004/991 1107/1108/1095
f 1107/1108/1095 1003/1004/991 1108/1109/1096
f 1003/1004/991 1004/1005/992 1108/1109/1096
f 1108/1109/1096 1004/1005/992 1109/1110/1097
f 1004/1005/992 1005/1006/993 1109/1110/1097
f 1109/1110/1097 1005/1006/993 1110/1111/1098
f 1005/1006/993 1006/1007/994 1110/1111/1098
f 1110/1111/1098 1006/1007/994 1111/1112/1099
f 1006/1007/994 1007/1008/995 1111/1112/1099
f 1111/1112/1099 1007/1008/995 1112/1113/1100
f 1007/1008/995 1008/1009/996 1112/1113/1100
f 1008/1009/996 1009/1010/997 1112/1113/1100
f 1112/1113/1100 1009/1010/997 1113/1114/1101
f 1009/1010/997 1010/1011/998 1113/1114/1101
f 1113/1114/1101 1010/1011/998 1114/1115/1102
f 1010/1011/998 1011/1012/999 1114/1115/1102
f 1114/1115/1102 1011/1012/999 1115/1116/1103
f 1011/1012/999 1012/1013/1000 1115/1116/1103
f 1115/1116/1103 1012/1013/1000 1116/1117/1104
f 1012/1013/1000 1013/1014/1001 1116/1117/1104
f 1116/1117/1104 1013/1014/1001 1117/1118/1105
f 1013/1014/1001 1014/1015/1002 1117/1118/1105
f 1117/1118/1105 1014/1015/1002 1118/1119/1106
f 1014/1015/1002 1015/1016/1003 1118/1119/1106
f 1118/1119/1106 1015/1016/1003 1119/1120/1107
f 1015/1016/1003 1016/1017/1004 1119/1120/1107
f 1119/1120/1107 1016/1017/1004 1120/1121/1108
f 1016/1017/1004 1017/1018/1005 1120/1121/1108
f 1120/1121/1108 1017/1018/1005 1121/1122/1109
f 1017/1018/1005 1018/1019/1006 1121/1122/1109
f 1121/1122/1109 1018/1019/1006 1122/1123/1110
f 1018/1019/1006 1019/1020/1007 1122/1123/1110
f 1122/1123/1110 1019/1020/1007 1123/1124/1111
f 1019/1020/1007 1020/1021/1008 1123/1124/1111
f 1123/1124/1111 1020/1021/1008 1124/1125/1112
f 1020/1021/1008 1021/1022/1009 1124/1125/1112
f 1124/1125/1112 1021/1022/1009 1125/1126/1113
f 1126/1127/1114 1125/1126/1113 1127/1128/1115
f 1125/1126/1113 1021/1022/1009 1127/1128/1115
f 1127/1128/1115 1021/1022/1009 1128/1129/1116
f 1021/1022/1009 1022/1023/1010 1128/1129/1116
f 1128/1129/1116 1022/1023/1010 1129/1130/1117
f 1022/1023/1010 1023/1024/1011 1129/1130/1117
f 1129/1130/1117 1023/1024/1011 1130/1131/1118
f 1023/1024/1011 1024/1025/1012 1130/1131/1118
f 1130/1131/1118 1024/1025/1012 1131/1132/1119
f 1024/1025/1012 1025/1026/1013 1131/1132/1119
f 1131/1132/1119 1025/1026/1013 1132/1133/1120
f 1025/1026/1013 1026/1027/1014 1132/1133/1120
f 1132/1133/1120 1026/1027/1014 1133/1134/1121
f 1026/1027/1014 1027/1028/1015 1133/1134/1121
f 1133/1134/1121 1027/1028/1015 1134/1135/1122
f 1027/1028/1015 1028/1029/1016 1134/1135/1122
f 1134/1135/1122 1028/1029/1016 1135/1136/1123
f 1028/1029/1016 1029/1030/1017 1135/1136/1123
f 1135/1136/1123 1029/1030/1017 1136/1137/1124
f 1029/1030/1017 1030/1031/1018 1136/1137/1124
f 1136/1137/1124 1030/1031/1018 1137/1138/1125
f 1030/1031/1018 1031/1032/1019 1137/1138/1125
f 1137/1138/1125 1031/1032/1019 1138/1139/1126
f 1031/1032/1019 1032/1033/1020 1138/1139/1126
f 1138/1139/1126 1032/1033/1020 1139/1140/1127
f 1032/1033/1020 1033/1034/1021 1139/1140/1127
f 1139/1140/1127 1033/1034/1021 1140/1141/1128
f 1033/1034/1021 1034/1035/1022 1140/1141/1128
f 1140/1141/1128 1034/1035/1022 1141/1142/1129
f 1034/1035/1022 1035/1036/1023 1141/1142/1129
f 1141/1142/1129 1035/1036/1023 1142/1143/1130
f 1035/1036/1023 1036/1037/1024 1142/1143/1130
f 1142/1143/1130 1036/1037/1024 1143/1144/1131
f 1036/1037/1024 1037/1038/1025 1143/1144/1131
f 1143/1144/1131 1037/1038/1025 1144/1145/1132
f 1037/1038/1025 1038/1039/1026 1144/1145/1132
f 1144/1145/1132 1038/1039/1026 1145/1146/1133
f 1038/1039/1026 1039/1040/1027 1145/1146/1133
f 1145/1146/1133 1039/1040/1027 1146/1147/1134
f 1039/1040/1027 1040/1041/1028 1146/1147/1134
f 1146/1147/1134 1040/1041/1028 1147/1148/1135
f 1040/1041/1028 1041/1042/1029 1147/1148/1135
f 1147/1148/1135 1041/1042/1029 1148/1149/1136
f 1041/1042/1029 1042/1043/1030 1148/1149/1136
f 1148/1149/1136 1042/1043/1030 1149/1150/1137
f 1042/1043/1030 1043/1044/1031 1149/1150/1137
f 1149/1150/1137 1043/1044/1031 1150/1151/1138
f 1043/1044/1031 1044/1045/1032 1150/1151/1138
f 1150/1151/1138 1044/1045/1032 1151/1152/1139
f 1044/1045/1032 1045/1046/1033 1151/1152/1139
f 1151/1152/1139 1045/1046/1033 1152/1153/1140
f 1045/1046/1033 1046/1047/1034 1152/1153/1140
f 1152/1153/1140 1046/1047/1034 1153/1154/1141
f 1046/1047/1034 1047/1048/1035 1153/1154/1141
f 1153/1154/1141 1047/1048/1035 1154/1155/1142
f 1047/1048/1035 1048/1049/1036 1154/1155/1142
f 1154/1155/1142 1048/1049/1036 1155/1156/1143
f 1048/1049/1036 1049/1050/1037 1155/1156/1143
f 1155/1156/1143 1049/1050/1037 1156/1157/1144
f 1049/1050/1037 1050/1051/1038 1156/1157/1144
f 1156/1157/1144 1050/1051/1038 1157/1158/1145
f 1050/1051/1038 1051/1052/1039 1157/1158/1145
f 1157/1158/1145 1051/1052/1039 1158/1159/1146
f 1051/1052/1039 1052/1053/1040 1158/1159/1146
f 1158/1159/1146 1052/1053/1040 1159/1160/1147
f 1052/1053/1040 1053/1054/1041 1159/1160/1147
f 1159/1160/1147 1053/1054/1041 1160/1161/1148
f 1161/1162/1149 1160/1161/1148 1162/1163/1150
f 1160/1161/1148 1053/1054/1041 1162/1163/1150
f 1162/1163/1150 1053/1054/1041 1163/1164/1151
f 1053/1054/1041 1054/1055/1042 1163/1164/1151
f 1163/1164/1151 1054/1055/1042 1164/1165/1152
f 1054/1055/1042 1055/1056/1043 1164/1165/1152
f 1164/1165/1152 1055/1056/1043 1165/1166/1153
f 1055/1056/1043 1056/1057/1044 1165/1166/1153
f 1165/1166/1153 1056/1057/1044 1166/1167/1154
f 1056/1057/1044 1057/1058/1045 1166/1167/1154
f 1166/1167/1154 1057/1058/1045 1167/1168/1155
f 1057/1058/1045 1058/1059/1046 1167/1168/1155
f 1167/1168/1155 1058/1059/1046 1168/1169/1156
f 1058/1059/1046 1059/1060/1047 1168/1169/1156
f 1168/1169/1156 1059/1060/1047 1169/1170/1157
f 1059/1060/1047 1060/1061/1048 1169/1170/1157
f 1169/1170/1157 1060/1061/1048 1170/1171/1158
f 1060/1061/1048 1061/1062/1049 1170/1171/1158
f 1170/1171/1158 1061/1062/1049 1171/1172/1159
f 1061/1062/1049 1062/1063/1050 1171/1172/1159
f 1171/1172/1159 1062/1063/1050 1172/1173/1160
f 1062/1063/1050 1063/1064/1051 1172/1173/1160
f 1172/1173/1160 1063/1064/1051 1173/1174/1161
f 1063/1064/1051 1064/1065/1052 1173/1174/1161
f 1173/1174/1161 1064/1065/1052 1174/1175/1162
f 1064/1065/1052 1065/1066/1053 1174/1175/1162
f 1174/1175/1162 1065/1066/1053 1175/1176/1163
f 1065/1066/1053 1066/1067/1054 1175/1176/1163
f 1175/1176/1163 1066/1067/1054 1176/1177/1164
f 1066/1067/1054 1067/1068/1055 1176/1177/1164
f 1176/1177/1164 1067/1068/1055 1177/1178/1165
f 1067/1068/1055 1068/1069/1056 1177/1178/1165
f 1177/1178/1165 1068/1069/1056 1178/1179/1166
f 1068/1069/1056 1069/1070/1057 1178/1179/1166
f 1178/1179/1166 1069/1070/1057 1179/1180/1167
f 1069/1070/1057 1070/1071/1058 1179/1180/1167
f 1179/1180/1167 1070/1071/1058 1180/1181/1168
f 1070/1071/1058 1071/1072/1059 1180/1181/1168
f 1180/1181/1168 1071/1072/1059 1181/1182/1169
f 1071/1072/1059 1072/1073/1060 1181/1182/1169
f 1181/1182/1169 1072/1073/1060 1182/1183/1170
f 1072/1073/1060 1073/1074/1061 1182/1183/1170
f 1182/1183/1170 1073/1074/1061 1183/1184/1171
f 1073/1074/1061 1074/1075/1062 1183/1184/1171
f 1183/1184/1171 1074/1075/1062 1184/1185/1172
f 1074/1075/1062 1075/1076/1063 1184/1185/1172
f 1184/1185/1172 1075/1076/1063 1185/1186/1173
f 1075/1076/1063 1076/1077/1064 1185/1186/1173
f 1185/1186/1173 1076/1077/1064 1186/1187/1174
f 1076/1077/1064 1077/1078/1065 1186/1187/1174
f 1186/1187/1174 1077/1078/1065 1187/1188/1175
f 1077/1078/1065 1078/1079/1066 1187/1188/1175
f 1187/1188/1175 1078/1079/1066 1188/1189/1176
f 1078/1079/1066 1079/1080/1067 1188/1189/1176
f 1188/1189/1176 1079/1080/1067 1189/1190/1177
f 1189/1190/1177 1079/1080/1067 1190/1191/1178
f 1079/1080/1067 1080/1081/1068 1190/1191/1178
f 1190/1191/1178 1080/1081/1068 1191/1192/1179
f 1080/1081/1068 1081/1082/1069 1191/1192/1179
f 1191/1192/1179 1081/1082/1069 1192/1193/1180
f 1081/1082/1069 1082/1083/1070 1192/1193/1180
f 1192/1193/1180 1082/1083/1070 1193/1194/1181
f 1082/1083/1070 1083/1084/1071 1193/1194/1181
f 1193/1194/1181 1083/1084/1071 1194/1195/1182
f 1083/1084/1071 1084/1085/1072 1194/1195/1182
f 1194/1195/1182 1084/1085/1072 1195/1196/1183
f 1084/1085/1072 1085/1086/1073 1195/1196/1183
f 1195/1196/1183 1085/1086/1073 1196/1197/1184
f 1085/1086/1073 1086/1087/1074 1196/1197/1184
f 1196/1197/1184 1086/1087/1074 1197/1198/1185
f 1086/1087/1074 1087/1088/1075 1197/1198/1185
f 1197/1198/1185 1087/1088/1075 1198/1199/1186
f 1087/1088/1075 1088/1089/1076 1198/1199/1186
f 1198/1199/1186 1088/1089/1076 1199/1200/1187
f 1088/1089/1076 1089/1090/1077 1199/1200/1187
f 1199/1200/1187 1089/1090/1077 1200/1201/1188
f 1089/1090/1077 1090/1091/1078 1200/1201/1188
f 1200/1201/1188 1090/1091/1078 1201/1202/1189
f 1090/1091/1078 1091/1092/1079 1201/1202/1189
f 1201/1202/1189 1091/1092/1079 1202/1203/1190
f 1091/1092/1079 1092/1093/1080 1202/1203/1190
f 1202/1203/1190 1092/1093/1080 1203/1204/1191
f 1092/1093/1080 1093/1094/1081 1203/1204/1191
f 1203/1204/1191 1093/1094/1081 1204/1205/1192
f 1093/1094/1081 1094/1095/1082 1204/1205/1192
f 1204/1205/1192 1094/1095/1082 1205/1206/1193
f 1094/1095/1082 1095/1096/1083 1205/1206/1193
f 1205/1206/1193 1095/1096/1083 1206/1207/1194
f 1095/1096/1083 1096/1097/1084 1206/1207/1194
f 1206/1207/1194 1096/1097/1084 1207/1208/1195
f 1096/1097/1084 1097/1098/1085 1207/1208/1195
f 1207/1208/1195 1097/1098/1085 1208/1209/1196
f 1097/1098/1085 1098/1099/1086 1208/1209/1196
f 1208/1209/1196 1098/1099/1086 1209/1210/1197
f 1098/1099/1086 1099/1100/1087 1209/1210/1197
f 1209/1210/1197 1099/1100/1087 1210/1211/1198
f 1211/1212/1199 1210/1211/1198 1212/1213/1200
f 1210/1211/1198 1099/1100/1087 1212/1213/1200
f 1212/1213/1200 1099/1100/1087 1213/1214/1201
f 1099/1100/1087 1100/1101/1088 1213/1214/1201
f 1213/1214/1201 1100/1101/1088 1214/1215/1202
f 1100/1101/1088 1101/1102/1089 1214/1215/1202
f 1214/1215/1202 1101/1102/1089 1215/1216/1203
f 1101/1102/1089 1102/1103/1090 1215/1216/1203
f 1215/1216/1203 1102/1103/1090 1216/1217/1204
f 1102/1103/1090 1103/1104/1091 1216/1217/1204
f 1216/1217/1204 1103/1104/1091 1217/1218/1205
f 1103/1104/1091 1104/1105/1092 1217/1218/1205
f 1217/1218/1205 1104/1105/1092 1218/1219/1206
f 1104/1105/1092 1105/1106/1093 1218/1219/1206
f 1218/1219/1206 1105/1106/1093 1219/1220/1207
f 1105/1106/1093 1106/1107/1094 1219/1220/1207
f 1219/1220/1207 1106/1107/1094 1220/1221/1208
f 1106/1107/1094 1107/1108/1095 1220/1221/1208
f 1220/1221/1208 1107/1108/1095 1221/1222/1209
f 1107/1108/1095 1108/1109/1096 1221/1222/1209
f 1221/1222/1209 1108/1109/1096 1222/1223/1210
f 1108/1109/1096 1109/1110/1097 1222/1223/1210
f 1222/1223/1210 1109/1110/1097 1223/1224/1211
f 1109/1110/1097 1110/1111/1098 1223/1224/1211
f 1223/1224/1211 1110/1111/1098 1224/1225/1212
f 1110/1111/1098 1111/1112/1099 1224/1225/1212
f 1224/1225/1212 1111/1112/1099 1225/1226/1213
f 1111/1112/1099 1112/1113/1100 1225/1226/1213
f 1112/1113/1100 1113/1114/1101 1225/1226/1213
f 1225/1226/1213 1113/1114/1101 1226/1227/1214
f 1113/1114/1101 1114/1115/1102 1226/1227/1214
f 1226/1227/1214 1114/1115/1102 1227/1228/1215
f 1114/1115/1102 1115/1116/1103 1227/1228/1215
f 1227/1228/1215 1115/1116/1103 1228/1229/1216
f 1115/1116/1103 1116/1117/1104 1228/1229/1216
f 1228/1229/1216 1116/1117/1104 1229/1230/1217
f 1116/1117/1104 1117/1118/1105 1229/1230/1217
f 1229/1230/1217 1117/1118/1105 1230/1231/1218
f 1117/1118/1105 1118/1119/1106 1230/1231/1218
f 1230/1231/1218 1118/1119/1106 1231/1232/1219
f 1118/1119/1106 1119/1120/1107 1231/1232/1219
f 1231/1232/1219 1119/1120/1107 1232/1233/1220
f 1119/1120/1107 1120/1121/1108 1232/1233/1220
f 1232/1233/1220 1120/1121/1108 1233/1234/1221
f 1120/1121/1108 1121/1122/1109 1233/1234/1221
f 1233/1234/1221 1121/1122/1109 1234/1235/1222
f 1121/1122/1109 1122/1123/1110 1234/1235/1222
f 1234/1235/1222 1122/1123/1110 1235/1236/1223
f 1122/1123/1110 1123/1124/1111 1235/1236/1223
f 1235/1236/1223 1123/1124/1111 1236/1237/1224
f 1123/1124/1111 1124/1125/1112 1236/1237/1224
f 1236/1237/1224 1124/1125/1112 1237/1238/1225
f 1124/1125/1112 1125/1126/1113 1237/1238/1225
f 1237/1238/1225 1125/1126/1113 1238/1239/1226
f 1125/1126/1113 1126/1127/1114 1238/1239/1226
f 1238/1239/1226 1126/1127/1114 1239/1240/1227
f 1240/1241/1 28/29/16 1241/1242/1228
f 28/29/16 1239/1240/1227 1241/1242/1228
f 1239/1240/1227 1126/1127/1114 1241/1242/1228
f 1242/1243/1 1241/1242/1228 1243/1244/1229
f 1241/1242/1228 1126/1127/1114 1243/1244/1229
f 1126/1127/1114 1127/1128/1115 1243/1244/1229
f 1244/1245/1 1243/1244/1229 1245/1246/1230
f 1243/1244/1229 1127/1128/1115 1245/1246/1230
f 1127/1128/1115 1128/1129/1116 1245/1246/1230
f 1246/1247/1 1245/1246/1230 1247/1248/1231
f 1245/1246/1230 1128/1129/1116 1247/1248/1231
f 1128/1129/1116 1129/1130/1117 1247/1248/1231
f 1248/1249/1 1247/1248/1231 1249/1250/1232
f 1247/1248/1231 1129/1130/1117 1249/1250/1232
f 1129/1130/1117 1130/1131/1118 1249/1250/1232
f 1250/1251/1 1249/1250/1232 1251/1252/1233
f 1249/1250/1232 1130/1131/1118 1251/1252/1233
f 1130/1131/1118 1131/1132/1119 1251/1252/1233
f 1252/1253/1 1251/1252/1233 1253/1254/1234
f 1251/1252/1233 1131/1132/1119 1253/1254/1234
f 1131/1132/1119 1132/1133/1120 1253/1254/1234
f 1254/1255/1 1253/1254/1234 1255/1256/1235
f 1253/1254/1234 1132/1133/1120 1255/1256/1235
f 1132/1133/1120 1133/1134/1121 1255/1256/1235
f 1256/1257/1 1255/1256/1235 1257/1258/1236
f 1255/1256/1235 1133/1134/1121 1257/1258/1236
f 1133/1134/1121 1134/1135/1122 1257/1258/1236
f 1258/1259/1 1257/1258/1236 1259/1260/1237
f 1257/1258/1236 1134/1135/1122 1259/1260/1237
f 1134/1135/1122 1135/1136/1123 1259/1260/1237
f 1260/1261/1 1259/1260/1237 1261/1262/1238
f 1259/1260/1237 1135/1136/1123 1261/1262/1238
f 1135/1136/1123 1136/1137/1124 1261/1262/1238
f 1262/1263/1 1261/1262/1238 1263/1264/1239
f 1261/1262/1238 1136/1137/1124 1263/1264/1239
f 1136/1137/1124 1137/1138/1125 1263/1264/1239
f 1264/1265/1 1263/1264/1239 1265/1266/1240
f 1263/1264/1239 1137/1138/1125 1265/1266/1240
f 1137/1138/1125 1138/1139/1126 1265/1266/1240
f 1266/1267/1 1265/1266/1240 1267/1268/1241
f 1265/1266/1240 1138/1139/1126 1267/1268/1241
f 1138/1139/1126 1139/1140/1127 1267/1268/1241
f 1268/1269/1 1267/1268/1241 1269/1270/1242
f 1267/1268/1241 1139/1140/1127 1269/1270/1242
f 1139/1140/1127 1140/1141/1128 1269/1270/1242
f 1270/1271/1 1269/1270/1242 1271/1272/1243
f 1269/1270/1242 1140/1141/1128 1271/1272/1243
f 1140/1141/1128 1141/1142/1129 1271/1272/1243
f 1272/1273/1 1271/1272/1243 1273/1274/1244
f 1271/1272/1243 1141/1142/1129 1273/1274/1244
f 1141/1142/1129 1142/1143/1130 1273/1274/1244
f 1274/1275/1 1273/1274/1244 1275/1276/1245
f 1273/1274/1244 1142/1143/1130 1275/1276/1245
f 1142/1143/1130 1143/1144/1131 1275/1276/1245
f 1276/1277/1 1275/1276/1245 1277/1278/1246
f 1275/1276/1245 1143/1144/1131 1277/1278/1246
f 1143/1144/1131 1144/1145/1132 1277/1278/1246
f 1278/1279/1 1277/1278/1246 1279/1280/1247
f 1277/1278/1246 1144/1145/1132 1279/1280/1247
f 1144/1145/1132 1145/1146/1133 1279/1280/1247
f 1280/1281/1 1279/1280/1247 1281/1282/1248
f 1279/1280/1247 1145/1146/1133 1281/1282/1248
f 1145/1146/1133 1146/1147/1134 1281/1282/1248
f 1282/1283/1 1281/1282/1248 1283/1284/1249
f 1281/1282/1248 1146/1147/1134 1283/1284/1249
f 1146/1147/1134 1147/1148/1135 1283/1284/1249
f 1284/1285/1 1283/1284/1249 1285/1286/1250
f 1283/1284/1249 1147/1148/1135 1285/1286/1250
f 1147/1148/1135 1148/1149/1136 1285/1286/1250
f 1286/1287/1 1285/1286/1250 1287/1288/1251
f 1285/1286/1250 1148/1149/1136 1287/1288/1251
f 1148/1149/1136 1149/1150/1137 1287/1288/1251
f 1288/1289/1 1287/1288/1251 1289/1290/1252
f 1287/1288/1251 1149/1150/1137 1289/1290/1252
f 1149/1150/1137 1150/1151/1138 1289/1290/1252
f 1290/1291/1 1289/1290/1252 1291/1292/1253
f 1289/1290/1252 1150/1151/1138 1291/1292/1253
f 1150/1151/1138 1151/1152/1139 1291/1292/1253
f 1292/1293/1 1291/1292/1253 1293/1294/1254
f 1291/1292/1253 1151/1152/1139 1293/1294/1254
f 1151/1152/1139 1152/1153/1140 1293/1294/1254
f 1294/1295/1 1293/1294/1254 1295/1296/1255
f 1293/1294/1254 1152/1153/1140 1295/1296/1255
f 1152/1153/1140 1153/1154/1141 1295/1296/1255
f 1296/1297/1 1295/1296/1255 1297/1298/1256
f 1295/1296/1255 1153/1154/1141 1297/1298/1256
f 1153/1154/1141 1154/1155/1142 1297/1298/1256
f 1298/1299/1 1297/1298/1256 1299/1300/1257
f 1297/1298/1256 1154/1155/1142 1299/1300/1257
f 1154/1155/1142 1155/1156/1143 1299/1300/1257
f 1300/1301/1 1299/1300/1257 1301/1302/1258
f 1299/1300/1257 1155/1156/1143 1301/1302/1258
f 1155/1156/1143 1156/1157/1144 1301/1302/1258
f 1302/1303/1 1301/1302/1258 1303/1304/1259
f 1301/1302/1258 1156/1157/1144 1303/1304/1259
f 1156/1157/1144 1157/1158/1145 1303/1304/1259
f 1304/1305/1 1303/1304/1259 1305/1306/1260
f 1303/1304/1259 1157/1158/1145 1305/1306/1260
f 1157/1158/1145 1158/1159/1146 1305/1306/1260
f 1306/1307/1 1305/1306/1260 1307/1308/1261
f 1305/1306/1260 1158/1159/1146 1307/1308/1261
f 1158/1159/1146 1159/1160/1147 1307/1308/1261
f 1308/1309/1 1307/1308/1261 1309/1310/1262
f 1307/1308/1261 1159/1160/1147 1309/1310/1262
f 1159/1160/1147 1160/1161/1148 1309/1310/1262
f 1310/1311/1 1309/1310/1262 1311/1312/1263
f 1309/1310/1262 1160/1161/1148 1311/1312/1263
f 1160/1161/1148 1161/1162/1149 1311/1312/1263
f 1312/1313/1 1311/1312/1263 1313/1314/1264
f 1311/1312/1263 1161/1162/1149 1313/1314/1264
f 1314/1315/1 1313/1314/1264 1315/1316/1265
f 1315/1316/1265 1313/1314/1264 1316/1317/1266
f 1313/1314/1264 1161/1162/1149 1316/1317/1266
f 1316/1317/1266 1161/1162/1149 1317/1318/1267
f 1161/1162/1149 1162/1163/1150 1317/1318/1267
f 1317/1318/1267 1162/1163/1150 1318/1319/1268
f 1162/1163/1150 1163/1164/1151 1318/1319/1268
f 1318/1319/1268 1163/1164/1151 1319/1320/1269
f 1163/1164/1151 1164/1165/1152 1319/1320/1269
f 1319/1320/1269 1164/1165/1152 1320/1321/1270
f 1164/1165/1152 1165/1166/1153 1320/1321/1270
f 1320/1321/1270 1165/1166/1153 1321/1322/1271
f 1165/1166/1153 1166/1167/1154 1321/1322/1271
f 1321/1322/1271 1166/1167/1154 1322/1323/1272
f 1166/1167/1154 1167/1168/1155 1322/1323/1272
f 1322/1323/1272 1167/1168/1155 1323/1324/1273
f 1167/1168/1155 1168/1169/1156 1323/1324/1273
f 1323/1324/1273 1168/1169/1156 1324/1325/1274
f 1168/1169/1156 1169/1170/1157 1324/1325/1274
f 1324/1325/1274 1169/1170/1157 1325/1326/1275
f 1169/1170/1157 1170/1171/1158 1325/1326/1275
f 1325/1326/1275 1170/1171/1158 1326/1327/1276
f 1170/1171/1158 1171/1172/1159 1326/1327/1276
f 1326/1327/1276 1171/1172/1159 1327/1328/1277
f 1171/1172/1159 1172/1173/1160 1327/1328/1277
f 1327/1328/1277 1172/1173/1160 1328/1329/1278
f 1172/1173/1160 1173/1174/1161 1328/1329/1278
f 1328/1329/1278 1173/1174/1161 1329/1330/1279
f 1173/1174/1161 1174/1175/1162 1329/1330/1279
f 1329/1330/1279 1174/1175/1162 1330/1331/1280
f 1174/1175/1162 1175/1176/1163 1330/1331/1280
f 1330/1331/1280 1175/1176/1163 1331/1332/1281
f 1175/1176/1163 1176/1177/1164 1331/1332/1281
f 1331/1332/1281 1176/1177/1164 1332/1333/1282
f 1176/1177/1164 1177/1178/1165 1332/1333/1282
f 1332/1333/1282 1177/1178/1165 1333/1334/1283
f 1177/1178/1165 1178/1179/1166 1333/1334/1283
f 1333/1334/1283 1178/1179/1166 1334/1335/1284
f 1178/1179/1166 1179/1180/1167 1334/1335/1284
f 1334/1335/1284 1179/1180/1167 1335/1336/1285
f 1179/1180/1167 1180/1181/1168 1335/1336/1285
f 1335/1336/1285 1180/1181/1168 1336/1337/1286
f 1180/1181/1168 1181/1182/1169 1336/1337/1286
f 1336/1337/1286 1181/1182/1169 1337/1338/1287
f 1181/1182/1169 1182/1183/1170 1337/1338/1287
f 1337/1338/1287 1182/1183/1170 1338/1339/1288
f 1182/1183/1170 1183/1184/1171 1338/1339/1288
f 1338/1339/1288 1183/1184/1171 1339/1340/1289
f 1183/1184/1171 1184/1185/1172 1339/1340/1289
f 1339/1340/1289 1184/1185/1172 1340/1341/1290
f 1184/1185/1172 1185/1186/1173 1340/1341/1290
f 1340/1341/1290 1185/1186/1173 1341/1342/1291
f 1185/1186/1173 1186/1187/1174 1341/1342/1291
f 1341/1342/1291 1186/1187/1174 1342/1343/1292
f 1186/1187/1174 1187/1188/1175 1342/1343/1292
f 1342/1343/1292 1187/1188/1175 1343/1344/1293
f 1187/1188/1175 1188/1189/1176 1343/1344/1293
f 1343/1344/1293 1188/1189/1176 1344/1345/1294
f 1188/1189/1176 1189/1190/1177 1344/1345/1294
f 1344/1345/1294 1189/1190/1177 1345/1346/1295
f 1346/1347/1296 1345/1346/1295 1347/1348/1297
f 1345/1346/1295 1189/1190/1177 1347/1348/1297
f 1189/1190/1177 1190/1191/1178 1347/1348/1297
f 1348/1349/1296 1347/1348/1297 1349/1350/1298
f 1347/1348/1297 1190/1191/1178 1349/1350/1298
f 1190/1191/1178 1191/1192/1179 1349/1350/1298
f 1350/1351/1296 1349/1350/1298 1351/1352/1299
f 1349/1350/1298 1191/1192/1179 1351/1352/1299
f 1191/1192/1179 1192/1193/1180 1351/1352/1299
f 1352/1353/1296 1351/1352/1299 1353/1354/1300
f 1351/1352/1299 1192/1193/1180 1353/1354/1300
f 1192/1193/1180 1193/1194/1181 1353/1354/1300
f 1354/1355/1296 1353/1354/1300 1355/1356/1301
f 1353/1354/1300 1193/1194/1181 1355/1356/1301
f 1193/1194/1181 1194/1195/1182 1355/1356/1301
f 1356/1357/1296 1355/1356/1301 1357/1358/1302
f 1355/1356/1301 1194/1195/1182 1357/1358/1302
f 1194/1195/1182 1195/1196/1183 1357/1358/1302
f 1358/1359/1296 1357/1358/1302 1359/1360/1303
f 1357/1358/1302 1195/1196/1183 1359/1360/1303
f 1195/1196/1183 1196/1197/1184 1359/1360/1303
f 1360/1361/1296 1359/1360/1303 1361/1362/1304
f 1359/1360/1303 1196/1197/1184 1361/1362/1304
f 1196/1197/1184 1197/1198/1185 1361/1362/1304
f 1362/1363/1296 1361/1362/1304 1363/1364/1305
f 1361/1362/1304 1197/1198/1185 1363/1364/1305
f 1197/1198/1185 1198/1199/1186 1363/1364/1305
f 1364/1365/1296 1363/1364/1305 1365/1366/1306
f 1363/1364/1305 1198/1199/1186 1365/1366/1306
f 1198/1199/1186 1199/1200/1187 1365/1366/1306
f 1366/1367/1296 1365/1366/1306 1367/1368/1307
f 1365/1366/1306 1199/1200/1187 1367/1368/1307
f 1199/1200/1187 1200/1201/1188 1367/1368/1307
f 1368/1369/1296 1367/1368/1307 1369/1370/1308
f 1367/1368/1307 1200/1201/1188 1369/1370/1308
f 1200/1201/1188 1201/1202/1189 1369/1370/1308
f 1370/1371/1296 1369/1370/1308 1371/1372/1309
f 1369/1370/1308 1201/1202/1189 1371/1372/1309
f 1201/1202/1189 1202/1203/1190 1371/1372/1309
f 1372/1373/1296 1371/1372/1309 1373/1374/1310
f 1371/1372/1309 1202/1203/1190 1373/1374/1310
f 1202/1203/1190 1203/1204/1191 1373/1374/1310
f 1374/1375/1296 1373/1374/1310 1375/1376/1311
f 1373/1374/1310 1203/1204/1191 1375/1376/1311
f 1203/1204/1191 1204/1205/1192 1375/1376/1311
f 1376/1377/1296 1375/1376/1311 1377/1378/1312
f 1375/1376/1311 1204/1205/1192 1377/1378/1312
f 1204/1205/1192 1205/1206/1193 1377/1378/1312
f 1378/1379/1296 1377/1378/1312 1379/1380/1313
f 1377/1378/1312 1205/1206/1193 1379/1380/1313
f 1205/1206/1193 1206/1207/1194 1379/1380/1313
f 1380/1381/1296 1379/1380/1313 1381/1382/1314
f 1379/1380/1313 1206/1207/1194 1381/1382/1314
f 1206/1207/1194 1207/1208/1195 1381/1382/1314
f 1382/1383/1296 1381/1382/1314 1383/1384/1315
f 1381/1382/1314 1207/1208/1195 1383/1384/1315
f 1207/1208/1195 1208/1209/1196 1383/1384/1315
f 1384/1385/1296 1383/1384/1315 1385/1386/1316
f 1383/1384/1315 1208/1209/1196 1385/1386/1316
f 1208/1209/1196 1209/1210/1197 1385/1386/1316
f 1386/1387/1296 1385/1386/1316 1387/1388/1317
f 1385/1386/1316 1209/1210/1197 1387/1388/1317
f 1209/1210/1197 1210/1211/1198 1387/1388/1317
f 1388/1389/1296 1387/1388/1317 1389/1390/1318
f 1387/1388/1317 1210/1211/1198 1389/1390/1318
f 1210/1211/1198 1211/1212/1199 1389/1390/1318
f 1390/1391/1296 1389/1390/1318 1391/1392/1319
f 1389/1390/1318 1211/1212/1199 1391/1392/1319
f 1211/1212/1199 1392/1393/1320 1391/1392/1319
f 1393/1394/1296 1391/1392/1319 1394/1395/1321
f 1391/1392/1319 1392/1393/1320 1394/1395/1321
f 1392/1393/1320 1395/1396/1322 1394/1395/1321
f 1396/1397/1296 1394/1395/1321 1397/1398/1323
f 1394/1395/1321 1395/1396/1322 1397/1398/1323
f 1395/1396/1322 1398/1399/1324 1397/1398/1323
f 1399/1400/1296 1397/1398/1323 1400/1401/1325
f 1397/1398/1323 1398/1399/1324 1400/1401/1325
f 1398/1399/1324 1401/1402/1326 1400/1401/1325
f 1402/1403/1296 1400/1401/1325 1403/1404/1327
f 1400/1401/1325 1401/1402/1326 1403/1404/1327
f 1401/1402/1326 1404/1405/1328 1403/1404/1327
f 1405/1406/1296 1403/1404/1327 1406/1407/1329
f 1403/1404/1327 1404/1405/1328 1406/1407/1329
f 1404/1405/1328 1407/1408/1330 1406/1407/1329
f 1408/1409/1296 1406/1407/1329 1409/1410/1331
f 1406/1407/1329 1407/1408/1330 1409/1410/1331
f 1407/1408/1330 1410/1411/1332 1409/1410/1331
f 1411/1412/1296 1409/1410/1331 1412/1413/1333
f 1409/1410/1331 1410/1411/1332 1412/1413/1333
f 1410/1411/1332 1413/1414/1334 1412/1413/1333
f 1414/1415/1296 1412/1413/1333 1415/1416/1335
f 1412/1413/1333 1413/1414/1334 1415/1416/1335
f 1413/1414/1334 1416/1417/1336 1415/1416/1335
f 1417/1418/1296 1415/1416/1335 1418/1419/1337
f 1415/1416/1335 1416/1417/1336 1418/1419/1337
f 1416/1417/1336 1419/1420/1338 1418/1419/1337
f 1420/1421/1296 1418/1419/1337 1421/1422/1339
f 1418/1419/1337 1419/1420/1338 1421/1422/1339
f 1419/1420/1338 1422/1423/1340 1421/1422/1339
f 1423/1424/1296 1421/1422/1339 1424/1425/1341
f 1421/1422/1339 1422/1423/1340 1424/1425/1341
f 1422/1423/1340 1425/1426/1342 1424/1425/1341
f 1426/1427/1296 1424/1425/1341 1427/1428/1343
f 1424/1425/1341 1425/1426/1342 1427/1428/1343
f 1425/1426/1342 1428/1429/1344 1427/1428/1343
f 1429/1430/1296 1427/1428/1343 1430/1431/1345
f 1427/1428/1343 1428/1429/1344 1430/1431/1345
f 1428/1429/1344 1431/1432/1346 1430/1431/1345
f 1432/1433/1296 1430/1431/1345 1433/1434/1347
f 1430/1431/1345 1431/1432/1346 1433/1434/1347
f 1431/1432/1346 467/468/455 1433/1434/1347
f 1434/1435/1296 1433/1434/1347 1435/1436/1348
f 1433/1434/1347 467/468/455 1435/1436/1348
f 467/468/455 377/378/365 1435/1436/1348
f 1436/1437/1296 1435/1436/1348 1437/1438/1349
f 1435/1436/1348 377/378/365 1437/1438/1349
f 377/378/365 378/379/366 1437/1438/1349
f 1438/1439/1296 1437/1438/1349 1439/1440/1350
f 1437/1438/1349 378/379/366 1439/1440/1350
f 378/379/366 379/380/367 1439/1440/1350
f 1440/1441/1296 1439/1440/1350 1441/1442/1351
f 1439/1440/1350 379/380/367 1441/1442/1351
f 379/380/367 380/381/368 1441/1442/1351
f 1442/1443/1296 1441/1442/1351 1443/1444/1352
f 1441/1442/1351 380/381/368 1443/1444/1352
f 380/381/368 381/382/369 1443/1444/1352
f 1444/1445/1296 1443/1444/1352 1445/1446/1353
f 1443/1444/1352 381/382/369 1445/1446/1353
f 381/382/369 382/383/370 1445/1446/1353
f 1446/1447/1296 1445/1446/1353 1447/1448/1354
f 1445/1446/1353 382/383/370 1447/1448/1354
f 382/383/370 383/384/371 1447/1448/1354
f 1448/1449/1296 1447/1448/1354 1449/1450/1355
f 1447/1448/1354 383/384/371 1449/1450/1355
f 383/384/371 384/385/372 1449/1450/1355
f 1450/1451/1296 1449/1450/1355 1451/1452/1356
f 1449/1450/1355 384/385/372 1451/1452/1356
f 384/385/372 385/386/373 1451/1452/1356
f 1452/1453/1296 1451/1452/1356 1453/1454/1357
f 1451/1452/1356 385/386/373 1453/1454/1357
f 385/386/373 386/387/374 1453/1454/1357
f 1454/1455/1296 1453/1454/1357 1455/1456/1358
f 1453/1454/1357 386/387/374 1455/1456/1358
f 386/387/374 387/388/375 1455/1456/1358
f 1456/1457/1296 1455/1456/1358 1457/1458/1359
f 1455/1456/1358 387/388/375 1457/1458/1359
f 387/388/375 388/389/376 1457/1458/1359
f 1458/1459/1296 1457/1458/1359 1459/1460/1360
f 1457/1458/1359 388/389/376 1459/1460/1360
f 388/389/376 389/390/377 1459/1460/1360
f 1460/1461/1296 1459/1460/1360 1461/1462/1361
f 1459/1460/1360 389/390/377 1461/1462/1361
f 389/390/377 390/391/378 1461/1462/1361
f 1462/1463/1296 1461/1462/1361 1463/1464/1362
f 1461/1462/1361 390/391/378 1463/1464/1362
f 390/391/378 391/392/379 1463/1464/1362
f 1464/1465/1296 1463/1464/1362 1465/1466/1363
f 1463/1464/1362 391/392/379 1465/1466/1363
f 391/392/379 392/393/380 1465/1466/1363
f 1466/1467/1296 1465/1466/1363 1467/1468/1364
f 1465/1466/1363 392/393/380 1467/1468/1364
f 392/393/380 393/394/381 1467/1468/1364
f 1468/1469/1296 1467/1468/1364 1469/1470/1365
f 1467/1468/1364 393/394/381 1469/1470/1365
f 393/394/381 394/395/382 1469/1470/1365
f 1470/1471/1296 1469/1470/1365 1471/1472/1366
f 1469/1470/1365 394/395/382 1471/1472/1366
f 394/395/382 395/396/383 1471/1472/1366
f 1472/1473/1296 1471/1472/1366 1473/1474/1367
f 1471/1472/1366 395/396/383 1473/1474/1367
f 395/396/383 396/397/384 1473/1474/1367
f 1474/1475/1296 1473/1474/1367 1475/1476/1368
f 1473/1474/1367 396/397/384 1475/1476/1368
f 396/397/384 397/398/385 1475/1476/1368
f 1476/1477/1296 1475/1476/1368 1477/1478/1369
f 1475/1476/1368 397/398/385 1477/1478/1369
f 397/398/385 398/399/386 1477/1478/1369
f 1478/1479/1296 1477/1478/1369 1479/1480/1370
f 1477/1478/1369 398/399/386 1479/1480/1370
f 398/399/386 399/400/387 1479/1480/1370
f 1480/1481/1296 1479/1480/1370 1481/1482/1371
f 1479/1480/1370 399/400/387 1481/1482/1371
f 399/400/387 400/401/388 1481/1482/1371
f 1482/1483/1296 1481/1482/1371 1483/1484/1372
f 1481/1482/1371 400/401/388 1483/1484/1372
f 400/401/388 401/402/389 1483/1484/1372
f 1484/1485/1296 1483/1484/1372 1485/1486/1373
f 1483/1484/1372 401/402/389 1485/1486/1373
f 1486/1487/1296 1485/1486/1373 1487/1488/1374
f 1487/1488/1374 1485/1486/1373 1488/1489/1294
f 1485/1486/1373 401/402/389 1488/1489/1294
f 1488/1489/1294 401/402/389 1489/1490/1375
f 401/402/389 402/403/390 1489/1490/1375
f 1489/1490/1375 402/403/390 1490/1491/1292
f 402/403/390 403/404/391 1490/1491/1292
f 1490/1491/1292 403/404/391 1491/1492/1291
f 403/404/391 404/405/392 1491/1492/1291
f 1491/1492/1291 404/405/392 1492/1493/1290
f 404/405/392 405/406/393 1492/1493/1290
f 1492/1493/1290 405/406/393 1493/1494/1289
f 405/406/393 406/407/394 1493/1494/1289
f 1493/1494/1289 406/407/394 1494/1495/1288
f 406/407/394 407/408/395 1494/1495/1288
f 1494/1495/1288 407/408/395 1495/1496/1287
f 407/408/395 408/409/396 1495/1496/1287
f 1495/1496/1287 408/409/396 1496/1497/1286
f 408/409/396 409/410/397 1496/1497/1286
f 1496/1497/1286 409/410/397 1497/1498/1285
f 409/410/397 410/411/398 1497/1498/1285
f 1497/1498/1285 410/411/398 1498/1499/1284
f 410/411/398 411/412/399 1498/1499/1284
f 1498/1499/1284 411/412/399 1499/1500/1376
f 411/412/399 412/413/400 1499/1500/1376
f 1499/1500/1376 412/413/400 1500/1501/1377
f 412/413/400 413/414/401 1500/1501/1377
f 1500/1501/1377 413/414/401 1501/1502/1378
f 413/414/401 414/415/402 1501/1502/1378
f 1501/1502/1378 414/415/402 1502/1503/1280
f 414/415/402 415/416/403 1502/1503/1280
f 1502/1503/1280 415/416/403 1503/1504/1379
f 415/416/403 416/417/404 1503/1504/1379
f 1503/1504/1379 416/417/404 1504/1505/1278
f 416/417/404 417/418/405 1504/1505/1278
f 1504/1505/1278 417/418/405 1505/1506/1380
f 417/418/405 418/419/406 1505/1506/1380
f 1505/1506/1380 418/419/406 1506/1507/1276
f 418/419/406 419/420/407 1506/1507/1276
f 1506/1507/1276 419/420/407 1507/1508/1275
f 419/420/407 420/421/408 1507/1508/1275
f 1507/1508/1275 420/421/408 1508/1509/1381
f 420/421/408 421/422/409 1508/1509/1381
f 1508/1509/1381 421/422/409 1509/1510/1273
f 421/422/409 422/423/410 1509/1510/1273
f 1509/1510/1273 422/423/410 1510/1511/1272
f 422/423/410 423/424/411 1510/1511/1272
f 1510/1511/1272 423/424/411 1511/1512/1271
f 423/424/411 424/425/412 1511/1512/1271
f 1511/1512/1271 424/425/412 1512/1513/1270
f 424/425/412 425/426/413 1512/1513/1270
f 1512/1513/1270 425/426/413 1513/1514/1382
f 425/426/413 426/427/414 1513/1514/1382
f 1513/1514/1382 426/427/414 1514/1515/1268
f 426/427/414 427/428/415 1514/1515/1268
f 1514/1515/1268 427/428/415 1515/1516/1383
f 427/428/415 428/429/416 1515/1516/1383
f 1515/1516/1383 428/429/416 1516/1517/1266
f 428/429/416 429/430/417 1516/1517/1266
f 1516/1517/1266 429/430/417 1517/1518/1384
f 1518/1519/1 1517/1518/1384 1519/1520/1385
f 1517/1518/1384 429/430/417 1519/1520/1385
f 429/430/417 430/431/418 1519/1520/1385
f 1520/1521/1 1519/1520/1385 1521/1522/1386
f 1519/1520/1385 430/431/418 1521/1522/1386
f 430/431/418 431/432/419 1521/1522/1386
f 1522/1523/1 1521/1522/1386 1523/1524/1387
f 1521/1522/1386 431/432/419 1523/1524/1387
f 431/432/419 432/433/420 1523/1524/1387
f 1524/1525/1 1523/1524/1387 1525/1526/1388
f 1523/1524/1387 432/433/420 1525/1526/1388
f 432/433/420 433/434/421 1525/1526/1388
f 1526/1527/1 1525/1526/1388 1527/1528/1389
f 1525/1526/1388 433/434/421 1527/1528/1389
f 433/434/421 434/435/422 1527/1528/1389
f 1528/1529/1 1527/1528/1389 1529/1530/1390
f 1527/1528/1389 434/435/422 1529/1530/1390
f 434/435/422 435/436/423 1529/1530/1390
f 1530/1531/1 1529/1530/1390 1531/1532/1391
f 1529/1530/1390 435/436/423 1531/1532/1391
f 435/436/423 436/437/424 1531/1532/1391
f 1532/1533/1 1531/1532/1391 1533/1534/1392
f 1531/1532/1391 436/437/424 1533/1534/1392
f 436/437/424 437/438/425 1533/1534/1392
f 1534/1535/1 1533/1534/1392 1535/1536/1393
f 1533/1534/1392 437/438/425 1535/1536/1393
f 437/438/425 438/439/426 1535/1536/1393
f 1536/1537/1 1535/1536/1393 1537/1538/1394
f 1535/1536/1393 438/439/426 1537/1538/1394
f 438/439/426 439/440/427 1537/1538/1394
f 1538/1539/1 1537/1538/1394 1539/1540/1395
f 1537/1538/1394 439/440/427 1539/1540/1395
f 1540/1541/1 1539/1540/1395 1541/2/2
f 1541/2/2 1539/1540/1395 1542/1542/1396
f 1539/1540/1395 439/440/427 1542/1542/1396
f 1542/1542/1396 439/440/427 1543/1543/1397
f 439/440/427 440/441/428 1543/1543/1397
f 1543/1543/1397 440/441/428 1544/1544/1398
f 440/441/428 441/442/429 1544/1544/1398
f 1544/1544/1398 441/442/429 1545/1545/1399
f 441/442/429 442/443/430 1545/1545/1399
f 1545/1545/1399 442/443/430 1546/1546/1400
f 442/443/430 443/444/431 1546/1546/1400
f 1546/1546/1400 443/444/431 1547/1547/1401
f 443/444/431 444/445/432 1547/1547/1401
f 1547/1547/1401 444/445/432 1548/1548/1402
f 444/445/432 445/446/433 1548/1548/1402
f 1548/1548/1402 445/446/433 1549/1549/1403
f 445/446/433 446/447/434 1549/1549/1403
f 1549/1549/1403 446/447/434 1550/1550/1404
f 446/447/434 447/448/435 1550/1550/1404
f 1550/1550/1404 447/448/435 1551/1551/1405
f 447/448/435 448/449/436 1551/1551/1405
f 1551/1551/1405 448/449/436 1552/1552/1406
f 448/449/436 449/450/437 1552/1552/1406
f 1552/1552/1406 449/450/437 1553/1553/1407
f 449/450/437 450/451/438 1553/1553/1407
f 1553/1553/1407 450/451/438 1554/1554/1408
f 450/451/438 451/452/439 1554/1554/1408
f 1554/1554/1408 451/452/439 1555/1555/1409
f 451/452/439 452/453/440 1555/1555/1409
f 452/453/440 453/454/441 1555/1555/1409
f 1555/1555/1409 453/454/441 1556/1556/1410
f 453/454/441 454/455/442 1556/1556/1410
f 1556/1556/1410 454/455/442 1557/1557/1411
f 454/455/442 455/456/443 1557/1557/1411
f 1557/1557/1411 455/456/443 1558/1558/1412
f 455/456/443 456/457/444 1558/1558/1412
f 1558/1558/1412 456/457/444 1559/1559/1413
f 456/457/444 457/458/445 1559/1559/1413
f 1559/1559/1413 457/458/445 1560/1560/1414
f 457/458/445 458/459/446 1560/1560/1414
f 1560/1560/1414 458/459/446 1561/1561/1415
f 458/459/446 459/460/447 1561/1561/1415
f 1561/1561/1415 459/460/447 1562/1562/1416
f 459/460/447 460/461/448 1562/1562/1416
f 1562/1562/1416 460/461/448 1563/1563/1417
f 460/461/448 461/462/449 1563/1563/1417
f 1563/1563/1417 461/462/449 1564/1564/1418
f 461/462/449 462/463/450 1564/1564/1418
f 1564/1564/1418 462/463/450 1565/1565/1419
f 462/463/450 463/464/451 1565/1565/1419
f 1565/1565/1419 463/464/451 1566/1566/1420
f 463/464/451 464/465/452 1566/1566/1420
f 1566/1566/1420 464/465/452 1567/1567/1421
f 464/465/452 465/466/453 1567/1567/1421
f 1567/1567/1421 465/466/453 1568/1568/1422
f 465/466/453 466/467/454 1568/1568/1422
f 1568/1568/1422 466/467/454 1569/1569/1423
f 466/467/454 467/468/455 1569/1569/1423
f 467/468/455 1431/1432/1346 1569/1569/1423
f 1569/1569/1423 1431/1432/1346 1570/1570/1424
f 1431/1432/1346 1428/1429/1344 1570/1570/1424
f 1570/1570/1424 1428/1429/1344 1571/1571/1425
f 1428/1429/1344 1425/1426/1342 1571/1571/1425
f 1571/1571/1425 1425/1426/1342 1572/1572/1426
f 1425/1426/1342 1422/1423/1340 1572/1572/1426
f 1572/1572/1426 1422/1423/1340 1573/1573/1427
f 1422/1423/1340 1419/1420/1338 1573/1573/1427
f 1573/1573/1427 1419/1420/1338 1574/1574/1428
f 1419/1420/1338 1416/1417/1336 1574/1574/1428
f 1574/1574/1428 1416/1417/1336 1575/1575/1429
f 1416/1417/1336 1413/1414/1334 1575/1575/1429
f 1575/1575/1429 1413/1414/1334 1576/1576/1430
f 1413/1414/1334 1410/1411/1332 1576/1576/1430
f 1576/1576/1430 1410/1411/1332 1577/1577/1431
f 1410/1411/1332 1407/1408/1330 1577/1577/1431
f 1577/1577/1431 1407/1408/1330 1578/1578/1432
f 1407/1408/1330 1404/1405/1328 1578/1578/1432
f 1578/1578/1432 1404/1405/1328 1579/1579/1433
f 1404/1405/1328 1401/1402/1326 1579/1579/1433
f 1579/1579/1433 1401/1402/1326 1580/1580/1434
f 1401/1402/1326 1398/1399/1324 1580/1580/1434
f 1580/1580/1434 1398/1399/1324 1581/1581/1435
f 1398/1399/1324 1395/1396/1322 1581/1581/1435
f 1581/1581/1435 1395/1396/1322 1582/1582/1436
f 1395/1396/1322 1392/1393/1320 1582/1582/1436
f 1582/1582/1436 1392/1393/1320 1583/1583/1437
f 1392/1393/1320 1211/1212/1199 1583/1583/1437
f 1211/1212/1199 1212/1213/1200 1583/1583/1437
f 1583/1583/1437 1212/1213/1200 1584/1584/1438
f 1212/1213/1200 1213/1214/1201 1584/1584/1438
f 1584/1584/1438 1213/1214/1201 1585/1585/1439
f 1213/1214/1201 1214/1215/1202 1585/1585/1439
f 1585/1585/1439 1214/1215/1202 1586/1586/1440
f 1214/1215/1202 1215/1216/1203 1586/1586/1440
f 1586/1586/1440 1215/1216/1203 1587/1587/1441
f 1215/1216/1203 1216/1217/1204 1587/1587/1441
f 1587/1587/1441 1216/1217/1204 1588/1588/1442
f 1216/1217/1204 1217/1218/1205 1588/1588/1442
f 1588/1588/1442 1217/1218/1205 1589/1589/1443
f 1217/1218/1205 1218/1219/1206 1589/1589/1443
f 1589/1589/1443 1218/1219/1206 1590/1590/1444
f 1218/1219/1206 1219/1220/1207 1590/1590/1444
f 1590/1590/1444 1219/1220/1207 1591/1591/1445
f 1219/1220/1207 1220/1221/1208 1591/1591/1445
f 1591/1591/1445 1220/1221/1208 1592/1592/1446
f 1220/1221/1208 1221/1222/1209 1592/1592/1446
f 1592/1592/1446 1221/1222/1209 1593/1593/1447
f 1221/1222/1209 1222/1223/1210 1593/1593/1447
f 1593/1593/1447 1222/1223/1210 1594/1594/1448
f 1222/1223/1210 1223/1224/1211 1594/1594/1448
f 1594/1594/1448 1223/1224/1211 1595/1595/1449
f 1223/1224/1211 1224/1225/1212 1595/1595/1449
f 1595/1595/1449 1224/1225/1212 1596/1596/1450
f 1224/1225/1212 1225/1226/1213 1596/1596/1450
f 1225/1226/1213 1226/1227/1214 1596/1596/1450
f 1596/1596/1450 1226/1227/1214 1597/1597/1451
f 1226/1227/1214 1227/1228/1215 1597/1597/1451
f 1597/1597/1451 1227/1228/1215 1598/1598/1452
f 1227/1228/1215 1228/1229/1216 1598/1598/1452
f 1598/1598/1452 1228/1229/1216 1599/1599/1453
f 1228/1229/1216 1229/1230/1217 1599/1599/1453
f 1599/1599/1453 1229/1230/1217 1600/1600/1454
f 1229/1230/1217 1230/1231/1218 1600/1600/1454
f 1600/1600/1454 1230/1231/1218 1601/1601/1455
f 1230/1231/1218 1231/1232/1219 1601/1601/1455
f 1601/1601/1455 1231/1232/1219 1602/1602/1456
f 1231/1232/1219 1232/1233/1220 1602/1602/1456
f 1602/1602/1456 1232/1233/1220 1603/1603/1457
f 1232/1233/1220 1233/1234/1221 1603/1603/1457
f 1603/1603/1457 1233/1234/1221 1604/1604/1458
f 1233/1234/1221 1234/1235/1222 1604/1604/1458
f 1604/1604/1458 1234/1235/1222 1605/1605/1459
f 1234/1235/1222 1235/1236/1223 1605/1605/1459
f 1605/1605/1459 1235/1236/1223 1606/1606/1460
f 1235/1236/1223 1236/1237/1224 1606/1606/1460
f 1606/1606/1460 1236/1237/1224 1607/1607/1461
f 1236/1237/1224 1237/1238/1225 1607/1607/1461
f 1607/1607/1461 1237/1238/1225 1608/1608/1462
f 1237/1238/1225 1238/1239/1226 1608/1608/1462
f 1608/1608/1462 1238/1239/1226 1609/1609/1463
f 1238/1239/1226 1239/1240/1227 1609/1609/1463
f 1609/1609/1463 1239/1240/1227 1610/1610/1464
f 1239/1240/1227 28/29/16 1610/1610/1464
f 28/29/16 26/27/15 1610/1610/1464
f 1610/1610/1464 26/27/15 1611/1611/1465
f 26/27/15 24/25/14 1611/1611/1465
f 1611/1611/1465 24/25/14 1612/1612/1466
f 24/25/14 22/23/13 1612/1612/1466
f 1612/1612/1466 22/23/13 1613/1613/1467
f 22/23/13 20/21/12 1613/1613/1467
f 1613/1613/1467 20/21/12 1614/1614/1468
f 20/21/12 18/19/11 1614/1614/1468
f 1614/1614/1468 18/19/11 1615/1615/1469
f 18/19/11 16/17/10 1615/1615/1469
f 1615/1615/1469 16/17/10 1616/1616/1470
f 16/17/10 14/15/9 1616/1616/1470
f 1616/1616/1470 14/15/9 1617/1617/1471
f 14/15/9 12/13/8 1617/1617/1471
f 1617/1617/1471 12/13/8 1618/1618/1472
f 12/13/8 10/11/7 1618/1618/1472
f 1618/1618/1472 10/11/7 1619/1619/1473
f 10/11/7 8/9/6 1619/1619/1473
f 1619/1619/1473 8/9/6 1620/1620/1474
f 8/9/6 6/7/5 1620/1620/1474
f 1620/1620/1474 6/7/5 1621/1621/1475
f 6/7/5 4/5/4 1621/1621/1475
f 1621/1621/1475 4/5/4 1622/1622/1476
f 4/5/4 2/3/3 1622/1622/1476
f 1622/1622/1476 2/3/3 1623/1623/1477
f 2/3/3 1541/2/2 1623/1623/1477
f 1541/2/2 1542/1542/1396 1623/1623/1477
f 1623/1623/1477 1542/1542/1396 1624/1624/1478
f 1542/1542/1396 1543/1543/1397 1624/1624/1478
f 1624/1624/1478 1543/1543/1397 1625/1625/1479
f 1543/1543/1397 1544/1544/1398 1625/1625/1479
f 1625/1625/1479 1544/1544/1398 1626/1626/1480
f 1544/1544/1398 1545/1545/1399 1626/1626/1480
f 1626/1626/1480 1545/1545/1399 1627/1627/1481
f 1545/1545/1399 1546/1546/1400 1627/1627/1481
f 1627/1627/1481 1546/1546/1400 1628/1628/1482
f 1546/1546/1400 1547/1547/1401 1628/1628/1482
f 1628/1628/1482 1547/1547/1401 1629/1629/1483
f 1547/1547/1401 1548/1548/1402 1629/1629/1483
f 1629/1629/1483 1548/1548/1402 1630/1630/1484
f 1548/1548/1402 1549/1549/1403 1630/1630/1484
f 1630/1630/1484 1549/1549/1403 1631/1631/1485
f 1549/1549/1403 1550/1550/1404 1631/1631/1485
f 1631/1631/1485 1550/1550/1404 1632/1632/1486
f 1550/1550/1404 1551/1551/1405 1632/1632/1486
f 1632/1632/1486 1551/1551/1405 1633/1633/1487
f 1551/1551/1405 1552/1552/1406 1633/1633/1487
f 1633/1633/1487 1552/1552/1406 1634/1634/1488
f 1552/1552/1406 1553/1553/1407 1634/1634/1488
f 1634/1634/1488 1553/1553/1407 1635/1635/1489
f 1553/1553/1407 1554/1554/1408 1635/1635/1489
f 1635/1635/1489 1554/1554/1408 1636/1636/1490
f 1554/1554/1408 1555/1555/1409 1636/1636/1490
f 1555/1555/1409 1556/1556/1410 1636/1636/1490
f 1636/1636/1490 1556/1556/1410 1637/1637/1491
f 1556/1556/1410 1557/1557/1411 1637/1637/1491
f 1637/1637/1491 1557/1557/1411 1638/1638/1492
f 1557/1557/1411 1558/1558/1412 1638/1638/1492
f 1638/1638/1492 1558/1558/1412 1639/1639/1493
f 1558/1558/1412 1559/1559/1413 1639/1639/1493
f 1639/1639/1493 1559/1559/1413 1640/1640/1494
f 1559/1559/1413 1560/1560/1414 1640/1640/1494
f 1640/1640/1494 1560/1560/1414 1641/1641/1495
f 1560/1560/1414 1561/1561/1415 1641/1641/1495
f 1641/1641/1495 1561/1561/1415 1642/1642/1496
f 1561/1561/1415 1562/1562/1416 1642/1642/1496
f 1642/1642/1496 1562/1562/1416 1643/1643/1497
f 1562/1562/1416 1563/1563/1417 1643/1643/1497
f 1643/1643/1497 1563/1563/1417 1644/1644/1498
f 1563/1563/1417 1564/1564/1418 1644/1644/1498
f 1644/1644/1498 1564/1564/1418 1645/1645/1499
f 1564/1564/1418 1565/1565/1419 1645/1645/1499
f 1645/1645/1499 1565/1565/1419 1646/1646/1500
f 1565/1565/1419 1566/1566/1420 1646/1646/1500
f 1646/1646/1500 1566/1566/1420 1647/1647/1501
f 1566/1566/1420 1567/1567/1421 1647/1647/1501
f 1647/1647/1501 1567/1567/1421 1648/1648/1502
f 1567/1567/1421 1568/1568/1422 1648/1648/1502
f 1648/1648/1502 1568/1568/1422 1649/1649/1503
f 1568/1568/1422 1569/1569/1423 1649/1649/1503
f 1569/1569/1423 1570/1570/1424 1649/1649/1503
f 1649/1649/1503 1570/1570/1424 1650/1650/1504
f 1570/1570/1424 1571/1571/1425 1650/1650/1504
f 1650/1650/1504 1571/1571/1425 1651/1651/1505
f 1571/1571/1425 1572/1572/1426 1651/1651/1505
f 1651/1651/1505 1572/1572/1426 1652/1652/1506
f 1572/1572/1426 1573/1573/1427 1652/1652/1506
f 1652/1652/1506 1573/1573/1427 1653/1653/1507
f 1573/1573/1427 1574/1574/1428 1653/1653/1507
f 1653/1653/1507 1574/1574/1428 1654/1654/1508
f 1574/1574/1428 1575/1575/1429 1654/1654/1508
f 1654/1654/1508 1575/1575/1429 1655/1655/1509
f 1575/1575/1429 1576/1576/1430 1655/1655/1509
f 1655/1655/1509 1576/1576/1430 1656/1656/1510
f 1576/1576/1430 1577/1577/1431 1656/1656/1510
f 1656/1656/1510 1577/1577/1431 1657/1657/1511
f 1577/1577/1431 1578/1578/1432 1657/1657/1511
f 1657/1657/1511 1578/1578/1432 1658/1658/1512
f 1578/1578/1432 1579/1579/1433 1658/1658/1512
f 1658/1658/1512 1579/1579/1433 1659/1659/1513
f 1579/1579/1433 1580/1580/1434 1659/1659/1513
f 1659/1659/1513 1580/1580/1434 1660/1660/1514
f 1580/1580/1434 1581/1581/1435 1660/1660/1514
f 1660/1660/1514 1581/1581/1435 1661/1661/1515
f 1581/1581/1435 1582/1582/1436 1661/1661/1515
f 1661/1661/1515 1582/1582/1436 1662/1662/1516
f 1582/1582/1436 1583/1583/1437 1662/1662/1516
f 1583/1583/1437 1584/1584/1438 1662/1662/1516
f 1662/1662/1516 1584/1584/1438 1663/1663/1517
f 1584/1584/1438 1585/1585/1439 1663/1663/1517
f 1663/1663/1517 1585/1585/1439 1664/1664/1518
f 1585/1585/1439 1586/1586/1440 1664/1664/1518
f 1664/1664/1518 1586/1586/1440 1665/1665/1519
f 1586/1586/1440 1587/1587/1441 1665/1665/1519
f 1665/1665/1519 1587/1587/1441 1666/1666/1520
f 1587/1587/1441 1588/1588/1442 1666/1666/1520
f 1666/1666/1520 1588/1588/1442 1667/1667/1521
f 1588/1588/1442 1589/1589/1443 1667/1667/1521
f 1667/1667/1521 1589/1589/1443 1668/1668/1522
f 1589/1589/1443 1590/1590/1444 1668/1668/1522
f 1668/1668/1522 1590/1590/1444 1669/1669/1523
f 1590/1590/1444 1591/1591/1445 1669/1669/1523
f 1669/1669/1523 1591/1591/1445 1670/1670/1524
f 1591/1591/1445 1592/1592/1446 1670/1670/1524
f 1670/1670/1524 1592/1592/1446 1671/1671/1525
f 1592/1592/1446 1593/1593/1447 1671/1671/1525
f 1671/1671/1525 1593/1593/1447 1672/1672/1526
f 1593/1593/1447 1594/1594/1448 1672/1672/1526
f 1672/1672/1526 1594/1594/1448 1673/1673/1527
f 1594/1594/1448 1595/1595/1449 1673/1673/1527
f 1673/1673/1527 1595/1595/1449 1674/1674/1528
f 1595/1595/1449 1596/1596/1450 1674/1674/1528
f 1596/1596/1450 1597/1597/1451 1674/1674/1528
f 1674/1674/1528 1597/1597/1451 1675/1675/1529
f 1597/1597/1451 1598/1598/1452 1675/1675/1529
f 1675/1675/1529 1598/1598/1452 1676/1676/1530
f 1598/1598/1452 1599/1599/1453 1676/1676/1530
f 1676/1676/1530 1599/1599/1453 1677/1677/1531
f 1599/1599/1453 1600/1600/1454 1677/1677/1531
f 1677/1677/1531 1600/1600/1454 1678/1678/1532
f 1600/1600/1454 1601/1601/1455 1678/1678/1532
f 1678/1678/1532 1601/1601/1455 1679/1679/1533
f 1601/1601/1455 1602/1602/1456 1679/1679/1533
f 1679/1679/1533 1602/1602/1456 1680/1680/1534
f 1602/1602/1456 1603/1603/1457 1680/1680/1534
f 1680/1680/1534 1603/1603/1457 1681/1681/1535
f 1603/1603/1457 1604/1604/1458 1681/1681/1535
f 1681/1681/1535 1604/1604/1458 1682/1682/1536
f 1604/1604/1458 1605/1605/1459 1682/1682/1536
f 1682/1682/1536 1605/1605/1459 1683/1683/1537
f 1605/1605/1459 1606/1606/1460 1683/1683/1537
f 1683/1683/1537 1606/1606/1460 1684/1684/1538
f 1606/1606/1460 1607/1607/1461 1684/1684/1538
f 1684/1684/1538 1607/1607/1461 1685/1685/1539
f 1607/1607/1461 1608/1608/1462 1685/1685/1539
f 1685/1685/1539 1608/1608/1462 1686/1686/1540
f 1608/1608/1462 1609/1609/1463 1686/1686/1540
f 1686/1686/1540 1609/1609/1463 1687/1687/1541
f 1609/1609/1463 1610/1610/1464 1687/1687/1541
f 1610/1610/1464 1611/1611/1465 1687/1687/1541
f 1687/1687/1541 1611/1611/1465 1688/1688/1542
f 1611/1611/1465 1612/1612/1466 1688/1688/1542
f 1688/1688/1542 1612/1612/1466 1689/1689/1543
f 1612/1612/1466 1613/1613/1467 1689/1689/1543
f 1689/1689/1543 1613/1613/1467 1690/1690/1544
f 1613/1613/1467 1614/1614/1468 1690/1690/1544
f 1690/1690/1544 1614/1614/1468 1691/1691/1545
f 1614/1614/1468 1615/1615/1469 1691/1691/1545
f 1691/1691/1545 1615/1615/1469 1692/1692/1546
f 1615/1615/1469 1616/1616/1470 1692/1692/1546
f 1692/1692/1546 1616/1616/1470 1693/1693/1547
f 1616/1616/1470 1617/1617/1471 1693/1693/1547
f 1693/1693/1547 1617/1617/1471 1694/1694/1548
f 1617/1617/1471 1618/1618/1472 1694/1694/1548
f 1694/1694/1548 1618/1618/1472 1695/1695/1549
f 1618/1618/1472 1619/1619/1473 1695/1695/1549
f 1695/1695/1549 1619/1619/1473 1696/1696/1550
f 1619/1619/1473 1620/1620/1474 1696/1696/1550
f 1696/1696/1550 1620/1620/1474 1697/1697/1551
f 1620/1620/1474 1621/1621/1475 1697/1697/1551
f 1697/1697/1551 1621/1621/1475 1698/1698/1552
f 1621/1621/1475 1622/1622/1476 1698/1698/1552
f 1698/1698/1552 1622/1622/1476 1699/1699/1553
f 1622/1622/1476 1623/1623/1477 1699/1699/1553
f 1623/1623/1477 1624/1624/1478 1699/1699/1553
f 1699/1699/1553 1624/1624/1478 1700/1700/1554
f 1624/1624/1478 1625/1625/1479 1700/1700/1554
f 1700/1700/1554 1625/1625/1479 1701/1701/1555
f 1625/1625/1479 1626/1626/1480 1701/1701/1555
f 1701/1701/1555 1626/1626/1480 1702/1702/1556
f 1626/1626/1480 1627/1627/1481 1702/1702/1556
f 1702/1702/1556 1627/1627/1481 1703/1703/1557
f 1627/1627/1481 1628/1628/1482 1703/1703/1557
f 1703/1703/1557 1628/1628/1482 1704/1704/1558
f 1628/1628/1482 1629/1629/1483 1704/1704/1558
f 1704/1704/1558 1629/1629/1483 1705/1705/1559
f 1629/1629/1483 1630/1630/1484 1705/1705/1559
f 1705/1705/1559 1630/1630/1484 1706/1706/1560
f 1630/1630/1484 1631/1631/1485 1706/1706/1560
f 1706/1706/1560 1631/1631/1485 1707/1707/1561
f 1631/1631/1485 1632/1632/1486 1707/1707/1561
f 1707/1707/1561 1632/1632/1486 1708/1708/1562
f 1632/1632/1486 1633/1633/1487 1708/1708/1562
f 1708/1708/1562 1633/1633/1487 1709/1709/1563
f 1633/1633/1487 1634/1634/1488 1709/1709/1563
f 1709/1709/1563 1634/1634/1488 1710/1710/1564
f 1634/1634/1488 1635/1635/1489 1710/1710/1564
f 1710/1710/1564 1635/1635/1489 1711/1711/1565
f 1635/1635/1489 1636/1636/1490 1711/1711/1565
f 1636/1636/1490 1637/1637/1491 1711/1711/1565
f 1711/1711/1565 1637/1637/1491 1712/1712/1566
f 1637/1637/1491 1638/1638/1492 1712/1712/1566
f 1712/1712/1566 1638/1638/1492 1713/1713/1567
f 1638/1638/1492 1639/1639/1493 1713/1713/1567
f 1713/1713/1567 1639/1639/1493 1714/1714/1568
f 1639/1639/1493 1640/1640/1494 1714/1714/1568
f 1714/1714/1568 1640/1640/1494 1715/1715/1569
f 1640/1640/1494 1641/1641/1495 1715/1715/1569
f 1715/1715/1569 1641/1641/1495 1716/1716/1570
f 1641/1641/1495 1642/1642/1496 1716/1716/1570
f 1716/1716/1570 1642/1642/1496 1717/1717/1571
f 1642/1642/1496 1643/1643/1497 1717/1717/1571
f 1717/1717/1571 1643/1643/1497 1718/1718/1572
f 1643/1643/1497 1644/1644/1498 1718/1718/1572
f 1718/1718/1572 1644/1644/1498 1719/1719/1573
f 1644/1644/1498 1645/1645/1499 1719/1719/1573
f 1719/1719/1573 1645/1645/1499 1720/1720/1574
f 1645/1645/1499 1646/1646/1500 1720/1720/1574
f 1720/1720/1574 1646/1646/1500 1721/1721/1575
f 1646/1646/1500 1647/1647/1501 1721/1721/1575
f 1721/1721/1575 1647/1647/1501 1722/1722/1576
f 1647/1647/1501 1648/1648/1502 1722/1722/1576
f 1722/1722/1576 1648/1648/1502 1723/1723/1577
f 1648/1648/1502 1649/1649/1503 1723/1723/1577
f 1649/1649/1503 1650/1650/1504 1723/1723/1577
f 1723/1723/1577 1650/1650/1504 1724/1724/1578
f 1650/1650/1504 1651/1651/1505 1724/1724/1578
f 1724/1724/1578 1651/1651/1505 1725/1725/1579
f 1651/1651/1505 1652/1652/1506 1725/1725/1579
f 1725/1725/1579 1652/1652/1506 1726/1726/1580
f 1652/1652/1506 1653/1653/1507 1726/1726/1580
f 1726/1726/1580 1653/1653/1507 1727/1727/1581
f 1653/1653/1507 1654/1654/1508 1727/1727/1581
f 1727/1727/1581 1654/1654/1508 1728/1728/1582
f 1654/1654/1508 1655/1655/1509 1728/1728/1582
f 1728/1728/1582 1655/1655/1509 1729/1729/1583
f 1655/1655/1509 1656/1656/1510 1729/1729/1583
f 1729/1729/1583 1656/1656/1510 1730/1730/1584
f 1656/1656/1510 1657/1657/1511 1730/1730/1584
f 1730/1730/1584 1657/1657/1511 1731/1731/1585
f 1657/1657/1511 1658/1658/1512 1731/1731/1585
f 1731/1731/1585 1658/1658/1512 1732/1732/1586
f 1658/1658/1512 1659/1659/1513 1732/1732/1586
f 1732/1732/1586 1659/1659/1513 1733/1733/1587
f 1659/1659/1513 1660/1660/1514 1733/1733/1587
f 1733/1733/1587 1660/1660/1514 1734/1734/1588
f 1660/1660/1514 1661/1661/1515 1734/1734/1588
f 1734/1734/1588 1661/1661/1515 1735/1735/1589
f 1661/1661/1515 1662/1662/1516 1735/1735/1589
f 1662/1662/1516 1663/1663/1517 1735/1735/1589
f 1735/1735/1589 1663/1663/1517 1736/1736/1590
f 1663/1663/1517 1664/1664/1518 1736/1736/1590
f 1736/1736/1590 1664/1664/1518 1737/1737/1591
f 1664/1664/1518 1665/1665/1519 1737/1737/1591
f 1737/1737/1591 1665/1665/1519 1738/1738/1592
f 1665/1665/1519 1666/1666/1520 1738/1738/1592
f 1738/1738/1592 1666/1666/1520 1739/1739/1593
f 1666/1666/1520 1667/1667/1521 1739/1739/1593
f 1739/1739/1593 1667/1667/1521 1740/1740/1594
f 1667/1667/1521 1668/1668/1522 1740/1740/1594
f 1740/1740/1594 1668/1668/1522 1741/1741/1595
f 1668/1668/1522 1669/1669/1523 1741/1741/1595
f 1741/1741/1595 1669/1669/1523 1742/1742/1596
f 1669/1669/1523 1670/1670/1524 1742/1742/1596
f 1742/1742/1596 1670/1670/1524 1743/1743/1597
f 1670/1670/1524 1671/1671/1525 1743/1743/1597
f 1743/1743/1597 1671/1671/1525 1744/1744/1598
f 1671/1671/1525 1672/1672/1526 1744/1744/1598
f 1744/1744/1598 1672/1672/1526 1745/1745/1599
f 1672/1672/1526 1673/1673/1527 1745/1745/1599
f 1745/1745/1599 1673/1673/1527 1746/1746/1600
f 1673/1673/1527 1674/1674/1528 1746/1746/1600
f 1674/1674/1528 1675/1675/1529 1746/1746/1600
f 1746/1746/1600 1675/1675/1529 1747/1747/1601
f 1675/1675/1529 1676/1676/1530 1747/1747/1601
f 1747/1747/1601 1676/1676/1530 1748/1748/1602
f 1676/1676/1530 1677/1677/1531 1748/1748/1602
f 1748/1748/1602 1677/1677/1531 1749/1749/1603
f 1677/1677/1531 1678/1678/1532 1749/1749/1603
f 1749/1749/1603 1678/1678/1532 1750/1750/1604
f 1678/1678/1532 1679/1679/1533 1750/1750/1604
f 1750/1750/1604 1679/1679/1533 1751/1751/1605
f 1679/1679/1533 1680/1680/1534 1751/1751/1605
f 1751/1751/1605 1680/1680/1534 1752/1752/1606
f 1680/1680/1534 1681/1681/1535 1752/1752/1606
f 1752/1752/1606 1681/1681/1535 1753/1753/1607
f 1681/1681/1535 1682/1682/1536 1753/1753/1607
f 1753/1753/1607 1682/1682/1536 1754/1754/1608
f 1682/1682/1536 1683/1683/1537 1754/1754/1608
f 1754/1754/1608 1683/1683/1537 1755/1755/1609
f 1683/1683/1537 1684/1684/1538 1755/1755/1609
f 1755/1755/1609 1684/1684/1538 1756/1756/1610
f 1684/1684/1538 1685/1685/1539 1756/1756/1610
f 1756/1756/1610 1685/1685/1539 1757/1757/1611
f 1685/1685/1539 1686/1686/1540 1757/1757/1611
f 1757/1757/1611 1686/1686/1540 1758/1758/1612
f 1686/1686/1540 1687/1687/1541 1758/1758/1612
f 1687/1687/1541 1688/1688/1542 1758/1758/1612
f 1758/1758/1612 1688/1688/1542 1759/1759/1613
f 1688/1688/1542 1689/1689/1543 1759/1759/1613
f 1759/1759/1613 1689/1689/1543 1760/1760/1614
f 1689/1689/1543 1690/1690/1544 1760/1760/1614
f 1760/1760/1614 1690/1690/1544 1761/1761/1615
f 1690/1690/1544 1691/1691/1545 1761/1761/1615
f 1761/1761/1615 1691/1691/1545 1762/1762/1616
f 1691/1691/1545 1692/1692/1546 1762/1762/1616
f 1762/1762/1616 1692/1692/1546 1763/1763/1617
f 1692/1692/1546 1693/1693/1547 1763/1763/1617
f 1763/1763/1617 1693/1693/1547 1764/1764/1618
f 1693/1693/1547 1694/1694/1548 1764/1764/1618
f 1764/1764/1618 1694/1694/1548 1765/1765/1619
f 1694/1694/1548 1695/1695/1549 1765/1765/1619
f 1765/1765/1619 1695/1695/1549 1766/1766/1620
f 1695/1695/1549 1696/1696/1550 1766/1766/1620
f 1766/1766/1620 1696/1696/1550 1767/1767/1621
f 1696/1696/1550 1697/1697/1551 1767/1767/1621
f 1767/1767/1621 1697/1697/1551 1768/1768/1622
f 1697/1697/1551 1698/1698/1552 1768/1768/1622
f 1768/1768/1622 1698/1698/1552 1769/1769/1623
f 1698/1698/1552 1699/1699/1553 1769/1769/1623
f 1699/1699/1553 1700/1700/1554 1769/1769/1623
f 1769/1769/1623 1700/1700/1554 1770/1770/1624
f 1700/1700/1554 1701/1701/1555 1770/1770/1624
f 1770/1770/1624 1701/1701/1555 1771/1771/1625
f 1701/1701/1555 1702/1702/1556 1771/1771/1625
f 1771/1771/1625 1702/1702/1556 1772/1772/1626
f 1702/1702/1556 1703/1703/1557 1772/1772/1626
f 1772/1772/1626 1703/1703/1557 1773/1773/1627
f 1703/1703/1557 1704/1704/1558 1773/1773/1627
f 1773/1773/1627 1704/1704/1558 1774/1774/1628
f 1704/1704/1558 1705/1705/1559 1774/1774/1628
f 1774/1774/1628 1705/1705/1559 1775/1775/1629
f 1705/1705/1559 1706/1706/1560 1775/1775/1629
f 1775/1775/1629 1706/1706/1560 1776/1776/1630
f 1706/1706/1560 1707/1707/1561 1776/1776/1630
f 1776/1776/1630 1707/1707/1561 1777/1777/1631
f 1707/1707/1561 1708/1708/1562 1777/1777/1631
f 1777/1777/1631 1708/1708/1562 1778/1778/1632
f 1708/1708/1562 1709/1709/1563 1778/1778/1632
f 1778/1778/1632 1709/1709/1563 1779/1779/1633
f 1709/1709/1563 1710/1710/1564 1779/1779/1633
f 1779/1779/1633 1710/1710/1564 1780/1780/1634
f 1710/1710/1564 1711/1711/1565 1780/1780/1634
f 1711/1711/1565 1712/1712/1566 1780/1780/1634
f 1780/1780/1634 1712/1712/1566 1781/1781/1635
f 1712/1712/1566 1713/1713/1567 1781/1781/1635
f 1781/1781/1635 1713/1713/1567 1782/1782/1636
f 1713/1713/1567 1714/1714/1568 1782/1782/1636
f 1782/1782/1636 1714/1714/1568 1783/1783/1637
f 1714/1714/1568 1715/1715/1569 1783/1783/1637
f 1783/1783/1637 1715/1715/1569 1784/1784/1638
f 1715/1715/1569 1716/1716/1570 1784/1784/1638
f 1784/1784/1638 1716/1716/1570 1785/1785/1639
f 1716/1716/1570 1717/1717/1571 1785/1785/1639
f 1785/1785/1639 1717/1717/1571 1786/1786/1640
f 1717/1717/1571 1718/1718/1572 1786/1786/1640
f 1786/1786/1640 1718/1718/1572 1787/1787/1641
f 1718/1718/1572 1719/1719/1573 1787/1787/1641
f 1787/1787/1641 1719/1719/1573 1788/1788/1642
f 1719/1719/1573 1720/1720/1574 1788/1788/1642
f 1788/1788/1642 1720/1720/1574 1789/1789/1643
f 1720/1720/1574 1721/1721/1575 1789/1789/1643
f 1789/1789/1643 1721/1721/1575 1790/1790/1644
f 1721/1721/1575 1722/1722/1576 1790/1790/1644
f 1790/1790/1644 1722/1722/1576 1791/1791/1645
f 1722/1722/1576 1723/1723/1577 1791/1791/1645
f 1723/1723/1577 1724/1724/1578 1791/1791/1645
f 1791/1791/1645 1724/1724/1578 1792/1792/1646
f 1724/1724/1578 1725/1725/1579 1792/1792/1646
f 1792/1792/1646 1725/1725/1579 1793/1793/1647
f 1725/1725/1579 1726/1726/1580 1793/1793/1647
f 1793/1793/1647 1726/1726/1580 1794/1794/1648
f 1726/1726/1580 1727/1727/1581 1794/1794/1648
f 1794/1794/1648 1727/1727/1581 1795/1795/1649
f 1727/1727/1581 1728/1728/1582 1795/1795/1649
f 1795/1795/1649 1728/1728/1582 1796/1796/1650
f 1728/1728/1582 1729/1729/1583 1796/1796/1650
f 1796/1796/1650 1729/1729/1583 1797/1797/1651
f 1729/1729/1583 1730/1730/1584 1797/1797/1651
f 1797/1797/1651 1730/1730/1584 1798/1798/1652
f 1730/1730/1584 1731/1731/1585 1798/1798/1652
f 1798/1798/1652 1731/1731/1585 1799/1799/1653
f 1731/1731/1585 1732/1732/1586 1799/1799/1653
f 1799/1799/1653 1732/1732/1586 1800/1800/1654
f 1732/1732/1586 1733/1733/1587 1800/1800/1654
f 1800/1800/1654 1733/1733/1587 1801/1801/1655
f 1733/1733/1587 1734/1734/1588 1801/1801/1655
f 1801/1801/1655 1734/1734/1588 1802/1802/1656
f 1734/1734/1588 1735/1735/1589 1802/1802/1656
f 1735/1735/1589 1736/1736/1590 1802/1802/1656
f 1802/1802/1656 1736/1736/1590 1803/1803/1657
f 1736/1736/1590 1737/1737/1591 1803/1803/1657
f 1803/1803/1657 1737/1737/1591 1804/1804/1658
f 1737/1737/1591 1738/1738/1592 1804/1804/1658
f 1804/1804/1658 1738/1738/1592 1805/1805/1659
f 1738/1738/1592 1739/1739/1593 1805/1805/1659
f 1805/1805/1659 1739/1739/1593 1806/1806/1660
f 1739/1739/1593 1740/1740/1594 1806/1806/1660
f 1806/1806/1660 1740/1740/1594 1807/1807/1661
f 1740/1740/1594 1741/1741/1595 1807/1807/1661
f 1807/1807/1661 1741/1741/1595 1808/1808/1662
f 1741/1741/1595 1742/1742/1596 1808/1808/1662
f 1808/1808/1662 1742/1742/1596 1809/1809/1663
f 1742/1742/1596 1743/1743/1597 1809/1809/1663
f 1809/1809/1663 1743/1743/1597 1810/1810/1664
f 1743/1743/1597 1744/1744/1598 1810/1810/1664
f 1810/1810/1664 1744/1744/1598 1811/1811/1665
f 1744/1744/1598 1745/1745/1599 1811/1811/1665
f 1811/1811/1665 1745/1745/1599 1812/1812/1666
f 1745/1745/1599 1746/1746/1600 1812/1812/1666
f 1746/1746/1600 1747/1747/1601 1812/1812/1666
f 1812/1812/1666 1747/1747/1601 1813/1813/1667
f 1747/1747/1601 1748/1748/1602 1813/1813/1667
f 1813/1813/1667 1748/1748/1602 1814/1814/1668
f 1748/1748/1602 1749/1749/1603 1814/1814/1668
f 1814/1814/1668 1749/1749/1603 1815/1815/1669
f 1749/1749/1603 1750/1750/1604 1815/1815/1669
f 1815/1815/1669 1750/1750/1604 1816/1816/1670
f 1750/1750/1604 1751/1751/1605 1816/1816/1670
f 1816/1816/1670 1751/1751/1605 1817/1817/1671
f 1751/1751/1605 1752/1752/1606 1817/1817/1671
f 1817/1817/1671 1752/1752/1606 1818/1818/1672
f 1752/1752/1606 1753/1753/1607 1818/1818/1672
f 1818/1818/1672 1753/1753/1607 1819/1819/1673
f 1753/1753/1607 1754/1754/1608 1819/1819/1673
f 1819/1819/1673 1754/1754/1608 1820/1820/1674
f 1754/1754/1608 1755/1755/1609 1820/1820/1674
f 1820/1820/1674 1755/1755/1609 1821/1821/1675
f 1755/1755/1609 1756/1756/1610 1821/1821/1675
f 1821/1821/1675 1756/1756/1610 1822/1822/1676
f 1756/1756/1610 1757/1757/1611 1822/1822/1676
f 1822/1822/1676 1757/1757/1611 1823/1823/1677
f 1757/1757/1611 1758/1758/1612 1823/1823/1677
f 1758/1758/1612 1759/1759/1613 1823/1823/1677
f 1823/1823/1677 1759/1759/1613 1824/1824/1678
f 1759/1759/1613 1760/1760/1614 1824/1824/1678
f 1824/1824/1678 1760/1760/1614 1825/1825/1679
f 1760/1760/1614 1761/1761/1615 1825/1825/1679
f 1825/1825/1679 1761/1761/1615 1826/1826/1680
f 1761/1761/1615 1762/1762/1616 1826/1826/1680
f 1826/1826/1680 1762/1762/1616 1827/1827/1681
f 1762/1762/1616 1763/1763/1617 1827/1827/1681
f 1827/1827/1681 1763/1763/1617 1828/1828/1682
f 1763/1763/1617 1764/1764/1618 1828/1828/1682
f 1828/1828/1682 1764/1764/1618 1829/1829/1683
f 1764/1764/1618 1765/1765/1619 1829/1829/1683
f 1829/1829/1683 1765/1765/1619 1830/1830/1684
f 1765/1765/1619 1766/1766/1620 1830/1830/1684
f 1830/1830/1684 1766/1766/1620 1831/1831/1685
f 1766/1766/1620 1767/1767/1621 1831/1831/1685
f 1831/1831/1685 1767/1767/1621 1832/1832/1686
f 1767/1767/1621 1768/1768/1622 1832/1832/1686
f 1832/1832/1686 1768/1768/1622 1833/1833/1687
f 1768/1768/1622 1769/1769/1623 1833/1833/1687
f 1769/1769/1623 1770/1770/1624 1833/1833/1687
f 1833/1833/1687 1770/1770/1624 1834/1834/1688
f 1770/1770/1624 1771/1771/1625 1834/1834/1688
f 1834/1834/1688 1771/1771/1625 1835/1835/1689
f 1771/1771/1625 1772/1772/1626 1835/1835/1689
f 1835/1835/1689 1772/1772/1626 1836/1836/1690
f 1772/1772/1626 1773/1773/1627 1836/1836/1690
f 1836/1836/1690 1773/1773/1627 1837/1837/1691
f 1773/1773/1627 1774/1774/1628 1837/1837/1691
f 1837/1837/1691 1774/1774/1628 1838/1838/1692
f 1774/1774/1628 1775/1775/1629 1838/1838/1692
f 1838/1838/1692 1775/1775/1629 1839/1839/1693
f 1775/1775/1629 1776/1776/1630 1839/1839/1693
f 1839/1839/1693 1776/1776/1630 1840/1840/1694
f 1776/1776/1630 1777/1777/1631 1840/1840/1694
f 1840/1840/1694 1777/1777/1631 1841/1841/1695
f 1777/1777/1631 1778/1778/1632 1841/1841/1695
f 1841/1841/1695 1778/1778/1632 1842/1842/1696
f 1778/1778/1632 1779/1779/1633 1842/1842/1696
f 1842/1842/1696 1779/1779/1633 1843/1843/1697
f 1779/1779/1633 1780/1780/1634 1843/1843/1697
f 1780/1780/1634 1781/1781/1635 1843/1843/1697
f 1843/1843/1697 1781/1781/1635 1844/1844/1698
f 1781/1781/1635 1782/1782/1636 1844/1844/1698
f 1844/1844/1698 1782/1782/1636 1845/1845/1699
f 1782/1782/1636 1783/1783/1637 1845/1845/1699
f 1845/1845/1699 1783/1783/1637 1846/1846/1700
f 1783/1783/1637 1784/1784/1638 1846/1846/1700
f 1846/1846/1700 1784/1784/1638 1847/1847/1701
f 1784/1784/1638 1785/1785/1639 1847/1847/1701
f 1847/1847/1701 1785/1785/1639 1848/1848/1702
f 1785/1785/1639 1786/1786/1640 1848/1848/1702
f 1848/1848/1702 1786/1786/1640 1849/1849/1703
f 1786/1786/1640 1787/1787/1641 1849/1849/1703
f 1849/1849/1703 1787/1787/1641 1850/1850/1704
f 1787/1787/1641 1788/1788/1642 1850/1850/1704
f 1850/1850/1704 1788/1788/1642 1851/1851/1705
f 1788/1788/1642 1789/1789/1643 1851/1851/1705
f 1851/1851/1705 1789/1789/1643 1852/1852/1706
f 1789/1789/1643 1790/1790/1644 1852/1852/1706
f 1852/1852/1706 1790/1790/1644 1853/1853/1707
f 1790/1790/1644 1791/1791/1645 1853/1853/1707
f 1791/1791/1645 1792/1792/1646 1853/1853/1707
f 1853/1853/1707 1792/1792/1646 1854/1854/1708
f 1792/1792/1646 1793/1793/1647 1854/1854/1708
f 1854/1854/1708 1793/1793/1647 1855/1855/1709
f 1793/1793/1647 1794/1794/1648 1855/1855/1709
f 1855/1855/1709 1794/1794/1648 1856/1856/1710
f 1794/1794/1648 1795/1795/1649 1856/1856/1710
f 1856/1856/1710 1795/1795/1649 1857/1857/1711
f 1795/1795/1649 1796/1796/1650 1857/1857/1711
f 1857/1857/1711 1796/1796/1650 1858/1858/1712
f 1796/1796/1650 1797/1797/1651 1858/1858/1712
f 1858/1858/1712 1797/1797/1651 1859/1859/1713
f 1797/1797/1651 1798/1798/1652 1859/1859/1713
f 1859/1859/1713 1798/1798/1652 1860/1860/1714
f 1798/1798/1652 1799/1799/1653 1860/1860/1714
f 1860/1860/1714 1799/1799/1653 1861/1861/1715
f 1799/1799/1653 1800/1800/1654 1861/1861/1715
f 1861/1861/1715 1800/1800/1654 1862/1862/1716
f 1800/1800/1654 1801/1801/1655 1862/1862/1716
f 1862/1862/1716 1801/1801/1655 1863/1863/1717
f 1801/1801/1655 1802/1802/1656 1863/1863/1717
f 1802/1802/1656 1803/1803/1657 1863/1863/1717
f 1863/1863/1717 1803/1803/1657 1864/1864/1718
f 1803/1803/1657 1804/1804/1658 1864/1864/1718
f 1864/1864/1718 1804/1804/1658 1865/1865/1719
f 1804/1804/1658 1805/1805/1659 1865/1865/1719
f 1865/1865/1719 1805/1805/1659 1866/1866/1720
f 1805/1805/1659 1806/1806/1660 1866/1866/1720
f 1866/1866/1720 1806/1806/1660 1867/1867/1721
f 1806/1806/1660 1807/1807/1661 1867/1867/1721
f 1867/1867/1721 1807/1807/1661 1868/1868/1722
f 1807/1807/1661 1808/1808/1662 1868/1868/1722
f 1868/1868/1722 1808/1808/1662 1869/1869/1723
f 1808/1808/1662 1809/1809/1663 1869/1869/1723
f 1869/1869/1723 1809/1809/1663 1870/1870/1724
f 1809/1809/1663 1810/1810/1664 1870/1870/1724
f 1870/1870/1724 1810/1810/1664 1871/1871/1725
f 1810/1810/1664 1811/1811/1665 1871/1871/1725
f 1871/1871/1725 1811/1811/1665 1872/1872/1726
f 1811/1811/1665 1812/1812/1666 1872/1872/1726
f 1812/1812/1666 1813/1813/1667 1872/1872/1726
f 1872/1872/1726 1813/1813/1667 1873/1873/1727
f 1813/1813/1667 1814/1814/1668 1873/1873/1727
f 1873/1873/1727 1814/1814/1668 1874/1874/1728
f 1814/1814/1668 1815/1815/1669 1874/1874/1728
f 1874/1874/1728 1815/1815/1669 1875/1875/1729
f 1815/1815/1669 1816/1816/1670 1875/1875/1729
f 1875/1875/1729 1816/1816/1670 1876/1876/1730
f 1816/1816/1670 1817/1817/1671 1876/1876/1730
f 1876/1876/1730 1817/1817/1671 1877/1877/1731
f 1817/1817/1671 1818/1818/1672 1877/1877/1731
f 1877/1877/1731 1818/1818/1672 1878/1878/1732
f 1818/1818/1672 1819/1819/1673 1878/1878/1732
f 1878/1878/1732 1819/1819/1673 1879/1879/1733
f 1819/1819/1673 1820/1820/1674 1879/1879/1733
f 1879/1879/1733 1820/1820/1674 1880/1880/1734
f 1820/1820/1674 1821/1821/1675 1880/1880/1734
f 1880/1880/1734 1821/1821/1675 1881/1881/1735
f 1821/1821/1675 1822/1822/1676 1881/1881/1735
f 1881/1881/1735 1822/1822/1676 1882/1882/1736
f 1822/1822/1676 1823/1823/1677 1882/1882/1736
f 1823/1823/1677 1824/1824/1678 1882/1882/1736
f 1882/1882/1736 1824/1824/1678 1883/1883/1737
f 1824/1824/1678 1825/1825/1679 1883/1883/1737
f 1883/1883/1737 1825/1825/1679 1884/1884/1738
f 1825/1825/1679 1826/1826/1680 1884/1884/1738
f 1884/1884/1738 1826/1826/1680 1885/1885/1739
f 1826/1826/1680 1827/1827/1681 1885/1885/1739
f 1885/1885/1739 1827/1827/1681 1886/1886/1740
f 1827/1827/1681 1828/1828/1682 1886/1886/1740
f 1886/1886/1740 1828/1828/1682 1887/1887/1741
f 1828/1828/1682 1829/1829/1683 1887/1887/1741
f 1887/1887/1741 1829/1829/1683 1888/1888/1742
f 1829/1829/1683 1830/1830/1684 1888/1888/1742
f 1888/1888/1742 1830/1830/1684 1889/1889/1743
f 1830/1830/1684 1831/1831/1685 1889/1889/1743
f 1889/1889/1743 1831/1831/1685 1890/1890/1744
f 1831/1831/1685 1832/1832/1686 1890/1890/1744
f 1890/1890/1744 1832/1832/1686 1891/1891/1745
f 1832/1832/1686 1833/1833/1687 1891/1891/1745
f 1833/1833/1687 1834/1834/1688 1891/1891/1745
f 1891/1891/1745 1834/1834/1688 1892/1892/1746
f 1834/1834/1688 1835/1835/1689 1892/1892/1746
f 1892/1892/1746 1835/1835/1689 1893/1893/1747
f 1835/1835/1689 1836/1836/1690 1893/1893/1747
f 1893/1893/1747 1836/1836/1690 1894/1894/1748
f 1836/1836/1690 1837/1837/1691 1894/1894/1748
f 1894/1894/1748 1837/1837/1691 1895/1895/1749
f 1837/1837/1691 1838/1838/1692 1895/1895/1749
f 1895/1895/1749 1838/1838/1692 1896/1896/1750
f 1838/1838/1692 1839/1839/1693 1896/1896/1750
f 1896/1896/1750 1839/1839/1693 1897/1897/1751
f 1839/1839/1693 1840/1840/1694 1897/1897/1751
f 1897/1897/1751 1840/1840/1694 1898/1898/1752
f 1840/1840/1694 1841/1841/1695 1898/1898/1752
f 1898/1898/1752 1841/1841/1695 1899/1899/1753
f 1841/1841/1695 1842/1842/1696 1899/1899/1753
f 1899/1899/1753 1842/1842/1696 1900/1900/1754
f 1842/1842/1696 1843/1843/1697 1900/1900/1754
f 1843/1843/1697 1844/1844/1698 1900/1900/1754
f 1900/1900/1754 1844/1844/1698 1901/1901/1755
f 1844/1844/1698 1845/1845/1699 1901/1901/1755
f 1901/1901/1755 1845/1845/1699 1902/1902/1756
f 1845/1845/1699 1846/1846/1700 1902/1902/1756
f 1902/1902/1756 1846/1846/1700 1903/1903/1757
f 1846/1846/1700 1847/1847/1701 1903/1903/1757
f 1903/1903/1757 1847/1847/1701 1904/1904/1758
f 1847/1847/1701 1848/1848/1702 1904/1904/1758
f 1904/1904/1758 1848/1848/1702 1905/1905/1759
f 1848/1848/1702 1849/1849/1703 1905/1905/1759
f 1905/1905/1759 1849/1849/1703 1906/1906/1760
f 1849/1849/1703 1850/1850/1704 1906/1906/1760
f 1906/1906/1760 1850/1850/1704 1907/1907/1761
f 1850/1850/1704 1851/1851/1705 1907/1907/1761
f 1907/1907/1761 1851/1851/1705 1908/1908/1762
f 1851/1851/1705 1852/1852/1706 1908/1908/1762
f 1908/1908/1762 1852/1852/1706 1909/1909/1763
f 1852/1852/1706 1853/1853/1707 1909/1909/1763
f 1853/1853/1707 1854/1854/1708 1909/1909/1763
f 1909/1909/1763 1854/1854/1708 1910/1910/1764
f 1854/1854/1708 1855/1855/1709 1910/1910/1764
f 1910/1910/1764 1855/1855/1709 1911/1911/1765
f 1855/1855/1709 1856/1856/1710 1911/1911/1765
f 1911/1911/1765 1856/1856/1710 1912/1912/1766
f 1856/1856/1710 1857/1857/1711 1912/1912/1766
f 1912/1912/1766 1857/1857/1711 1913/1913/1767
f 1857/1857/1711 1858/1858/1712 1913/1913/1767
f 1913/1913/1767 1858/1858/1712 1914/1914/1768
f 1858/1858/1712 1859/1859/1713 1914/1914/1768
f 1914/1914/1768 1859/1859/1713 1915/1915/1769
f 1859/1859/1713 1860/1860/1714 1915/1915/1769
f 1915/1915/1769 1860/1860/1714 1916/1916/1770
f 1860/1860/1714 1861/1861/1715 1916/1916/1770
f 1916/1916/1770 1861/1861/1715 1917/1917/1771
f 1861/1861/1715 1862/1862/1716 1917/1917/1771
f 1917/1917/1771 1862/1862/1716 1918/1918/1772
f 1862/1862/1716 1863/1863/1717 1918/1918/1772
f 1863/1863/1717 1864/1864/1718 1918/1918/1772
f 1918/1918/1772 1864/1864/1718 1919/1919/1773
f 1864/1864/1718 1865/1865/1719 1919/1919/1773
f 1919/1919/1773 1865/1865/1719 1920/1920/1774
f 1865/1865/1719 1866/1866/1720 1920/1920/1774
f 1920/1920/1774 1866/1866/1720 1921/1921/1775
f 1866/1866/1720 1867/1867/1721 1921/1921/1775
f 1921/1921/1775 1867/1867/1721 1922/1922/1776
f 1867/1867/1721 1868/1868/1722 1922/1922/1776
f 1922/1922/1776 1868/1868/1722 1923/1923/1777
f 1868/1868/1722 1869/1869/1723 1923/1923/1777
f 1923/1923/1777 1869/1869/1723 1924/1924/1778
f 1869/1869/1723 1870/1870/1724 1924/1924/1778
f 1924/1924/1778 1870/1870/1724 1925/1925/1779
f 1870/1870/1724 1871/1871/1725 1925/1925/1779
f 1925/1925/1779 1871/1871/1725 1926/1926/1780
f 1871/1871/1725 1872/1872/1726 1926/1926/1780
f 1872/1872/1726 1873/1873/1727 1926/1926/1780
f 1926/1926/1780 1873/1873/1727 1927/1927/1781
f 1873/1873/1727 1874/1874/1728 1927/1927/1781
f 1927/1927/1781 1874/1874/1728 1928/1928/1782
f 1874/1874/1728 1875/1875/1729 1928/1928/1782
f 1928/1928/1782 1875/1875/1729 1929/1929/1783
f 1875/1875/1729 1876/1876/1730 1929/1929/1783
f 1929/1929/1783 1876/1876/1730 1930/1930/1784
f 1876/1876/1730 1877/1877/1731 1930/1930/1784
f 1930/1930/1784 1877/1877/1731 1931/1931/1785
f 1877/1877/1731 1878/1878/1732 1931/1931/1785
f 1931/1931/1785 1878/1878/1732 1932/1932/1786
f 1878/1878/1732 1879/1879/1733 1932/1932/1786
f 1932/1932/1786 1879/1879/1733 1933/1933/1787
f 1879/1879/1733 1880/1880/1734 1933/1933/1787
f 1933/1933/1787 1880/1880/1734 1934/1934/1788
f 1880/1880/1734 1881/1881/1735 1934/1934/1788
f 1934/1934/1788 1881/1881/1735 1935/1935/1789
f 1881/1881/1735 1882/1882/1736 1935/1935/1789
f 1882/1882/1736 1883/1883/1737 1935/1935/1789
f 1935/1935/1789 1883/1883/1737 1936/1936/1790
f 1883/1883/1737 1884/1884/1738 1936/1936/1790
f 1936/1936/1790 1884/1884/1738 1937/1937/1791
f 1884/1884/1738 1885/1885/1739 1937/1937/1791
f 1937/1937/1791 1885/1885/1739 1938/1938/1792
f 1885/1885/1739 1886/1886/1740 1938/1938/1792
f 1938/1938/1792 1886/1886/1740 1939/1939/1793
f 1886/1886/1740 1887/1887/1741 1939/1939/1793
f 1939/1939/1793 1887/1887/1741 1940/1940/1794
f 1887/1887/1741 1888/1888/1742 1940/1940/1794
f 1940/1940/1794 1888/1888/1742 1941/1941/1795
f 1888/1888/1742 1889/1889/1743 1941/1941/1795
f 1941/1941/1795 1889/1889/1743 1942/1942/1796
f 1889/1889/1743 1890/1890/1744 1942/1942/1796
f 1942/1942/1796 1890/1890/1744 1943/1943/1797
f 1890/1890/1744 1891/1891/1745 1943/1943/1797
f 1891/1891/1745 1892/1892/1746 1943/1943/1797
f 1943/1943/1797 1892/1892/1746 1944/1944/1798
f 1892/1892/1746 1893/1893/1747 1944/1944/1798
f 1944/1944/1798 1893/1893/1747 1945/1945/1799
f 1893/1893/1747 1894/1894/1748 1945/1945/1799
f 1945/1945/1799 1894/1894/1748 1946/1946/1800
f 1894/1894/1748 1895/1895/1749 1946/1946/1800
f 1946/1946/1800 1895/1895/1749 1947/1947/1801
f 1895/1895/1749 1896/1896/1750 1947/1947/1801
f 1947/1947/1801 1896/1896/1750 1948/1948/1802
f 1896/1896/1750 1897/1897/1751 1948/1948/1802
f 1948/1948/1802 1897/1897/1751 1949/1949/1803
f 1897/1897/1751 1898/1898/1752 1949/1949/1803
f 1949/1949/1803 1898/1898/1752 1950/1950/1804
f 1898/1898/1752 1899/1899/1753 1950/1950/1804
f 1950/1950/1804 1899/1899/1753 1951/1951/1805
f 1899/1899/1753 1900/1900/1754 1951/1951/1805
f 1900/1900/1754 1901/1901/1755 1951/1951/1805
f 1951/1951/1805 1901/1901/1755 1952/1952/1806
f 1901/1901/1755 1902/1902/1756 1952/1952/1806
f 1952/1952/1806 1902/1902/1756 1953/1953/1807
f 1902/1902/1756 1903/1903/1757 1953/1953/1807
f 1953/1953/1807 1903/1903/1757 1954/1954/1808
f 1903/1903/1757 1904/1904/1758 1954/1954/1808
f 1954/1954/1808 1904/1904/1758 1955/1955/1809
f 1904/1904/1758 1905/1905/1759 1955/1955/1809
f 1955/1955/1809 1905/1905/1759 1956/1956/1810
f 1905/1905/1759 1906/1906/1760 1956/1956/1810
f 1956/1956/1810 1906/1906/1760 1957/1957/1811
f 1906/1906/1760 1907/1907/1761 1957/1957/1811
f 1957/1957/1811 1907/1907/1761 1958/1958/1812
f 1907/1907/1761 1908/1908/1762 1958/1958/1812
f 1958/1958/1812 1908/1908/1762 1959/1959/1813
f 1908/1908/1762 1909/1909/1763 1959/1959/1813
f 1909/1909/1763 1910/1910/1764 1959/1959/1813
f 1959/1959/1813 1910/1910/1764 1960/1960/1814
f 1910/1910/1764 1911/1911/1765 1960/1960/1814
f 1960/1960/1814 1911/1911/1765 1961/1961/1815
f 1911/1911/1765 1912/1912/1766 1961/1961/1815
f 1961/1961/1815 1912/1912/1766 1962/1962/1816
f 1912/1912/1766 1913/1913/1767 1962/1962/1816
f 1962/1962/1816 1913/1913/1767 1963/1963/1817
f 1913/1913/1767 1914/1914/1768 1963/1963/1817
f 1963/1963/1817 1914/1914/1768 1964/1964/1818
f 1914/1914/1768 1915/1915/1769 1964/1964/1818
f 1964/1964/1818 1915/1915/1769 1965/1965/1819
f 1915/1915/1769 1916/1916/1770 1965/1965/1819
f 1965/1965/1819 1916/1916/1770 1966/1966/1820
f 1916/1916/1770 1917/1917/1771 1966/1966/1820
f 1966/1966/1820 1917/1917/1771 1967/1967/1821
f 1917/1917/1771 1918/1918/1772 1967/1967/1821
f 1918/1918/1772 1919/1919/1773 1967/1967/1821
f 1967/1967/1821 1919/1919/1773 1968/1968/1822
f 1919/1919/1773 1920/1920/1774 1968/1968/1822
f 1968/1968/1822 1920/1920/1774 1969/1969/1823
f 1920/1920/1774 1921/1921/1775 1969/1969/1823
f 1969/1969/1823 1921/1921/1775 1970/1970/1824
f 1921/1921/1775 1922/1922/1776 1970/1970/1824
f 1970/1970/1824 1922/1922/1776 1971/1971/1825
f 1922/1922/1776 1923/1923/1777 1971/1971/1825
f 1971/1971/1825 1923/1923/1777 1972/1972/1826
f 1923/1923/1777 1924/1924/1778 1972/1972/1826
f 1972/1972/1826 1924/1924/1778 1973/1973/1827
f 1924/1924/1778 1925/1925/1779 1973/1973/1827
f 1973/1973/1827 1925/1925/1779 1974/1974/1828
f 1925/1925/1779 1926/1926/1780 1974/1974/1828
f 1926/1926/1780 1927/1927/1781 1974/1974/1828
f 1974/1974/1828 1927/1927/1781 1975/1975/1829
f 1927/1927/1781 1928/1928/1782 1975/1975/1829
f 1975/1975/1829 1928/1928/1782 1976/1976/1830
f 1928/1928/1782 1929/1929/1783 1976/1976/1830
f 1976/1976/1830 1929/1929/1783 1977/1977/1831
f 1929/1929/1783 1930/1930/1784 1977/1977/1831
f 1977/1977/1831 1930/1930/1784 1978/1978/1832
f 1930/1930/1784 1931/1931/1785 1978/1978/1832
f 1978/1978/1832 1931/1931/1785 1979/1979/1833
f 1931/1931/1785 1932/1932/1786 1979/1979/1833
f 1979/1979/1833 1932/1932/1786 1980/1980/1834
f 1932/1932/1786 1933/1933/1787 1980/1980/1834
f 1980/1980/1834 1933/1933/1787 1981/1981/1835
f 1933/1933/1787 1934/1934/1788 1981/1981/1835
f 1981/1981/1835 1934/1934/1788 1982/1982/1836
f 1934/1934/1788 1935/1935/1789 1982/1982/1836
f 1935/1935/1789 1936/1936/1790 1982/1982/1836
f 1982/1982/1836 1936/1936/1790 1983/1983/1837
f 1936/1936/1790 1937/1937/1791 1983/1983/1837
f 1983/1983/1837 1937/1937/1791 1984/1984/1838
f 1937/1937/1791 1938/1938/1792 1984/1984/1838
f 1984/1984/1838 1938/1938/1792 1985/1985/1839
f 1938/1938/1792 1939/1939/1793 1985/1985/1839
f 1985/1985/1839 1939/1939/1793 1986/1986/1840
f 1939/1939/1793 1940/1940/1794 1986/1986/1840
f 1986/1986/1840 1940/1940/1794 1987/1987/1841
f 1940/1940/1794 1941/1941/1795 1987/1987/1841
f 1987/1987/1841 1941/1941/1795 1988/1988/1842
f 1941/1941/1795 1942/1942/1796 1988/1988/1842
f 1988/1988/1842 1942/1942/1796 1989/1989/1843
f 1942/1942/1796 1943/1943/1797 1989/1989/1843
f 1943/1943/1797 1944/1944/1798 1989/1989/1843
f 1989/1989/1843 1944/1944/1798 1990/1990/1844
f 1944/1944/1798 1945/1945/1799 1990/1990/1844
f 1990/1990/1844 1945/1945/1799 1991/1991/1845
f 1945/1945/1799 1946/1946/1800 1991/1991/1845
f 1991/1991/1845 1946/1946/1800 1992/1992/1846
f 1946/1946/1800 1947/1947/1801 1992/1992/1846
f 1992/1992/1846 1947/1947/1801 1993/1993/1847
f 1947/1947/1801 1948/1948/1802 1993/1993/1847
f 1993/1993/1847 1948/1948/1802 1994/1994/1848
f 1948/1948/1802 1949/1949/1803 1994/1994/1848
f 1994/1994/1848 1949/1949/1803 1995/1995/1849
f 1949/1949/1803 1950/1950/1804 1995/1995/1849
f 1995/1995/1849 1950/1950/1804 1996/1996/1850
f 1950/1950/1804 1951/1951/1805 1996/1996/1850
f 1951/1951/1805 1952/1952/1806 1996/1996/1850
f 1996/1996/1850 1952/1952/1806 1997/1997/1851
f 1952/1952/1806 1953/1953/1807 1997/1997/1851
f 1997/1997/1851 1953/1953/1807 1998/1998/1852
f 1953/1953/1807 1954/1954/1808 1998/1998/1852
f 1998/1998/1852 1954/1954/1808 1999/1999/1853
f 1954/1954/1808 1955/1955/1809 1999/1999/1853
f 1999/1999/1853 1955/1955/1809 2000/2000/1854
f 1955/1955/1809 1956/1956/1810 2000/2000/1854
f 2000/2000/1854 1956/1956/1810 2001/2001/1855
f 1956/1956/1810 1957/1957/1811 2001/2001/1855
f 2001/2001/1855 1957/1957/1811 2002/2002/1856
f 1957/1957/1811 1958/1958/1812 2002/2002/1856
f 2002/2002/1856 1958/1958/1812 2003/2003/1857
f 1958/1958/1812 1959/1959/1813 2003/2003/1857
f 1959/1959/1813 1960/1960/1814 2003/2003/1857
f 2003/2003/1857 1960/1960/1814 2004/2004/1858
f 1960/1960/1814 1961/1961/1815 2004/2004/1858
f 2004/2004/1858 1961/1961/1815 2005/2005/1859
f 1961/1961/1815 1962/1962/1816 2005/2005/1859
f 2005/2005/1859 1962/1962/1816 2006/2006/1860
f 1962/1962/1816 1963/1963/1817 2006/2006/1860
f 2006/2006/1860 1963/1963/1817 2007/2007/1861
f 1963/1963/1817 1964/1964/1818 2007/2007/1861
f 2007/2007/1861 1964/1964/1818 2008/2008/1862
f 1964/1964/1818 1965/1965/1819 2008/2008/1862
f 2008/2008/1862 1965/1965/1819 2009/2009/1863
f 1965/1965/1819 1966/1966/1820 2009/2009/1863
f 2009/2009/1863 1966/1966/1820 2010/2010/1864
f 1966/1966/1820 1967/1967/1821 2010/2010/1864
f 1967/1967/1821 1968/1968/1822 2010/2010/1864
f 2010/2010/1864 1968/1968/1822 2011/2011/1865
f 1968/1968/1822 1969/1969/1823 2011/2011/1865
f 2011/2011/1865 1969/1969/1823 2012/2012/1866
f 1969/1969/1823 1970/1970/1824 2012/2012/1866
f 2012/2012/1866 1970/1970/1824 2013/2013/1867
f 1970/1970/1824 1971/1971/1825 2013/2013/1867
f 2013/2013/1867 1971/1971/1825 2014/2014/1868
f 1971/1971/1825 1972/1972/1826 2014/2014/1868
f 2014/2014/1868 1972/1972/1826 2015/2015/1869
f 1972/1972/1826 1973/1973/1827 2015/2015/1869
f 2015/2015/1869 1973/1973/1827 2016/2016/1870
f 1973/1973/1827 1974/1974/1828 2016/2016/1870
f 1974/1974/1828 1975/1975/1829 2016/2016/1870
f 2016/2016/1870 1975/1975/1829 2017/2017/1871
f 1975/1975/1829 1976/1976/1830 2017/2017/1871
f 2017/2017/1871 1976/1976/1830 2018/2018/1872
f 1976/1976/1830 1977/1977/1831 2018/2018/1872
f 2018/2018/1872 1977/1977/1831 2019/2019/1873
f 1977/1977/1831 1978/1978/1832 2019/2019/1873
f 2019/2019/1873 1978/1978/1832 2020/2020/1874
f 1978/1978/1832 1979/1979/1833 2020/2020/1874
f 2020/2020/1874 1979/1979/1833 2021/2021/1875
f 1979/1979/1833 1980/1980/1834 2021/2021/1875
f 2021/2021/1875 1980/1980/1834 2022/2022/1876
f 1980/1980/1834 1981/1981/1835 2022/2022/1876
f 2022/2022/1876 1981/1981/1835 2023/2023/1877
f 1981/1981/1835 1982/1982/1836 2023/2023/1877
f 1982/1982/1836 1983/1983/1837 2023/2023/1877
f 2023/2023/1877 1983/1983/1837 2024/2024/1878
f 1983/1983/1837 1984/1984/1838 2024/2024/1878
f 2024/2024/1878 1984/1984/1838 2025/2025/1879
f 1984/1984/1838 1985/1985/1839 2025/2025/1879
f 2025/2025/1879 1985/1985/1839 2026/2026/1880
f 1985/1985/1839 1986/1986/1840 2026/2026/1880
f 2026/2026/1880 1986/1986/1840 2027/2027/1881
f 1986/1986/1840 1987/1987/1841 2027/2027/1881
f 2027/2027/1881 1987/1987/1841 2028/2028/1882
f 1987/1987/1841 1988/1988/1842 2028/2028/1882
f 2028/2028/1882 1988/1988/1842 2029/2029/1883
f 1988/1988/1842 1989/1989/1843 2029/2029/1883
f 1989/1989/1843 1990/1990/1844 2029/2029/1883
f 2029/2029/1883 1990/1990/1844 2030/2030/1884
f 1990/1990/1844 1991/1991/1845 2030/2030/1884
f 2030/2030/1884 1991/1991/1845 2031/2031/1885
f 1991/1991/1845 1992/1992/1846 2031/2031/1885
f 2031/2031/1885 1992/1992/1846 2032/2032/1886
f 1992/1992/1846 1993/1993/1847 2032/2032/1886
f 2032/2032/1886 1993/1993/1847 2033/2033/1887
f 1993/1993/1847 1994/1994/1848 2033/2033/1887
f 2033/2033/1887 1994/1994/1848 2034/2034/1888
f 1994/1994/1848 1995/1995/1849 2034/2034/1888
f 2034/2034/1888 1995/1995/1849 2035/2035/1889
f 1995/1995/1849 1996/1996/1850 2035/2035/1889
f 1996/1996/1850 1997/1997/1851 2035/2035/1889
f 2035/2035/1889 1997/1997/1851 2036/2036/1890
f 1997/1997/1851 1998/1998/1852 2036/2036/1890
f 2036/2036/1890 1998/1998/1852 2037/2037/1891
f 1998/1998/1852 1999/1999/1853 2037/2037/1891
f 2037/2037/1891 1999/1999/1853 2038/2038/1892
f 1999/1999/1853 2000/2000/1854 2038/2038/1892
f 2038/2038/1892 2000/2000/1854 2039/2039/1893
f 2000/2000/1854 2001/2001/1855 2039/2039/1893
f 2039/2039/1893 2001/2001/1855 2040/2040/1894
f 2001/2001/1855 2002/2002/1856 2040/2040/1894
f 2040/2040/1894 2002/2002/1856 2041/2041/1895
f 2002/2002/1856 2003/2003/1857 2041/2041/1895
f 2003/2003/1857 2004/2004/1858 2041/2041/1895
f 2041/2041/1895 2004/2004/1858 2042/2042/1896
f 2004/2004/1858 2005/2005/1859 2042/2042/1896
f 2042/2042/1896 2005/2005/1859 2043/2043/1897
f 2005/2005/1859 2006/2006/1860 2043/2043/1897
f 2043/2043/1897 2006/2006/1860 2044/2044/1898
f 2006/2006/1860 2007/2007/1861 2044/2044/1898
f 2044/2044/1898 2007/2007/1861 2045/2045/1899
f 2007/2007/1861 2008/2008/1862 2045/2045/1899
f 2045/2045/1899 2008/2008/1862 2046/2046/1900
f 2008/2008/1862 2009/2009/1863 2046/2046/1900
f 2046/2046/1900 2009/2009/1863 2047/2047/1901
f 2009/2009/1863 2010/2010/1864 2047/2047/1901
f 2010/2010/1864 2011/2011/1865 2047/2047/1901
f 2047/2047/1901 2011/2011/1865 2048/2048/1902
f 2011/2011/1865 2012/2012/1866 2048/2048/1902
f 2048/2048/1902 2012/2012/1866 2049/2049/1903
f 2012/2012/1866 2013/2013/1867 2049/2049/1903
f 2049/2049/1903 2013/2013/1867 2050/2050/1904
f 2013/2013/1867 2014/2014/1868 2050/2050/1904
f 2050/2050/1904 2014/2014/1868 2051/2051/1905
f 2014/2014/1868 2015/2015/1869 2051/2051/1905
f 2051/2051/1905 2015/2015/1869 2052/2052/1906
f 2015/2015/1869 2016/2016/1870 2052/2052/1906
f 2016/2016/1870 2017/2017/1871 2052/2052/1906
f 2052/2052/1906 2017/2017/1871 2053/2053/1907
f 2017/2017/1871 2018/2018/1872 2053/2053/1907
f 2053/2053/1907 2018/2018/1872 2054/2054/1908
f 2018/2018/1872 2019/2019/1873 2054/2054/1908
f 2054/2054/1908 2019/2019/1873 2055/2055/1909
f 2019/2019/1873 2020/2020/1874 2055/2055/1909
f 2055/2055/1909 2020/2020/1874 2056/2056/1910
f 2020/2020/1874 2021/2021/1875 2056/2056/1910
f 2056/2056/1910 2021/2021/1875 2057/2057/1911
f 2021/2021/1875 2022/2022/1876 2057/2057/1911
f 2057/2057/1911 2022/2022/1876 2058/2058/1912
f 2022/2022/1876 2023/2023/1877 2058/2058/1912
f 2023/2023/1877 2024/2024/1878 2058/2058/1912
f 2058/2058/1912 2024/2024/1878 2059/2059/1913
f 2024/2024/1878 2025/2025/1879 2059/2059/1913
f 2059/2059/1913 2025/2025/1879 2060/2060/1914
f 2025/2025/1879 2026/2026/1880 2060/2060/1914
f 2060/2060/1914 2026/2026/1880 2061/2061/1915
f 2026/2026/1880 2027/2027/1881 2061/2061/1915
f 2061/2061/1915 2027/2027/1881 2062/2062/1916
f 2027/2027/1881 2028/2028/1882 2062/2062/1916
f 2062/2062/1916 2028/2028/1882 2063/2063/1917
f 2028/2028/1882 2029/2029/1883 2063/2063/1917
f 2029/2029/1883 2030/2030/1884 2063/2063/1917
f 2063/2063/1917 2030/2030/1884 2064/2064/1918
f 2030/2030/1884 2031/2031/1885 2064/2064/1918
f 2064/2064/1918 2031/2031/1885 2065/2065/1919
f 2031/2031/1885 2032/2032/1886 2065/2065/1919
f 2065/2065/1919 2032/2032/1886 2066/2066/1920
f 2032/2032/1886 2033/2033/1887 2066/2066/1920
f 2066/2066/1920 2033/2033/1887 2067/2067/1921
f 2033/2033/1887 2034/2034/1888 2067/2067/1921
f 2067/2067/1921 2034/2034/1888 2068/2068/1922
f 2034/2034/1888 2035/2035/1889 2068/2068/1922
f 2035/2035/1889 2036/2036/1890 2068/2068/1922
f 2068/2068/1922 2036/2036/1890 2069/2069/1923
f 2036/2036/1890 2037/2037/1891 2069/2069/1923
f 2069/2069/1923 2037/2037/1891 2070/2070/1924
f 2037/2037/1891 2038/2038/1892 2070/2070/1924
f 2070/2070/1924 2038/2038/1892 2071/2071/1925
f 2038/2038/1892 2039/2039/1893 2071/2071/1925
f 2071/2071/1925 2039/2039/1893 2072/2072/1926
f 2039/2039/1893 2040/2040/1894 2072/2072/1926
f 2072/2072/1926 2040/2040/1894 2073/2073/1927
f 2040/2040/1894 2041/2041/1895 2073/2073/1927
f 2041/2041/1895 2042/2042/1896 2073/2073/1927
f 2073/2073/1927 2042/2042/1896 2074/2074/1928
f 2042/2042/1896 2043/2043/1897 2074/2074/1928
f 2074/2074/1928 2043/2043/1897 2075/2075/1929
f 2043/2043/1897 2044/2044/1898 2075/2075/1929
f 2075/2075/1929 2044/2044/1898 2076/2076/1930
f 2044/2044/1898 2045/2045/1899 2076/2076/1930
f 2076/2076/1930 2045/2045/1899 2077/2077/1931
f 2045/2045/1899 2046/2046/1900 2077/2077/1931
f 2077/2077/1931 2046/2046/1900 2078/2078/1932
f 2046/2046/1900 2047/2047/1901 2078/2078/1932
f 2047/2047/1901 2048/2048/1902 2078/2078/1932
f 2078/2078/1932 2048/2048/1902 2079/2079/1933
f 2048/2048/1902 2049/2049/1903 2079/2079/1933
f 2079/2079/1933 2049/2049/1903 2080/2080/1934
f 2049/2049/1903 2050/2050/1904 2080/2080/1934
f 2080/2080/1934 2050/2050/1904 2081/2081/1935
f 2050/2050/1904 2051/2051/1905 2081/2081/1935
f 2081/2081/1935 2051/2051/1905 2082/2082/1936
f 2051/2051/1905 2052/2052/1906 2082/2082/1936
f 2052/2052/1906 2053/2053/1907 2082/2082/1936
f 2082/2082/1936 2053/2053/1907 2083/2083/1937
f 2053/2053/1907 2054/2054/1908 2083/2083/1937
f 2083/2083/1937 2054/2054/1908 2084/2084/1938
f 2054/2054/1908 2055/2055/1909 2084/2084/1938
f 2084/2084/1938 2055/2055/1909 2085/2085/1939
f 2055/2055/1909 2056/2056/1910 2085/2085/1939
f 2085/2085/1939 2056/2056/1910 2086/2086/1940
f 2056/2056/1910 2057/2057/1911 2086/2086/1940
f 2086/2086/1940 2057/2057/1911 2087/2087/1941
f 2057/2057/1911 2058/2058/1912 2087/2087/1941
f 2058/2058/1912 2059/2059/1913 2087/2087/1941
f 2087/2087/1941 2059/2059/1913 2088/2088/1942
f 2059/2059/1913 2060/2060/1914 2088/2088/1942
f 2088/2088/1942 2060/2060/1914 2089/2089/1943
f 2060/2060/1914 2061/2061/1915 2089/2089/1943
f 2089/2089/1943 2061/2061/1915 2090/2090/1944
f 2061/2061/1915 2062/2062/1916 2090/2090/1944
f 2090/2090/1944 2062/2062/1916 2091/2091/1945
f 2062/2062/1916 2063/2063/1917 2091/2091/1945
f 2063/2063/1917 2064/2064/1918 2091/2091/1945
f 2091/2091/1945 2064/2064/1918 2092/2092/1946
f 2064/2064/1918 2065/2065/1919 2092/2092/1946
f 2092/2092/1946 2065/2065/1919 2093/2093/1947
f 2065/2065/1919 2066/2066/1920 2093/2093/1947
f 2093/2093/1947 2066/2066/1920 2094/2094/1948
f 2066/2066/1920 2067/2067/1921 2094/2094/1948
f 2094/2094/1948 2067/2067/1921 2095/2095/1949
f 2067/2067/1921 2068/2068/1922 2095/2095/1949
f 2068/2068/1922 2069/2069/1923 2095/2095/1949
f 2095/2095/1949 2069/2069/1923 2096/2096/1950
f 2069/2069/1923 2070/2070/1924 2096/2096/1950
f 2096/2096/1950 2070/2070/1924 2097/2097/1951
f 2070/2070/1924 2071/2071/1925 2097/2097/1951
f 2097/2097/1951 2071/2071/1925 2098/2098/1952
f 2071/2071/1925 2072/2072/1926 2098/2098/1952
f 2098/2098/1952 2072/2072/1926 2099/2099/1953
f 2072/2072/1926 2073/2073/1927 2099/2099/1953
f 2073/2073/1927 2074/2074/1928 2099/2099/1953
f 2099/2099/1953 2074/2074/1928 2100/2100/1954
f 2074/2074/1928 2075/2075/1929 2100/2100/1954
f 2100/2100/1954 2075/2075/1929 2101/2101/1955
f 2075/2075/1929 2076/2076/1930 2101/2101/1955
f 2101/2101/1955 2076/2076/1930 2102/2102/1956
f 2076/2076/1930 2077/2077/1931 2102/2102/1956
f 2102/2102/1956 2077/2077/1931 2103/2103/1957
f 2077/2077/1931 2078/2078/1932 2103/2103/1957
f 2078/2078/1932 2079/2079/1933 2103/2103/1957
f 2103/2103/1957 2079/2079/1933 2104/2104/1958
f 2079/2079/1933 2080/2080/1934 2104/2104/1958
f 2104/2104/1958 2080/2080/1934 2105/2105/1959
f 2080/2080/1934 2081/2081/1935 2105/2105/1959
f 2105/2105/1959 2081/2081/1935 2106/2106/1960
f 2081/2081/1935 2082/2082/1936 2106/2106/1960
f 2082/2082/1936 2083/2083/1937 2106/2106/1960
f 2106/2106/1960 2083/2083/1937 2107/2107/1961
f 2083/2083/1937 2084/2084/1938 2107/2107/1961
f 2107/2107/1961 2084/2084/1938 2108/2108/1962
f 2084/2084/1938 2085/2085/1939 2108/2108/1962
f 2108/2108/1962 2085/2085/1939 2109/2109/1963
f 2085/2085/1939 2086/2086/1940 2109/2109/1963
f 2109/2109/1963 2086/2086/1940 2110/2110/1964
f 2086/2086/1940 2087/2087/1941 2110/2110/1964
f 2087/2087/1941 2088/2088/1942 2110/2110/1964
f 2110/2110/1964 2088/2088/1942 2111/2111/1965
f 2088/2088/1942 2089/2089/1943 2111/2111/1965
f 2111/2111/1965 2089/2089/1943 2112/2112/1966
f 2089/2089/1943 2090/2090/1944 2112/2112/1966
f 2112/2112/1966 2090/2090/1944 2113/2113/1967
f 2090/2090/1944 2091/2091/1945 2113/2113/1967
f 2091/2091/1945 2092/2092/1946 2113/2113/1967
f 2113/2113/1967 2092/2092/1946 2114/2114/1968
f 2092/2092/1946 2093/2093/1947 2114/2114/1968
f 2114/2114/1968 2093/2093/1947 2115/2115/1969
f 2093/2093/1947 2094/2094/1948 2115/2115/1969
f 2115/2115/1969 2094/2094/1948 2116/2116/1970
f 2094/2094/1948 2095/2095/1949 2116/2116/1970
f 2095/2095/1949 2096/2096/1950 2116/2116/1970
f 2116/2116/1970 2096/2096/1950 2117/2117/1971
f 2096/2096/1950 2097/2097/1951 2117/2117/1971
f 2117/2117/1971 2097/2097/1951 2118/2118/1972
f 2097/2097/1951 2098/2098/1952 2118/2118/1972
f 2118/2118/1972 2098/2098/1952 2119/2119/1973
f 2098/2098/1952 2099/2099/1953 2119/2119/1973
f 2099/2099/1953 2100/2100/1954 2119/2119/1973
f 2119/2119/1973 2100/2100/1954 2120/2120/1974
f 2100/2100/1954 2101/2101/1955 2120/2120/1974
f 2120/2120/1974 2101/2101/1955 2121/2121/1975
f 2101/2101/1955 2102/2102/1956 2121/2121/1975
f 2121/2121/1975 2102/2102/1956 2122/2122/1976
f 2102/2102/1956 2103/2103/1957 2122/2122/1976
f 2103/2103/1957 2104/2104/1958 2122/2122/1976
f 2122/2122/1976 2104/2104/1958 2123/2123/1977
f 2104/2104/1958 2105/2105/1959 2123/2123/1977
f 2123/2123/1977 2105/2105/1959 2124/2124/1978
f 2105/2105/1959 2106/2106/1960 2124/2124/1978
f 2106/2106/1960 2107/2107/1961 2124/2124/1978
f 2124/2124/1978 2107/2107/1961 2125/2125/1979
f 2107/2107/1961 2108/2108/1962 2125/2125/1979
f 2125/2125/1979 2108/2108/1962 2126/2126/1980
f 2108/2108/1962 2109/2109/1963 2126/2126/1980
f 2126/2126/1980 2109/2109/1963 2127/2127/1981
f 2109/2109/1963 2110/2110/1964 2127/2127/1981
f 2110/2110/1964 2111/2111/1965 2127/2127/1981
f 2127/2127/1981 2111/2111/1965 2128/2128/1982
f 2111/2111/1965 2112/2112/1966 2128/2128/1982
f 2128/2128/1982 2112/2112/1966 2129/2129/1983
f 2112/2112/1966 2113/2113/1967 2129/2129/1983
f 2113/2113/1967 2114/2114/1968 2129/2129/1983
f 2129/2129/1983 2114/2114/1968 2130/2130/1984
f 2114/2114/1968 2115/2115/1969 2130/2130/1984
f 2130/2130/1984 2115/2115/1969 2131/2131/1985
f 2115/2115/1969 2116/2116/1970 2131/2131/1985
f 2116/2116/1970 2117/2117/1971 2131/2131/1985
f 2131/2131/1985 2117/2117/1971 2132/2132/1986
f 2117/2117/1971 2118/2118/1972 2132/2132/1986
f 2132/2132/1986 2118/2118/1972 2133/2133/1987
f 2118/2118/1972 2119/2119/1973 2133/2133/1987
f 2119/2119/1973 2120/2120/1974 2133/2133/1987
f 2133/2133/1987 2120/2120/1974 2134/2134/1988
f 2120/2120/1974 2121/2121/1975 2134/2134/1988
f 2134/2134/1988 2121/2121/1975 2135/2135/1989
f 2121/2121/1975 2122/2122/1976 2135/2135/1989
f 2122/2122/1976 2123/2123/1977 2135/2135/1989
f 2135/2135/1989 2123/2123/1977 2136/2136/1990
f 2123/2123/1977 2124/2124/1978 2136/2136/1990
f 2124/2124/1978 2125/2125/1979 2136/2136/1990
f 2136/2136/1990 2125/2125/1979 2137/2137/1991
f 2125/2125/1979 2126/2126/1980 2137/2137/1991
f 2137/2137/1991 2126/2126/1980 2138/2138/1992
f 2126/2126/1980 2127/2127/1981 2138/2138/1992
f 2127/2127/1981 2128/2128/1982 2138/2138/1992
f 2138/2138/1992 2128/2128/1982 2139/2139/1993
f 2128/2128/1982 2129/2129/1983 2139/2139/1993
f 2129/2129/1983 2130/2130/1984 2139/2139/1993
f 2139/2139/1993 2130/2130/1984 2140/2140/1994
f 2130/2130/1984 2131/2131/1985 2140/2140/1994
f 2131/2131/1985 2132/2132/1986 2140/2140/1994
f 2140/2140/1994 2132/2132/1986 2141/2141/1995
f 2132/2132/1986 2133/2133/1987 2141/2141/1995
f 2133/2133/1987 2134/2134/1988 2141/2141/1995
f 2141/2141/1995 2134/2134/1988 2142/2142/1996
f 2134/2134/1988 2135/2135/1989 2142/2142/1996
f 2135/2135/1989 2136/2136/1990 2142/2142/1996
f 2136/2136/1990 2137/2137/1991 2142/2142/1996
f 2142/2142/1996 2137/2137/1991 2143/2143/1997
f 2137/2137/1991 2138/2138/1992 2143/2143/1997
f 2138/2138/1992 2139/2139/1993 2143/2143/1997
f 2139/2139/1993 2140/2140/1994 2143/2143/1997
f 2140/2140/1994 2141/2141/1995 2143/2143/1997
f 2142/2142/1996 2143/2143/1997 2141/2141/1995
